1000,Inga,Karol,2006-03-24,Polska,Rumia,al. Ogrodowa 280,inga5501karol_5501@interia.pl,+48 888 082 380
1001,Aleksander,Nowrot,1997-06-21,Polska,Zielona Góra,ul. Topolowa 30/11,aleksander886nowrot@gmail.com,+48 785 086 289
1002,Arkadiusz,Trochim,2001-06-02,Polska,Szczecin,ul. Morcinka 44/09,trochim-arkadiusz860@gmail.com,+48 699 451 532
1003,Fabian,Płócienniczak,2000-05-27,Polska,Zamość,ul. Orzeszkowej 810,fabian4114pocienniczak@gmail.com,+48 729 999 659
1004,Iwo,Kudra,2004-01-28,Polska,Koło,pl. Wysoka 781,iwo5321kudra@gmail.com,+48 787 735 485
1005,Marcelina,Ważny,2003-06-02,Polska,Polkowice,aleja Chmielna 93,marcelina_wazny@yahoo.com,+48 539 764 936
1006,Borys,Bork,2002-02-16,Polska,Lubin,ul. Zielona 89/56,borys2687bork@gmail.com,+48 575 698 997
1007,Anastazja,Obiała,1974-05-22,Polska,Augustów,pl. Bukowa 428,anastazja87obiaa@gmail.com,+48 697 075 416
1008,Natan,Famuła,1982-09-28,Polska,Biłgoraj,al. Kochanowskiego 07/13,natan_famua@wp.pl,+48 577 267 780
1009,Jeremi,Paśnik,1987-03-02,Polska,Szczecinek,aleja Willowa 650,pasnik_jeremi@yahoo.com,+48 886 187 465
1010,Krystyna,Jałowiec,2005-05-11,Polska,Ostrów Wielkopolski,aleja Rejtana 48,jaowiec_krystyna@gmail.com,+48 22 200 77 65
1011,Ksawery,Ścieszka,2001-08-29,Polska,Gdynia,ulica Nadrzeczna 06,scieszka_ksawery6439@gmail.com,+48 668 407 934
1012,Tobiasz,Rurarz,2006-12-01,Polska,Ostrów Mazowiecka,ulica Sienkiewicza 48/15,tobiasz.rurarz@interia.pl,+48 799 233 210
1013,Alan,Matyjas,1994-09-16,Polska,Ruda Śląska,ul. Rzemieślnicza 08,alan-matyjas@outlook.com,+48 695 728 261
1014,Mateusz,Pasiut,2004-12-04,Polska,Świecie,pl. Polna 04,mateusz.pasiut@interia.pl,+48 606 582 559
1015,Dorota,Trochim,1966-11-11,Polska,Opole,plac Żeglarska 88,dorota5381trochim@yahoo.com,+48 723 346 857
1016,Artur,Kupaj,2001-04-30,Polska,Mielec,aleja Środkowa 147,artur9969kupaj-9969@wp.pl,+48 32 173 72 53
1017,Dominik,Piwowarek,1999-06-28,Polska,Ełk,pl. Staffa 61,dominik5519piwowarek@outlook.com,+48 791 972 662
1018,Maurycy,Chudoba,1994-06-23,Polska,Koło,ul. Morcinka 071,maurycy4657chudoba_4657@gmail.com,+48 575 373 363
1019,Anita,Kuszyk,1983-07-06,Polska,Środa Wielkopolska,pl. Rejtana 91/41,anita-kuszyk@interia.pl,+48 502 360 190
1020,Jan,Łyś,2001-11-07,Polska,Skawina,aleja Widokowa 91/67,jan3446ys.3446@wp.pl,+48 22 173 87 49
1021,Mikołaj,Graban,1998-12-19,Polska,Mysłowice,aleja Tysiąclecia 08/15,graban.mikoaj7975@outlook.com,+48 784 928 216
1022,Adrian,Panasewicz,2003-02-09,Polska,Oleśnica,plac Hallera 65,panasewicz.adrian519@wp.pl,+48 729 365 370
1023,Oliwier,Jarmużek,1999-03-20,Polska,Zawiercie,aleja Mała 300,oliwier9809jarmuzek@interia.pl,+48 666 135 292
1024,Dagmara,Czupryn,1971-07-25,Polska,Wałbrzych,aleja Sosnowa 31/63,czupryn_dagmara@wp.pl,+48 693 179 727
1025,Hubert,Domżał,2004-04-01,Polska,Leszno,pl. Fiołkowa 74,hubert-domza@gmail.com,+48 797 572 489
1026,Agnieszka,Chomik,1997-07-26,Polska,Zgorzelec,ulica Źródlana 394,agnieszka7904chomik.7904@gmail.com,+48 533 642 645
1027,Szymon,Pompa,2002-08-06,Polska,Koszalin,aleja Akacjowa 83/12,pompa-szymon@gmail.com,+48 727 925 106
1028,Nicole,Dylong,1994-02-19,Polska,Wyszków,al. Myśliwska 35,nicole5170dylong@gmail.com,+48 799 407 165
1029,Oskar,Stroka,2004-04-22,Polska,Chełm,plac Kolonia 06/20,oskar_stroka@wp.pl,+48 574 660 474
1030,Maciej,Makaruk,1999-12-23,Polska,Radom,plac Stefana Batorego 75,makaruk.maciej820@gmail.com,+48 602 996 713
1031,Inga,Starostka,1997-03-10,Polska,Świnoujście,al. Władysława Jagiełły 43,starostka_inga@interia.pl,+48 22 088 68 31
1032,Ksawery,Lisak,2006-08-07,Polska,Wrocław,plac Sportowa 95/49,ksawery3210lisak-3210@yahoo.com,+48 798 883 608
1033,Marcelina,Trzos,2000-04-17,Polska,Piła,ulica Wyspiańskiego 56/28,marcelina.trzos@gmail.com,+48 889 268 084
1034,Adrianna,Beker,1988-05-08,Polska,Gorzów Wielkopolski,pl. Sokola 03,beker.adrianna103@gmail.com,+48 32 317 42 92
1035,Marcelina,Fularczyk,2001-04-16,Polska,Stargard Szczeciński,al. Osiedlowa 168,marcelina5234fularczyk@wp.pl,+48 787 878 064
1036,Cezary,Bok,2003-05-03,Polska,Pruszcz Gdański,aleja Traugutta 96,bok_cezary@gmail.com,+48 665 963 250
1037,Ewelina,Samoraj,1999-05-21,Polska,Grodzisk Mazowiecki,ulica Topolowa 00/94,ewelina1132samoraj@interia.pl,+48 506 553 567
1038,Jerzy,Sztuczka,1999-07-13,Polska,Radom,al. Polna 73,sztuczka-jerzy@interia.pl,+48 732 479 797
1039,Melania,Patrzałek,1959-11-05,Polska,Zawiercie,al. Zbożowa 05/37,patrzaek_melania@gmail.com,+48 22 560 52 36
1040,Adrian,Kubina,2002-07-04,Polska,Radomsko,plac Kasztanowa 42,adrian3233kubina@wp.pl,+48 537 417 844
1041,Adam,Żach,2000-06-18,Polska,Kielce,aleja Strumykowa 40/38,adam7319zach@wp.pl,+48 514 662 259
1042,Aniela,Basista,1980-12-01,Polska,Grodzisk Mazowiecki,aleja Młyńska 620,aniela-basista@wp.pl,+48 887 434 436
1043,Eryk,Spadło,2006-11-05,Polska,Łowicz,ulica Lisia 278,eryk9056spado@wp.pl,+48 737 086 146
1044,Maksymilian,Kochanowicz,2005-05-01,Polska,Goleniów,al. Dębowa 47,maksymilian-kochanowicz@yahoo.com,+48 32 622 10 24
1045,Janina,Odrzywołek,1994-08-26,Polska,Wągrowiec,plac Rolna 011,odrzywoek.janina5279@gmail.com,+48 788 774 717
1046,Rozalia,Kupś,1976-04-12,Polska,Dzierżoniów,ul. Agrestowa 05,kups.rozalia@interia.pl,+48 781 863 754
1047,Paweł,Przewoźniak,2004-11-21,Polska,Bielsk Podlaski,al. Grzybowa 43,pawe2946przewozniak@gmail.com,+48 505 113 698
1048,Urszula,Michnik,2001-12-10,Polska,Przemyśl,plac Dworcowa 15/96,urszula9256michnik-9256@wp.pl,+48 695 504 283
1049,Anna Maria,Kurczak,2006-08-12,Polska,Jasło,aleja Skrajna 67/47,annamaria2501kurczak@interia.pl,+48 508 276 981
1050,Leon,Betka,1995-07-27,Polska,Bielsk Podlaski,ulica Żeromskiego 79/29,leon5784betka.5784@interia.pl,+48 503 425 066
1051,Damian,Chachaj,2002-05-23,Polska,Chorzów,ul. Bolesława Krzywoustego 496,chachaj_damian6888@gmail.com,+48 515 888 636
1052,Gaja,Kloska,1984-11-30,Polska,Skarżysko-Kamienna,pl. Rynek 00,kloska-gaja@outlook.com,+48 508 566 190
1053,Angelika,Szyjka,2004-11-18,Polska,Jarocin,plac Błękitna 72,angelika.szyjka@gmail.com,+48 512 377 364
1054,Oliwier,Armata,1995-11-19,Polska,Świebodzice,pl. Podwale 618,oliwier9528armata-9528@yahoo.com,+48 784 333 805
1055,Nela,Kanik,1994-01-18,Polska,Myszków,aleja Rybacka 95,kanik.nela3830@yahoo.com,+48 579 209 191
1056,Leonard,Fojt,1987-04-08,Polska,Starogard Gdański,aleja Orla 51/56,fojt.leonard2487@interia.pl,+48 577 549 779
1057,Artur,Piechura,2004-04-07,Polska,Kłodzko,al. Brzozowa 44/59,artur4645piechura@gmail.com,+48 738 992 176
1058,Urszula,Dziewior,1994-01-24,Polska,Wieluń,ul. Brzechwy 242,dziewior.urszula3323@gmail.com,+48 531 789 845
1059,Robert,Maszota,2005-07-13,Polska,Jelenia Góra,plac Sportowa 50,maszota.robert@gmail.com,+48 889 721 368
1060,Dawid,Maciejewicz,1982-04-01,Polska,Jasło,pl. Dąbrowskiego 70,maciejewicz-dawid@wp.pl,+48 690 158 722
1061,Daniel,Gajdzik,2004-08-06,Polska,Świętochłowice,pl. Solidarnosci 816,daniel1635gajdzik@gmail.com,+48 573 182 472
1062,Wojciech,Kamieniak,1998-12-31,Polska,Nowy Dwór Mazowiecki,ulica Nałkowskiej 91/53,kamieniak.wojciech8445@outlook.com,+48 691 576 078
1063,Marcelina,Zadora,2000-07-07,Polska,Sopot,pl. Koralowa 346,marcelina.zadora@interia.pl,+48 726 303 545
1064,Filip,Jędra,1991-08-11,Polska,Bielawa,ulica Opolska 23,jedra-filip1686@interia.pl,+48 722 471 897
1065,Kazimierz,Henke,2006-12-06,Polska,Bolesławiec,ul. Grzybowa 054,henke_kazimierz5133@gmail.com,+48 729 527 058
1066,Szymon,Humeniuk,1998-01-26,Polska,Włocławek,pl. Szeroka 41,humeniuk-szymon@wp.pl,+48 795 854 153
1067,Bianka,Jankowicz,2001-10-19,Polska,Tczew,ul. Podwale 22,bianka_jankowicz@outlook.com,+48 607 739 639
1068,Józef,Nalewajek,2005-08-22,Polska,Świdnik,aleja Miodowa 88,nalewajek.jozef@yahoo.com,+48 602 850 903
1069,Natan,Nowotny,1959-05-22,Polska,Jarocin,plac Skrajna 268,nowotny_natan@yahoo.com,+48 575 030 038
1070,Fryderyk,Aleksandrzak,2000-08-14,Polska,Częstochowa,ulica Kalinowa 16/56,fryderyk4688aleksandrzak@gmail.com,+48 735 988 265
1071,Sara,Leśny,2004-09-12,Polska,Starogard Gdański,pl. Jasna 37/78,sara8639lesny-8639@gmail.com,+48 733 790 481
1072,Ida,Skomra,1983-04-23,Polska,Toruń,al. Słonecznikowa 754,ida3978skomra.3978@wp.pl,+48 535 723 288
1073,Kazimierz,Dudkowiak,2003-08-28,Polska,Wodzisław Śląski,plac Konwaliowa 460,dudkowiak-kazimierz959@gmail.com,+48 32 030 82 51
1074,Elżbieta,Halama,2002-05-02,Polska,Pszczyna,ul. Młyńska 46/23,halama-elzbieta@outlook.com,+48 572 611 635
1075,Dorota,Bodziony,2004-04-15,Polska,Starachowice,al. Śląska 07/15,bodziony.dorota@interia.pl,+48 509 792 403
1076,Jacek,Burchardt,1968-12-16,Polska,Świecie,aleja Kossaka 35/46,jacek8384burchardt@outlook.com,+48 608 550 773
1077,Hubert,Hutnik,1999-01-02,Polska,Ostrów Mazowiecka,plac Żabia 80,hubert-hutnik@gmail.com,+48 883 442 035
1078,Stefan,Kaja,2000-01-23,Polska,Łowicz,pl. Słowicza 09/09,kaja_stefan@interia.pl,+48 664 573 781
1079,Tobiasz,Kłysz,1994-09-10,Polska,Koszalin,ul. Podgórna 89,kysz.tobiasz857@yahoo.com,+48 888 797 963
1080,Nicole,Poniedziałek,2004-02-05,Polska,Białogard,plac Jeżynowa 28,nicole_poniedziaek@outlook.com,+48 22 095 64 51
1081,Antoni,Graboś,2001-01-10,Polska,Piła,ulica Wybickiego 385,antoni1559grabos@yahoo.com,+48 516 594 047
1082,Olga,Haremza,2004-10-29,Polska,Głogów,aleja Młyńska 23,olga.haremza@gmail.com,+48 739 010 301
1083,Alex,Krajniak,1997-10-11,Polska,Legnica,pl. Agrestowa 590,alex-krajniak@outlook.com,+48 668 022 243
1084,Kaja,Mierzwiak,1996-10-07,Polska,Warszawa,pl. Sosnowa 312,kaja1897mierzwiak@gmail.com,+48 725 347 194
1085,Julianna,Anders,1994-03-29,Polska,Ełk,ul. Poznańska 34/94,anders_julianna5040@wp.pl,+48 793 306 400
1086,Ksawery,Bździuch,2003-12-28,Polska,Bełchatów,aleja Wyszyńskiego 85/90,ksawery-bzdziuch@interia.pl,+48 735 105 610
1087,Jerzy,Hinca,1998-06-06,Polska,Mysłowice,plac Rajska 11,jerzy1381hinca@yahoo.com,+48 693 852 378
1088,Dorota,Rapa,2000-05-16,Polska,Pszczyna,ul. Widok 50,rapa_dorota4492@yahoo.com,+48 663 267 044
1089,Anastazja,Nazar,2005-10-01,Polska,Elbląg,al. Boczna 72/45,nazar-anastazja2304@yahoo.com,+48 503 686 017
1090,Oskar,Mainka,1987-09-23,Polska,Rumia,ulica Niecała 62/15,oskar2885mainka_2885@gmail.com,+48 576 578 737
1091,Adrian,Witan,2003-11-30,Polska,Kościerzyna,aleja Kielecka 28/78,witan_adrian@wp.pl,+48 32 454 54 98
1092,Damian,Czesak,1988-02-27,Polska,Otwock,pl. Gajowa 485,czesak_damian6936@gmail.com,+48 532 257 432
1093,Nela,Bors,2006-05-21,Polska,Nowa Sól,ul. Klasztorna 27/16,bors_nela@interia.pl,+48 605 005 247
1094,Arkadiusz,Fąferek,1980-05-30,Polska,Jaworzno,ulica Lipowa 191,arkadiusz9332faferek@interia.pl,+48 736 178 733
1095,Urszula,Kosałka,1986-03-25,Polska,Tomaszów Mazowiecki,pl. Nowa 37,kosaka-urszula@gmail.com,+48 575 882 605
1096,Alex,Święs,2003-02-04,Polska,Elbląg,aleja Przemysłowa 59/83,swies_alex5318@wp.pl,+48 693 059 269
1097,Olgierd,Ciołczyk,2004-03-24,Polska,Elbląg,plac Majowa 86/17,olgierd7494cioczyk.7494@wp.pl,+48 513 070 068
1098,Elżbieta,Janka,1998-03-31,Polska,Kętrzyn,aleja Browarna 04,elzbieta.janka@wp.pl,+48 536 232 058
1099,Tobiasz,Bruzda,1993-05-02,Polska,Tczew,ul. Brzechwy 44/72,tobiasz_bruzda@gmail.com,+48 736 322 972
