1,2646,3,2023-10-01,2024-01-20
1,4704,3,2023-10-01,2024-01-20
1,3037,3,2023-10-01,2024-01-20
1,2167,3,2023-10-01,2024-01-20
1,5876,3,2023-10-01,2024-01-20
1,4610,3,2023-10-01,2024-01-20
1,1890,3,2023-10-01,2024-01-20
1,5211,3,2023-10-01,2024-01-20
1,4591,3,2023-10-01,2024-01-20
1,1293,3,2023-10-01,2024-01-20
1,1798,3,2023-10-01,2024-01-20
1,3562,3,2023-10-01,2024-01-20
1,4325,3,2023-10-01,2024-01-20
1,3128,3,2023-10-01,2024-01-20
1,3030,3,2023-10-01,2024-01-20
1,1826,3,2023-10-01,2024-01-20
1,1147,3,2023-10-01,2024-01-20
1,4914,3,2023-10-01,2024-01-20
1,4135,3,2023-10-01,2024-01-20
1,1919,3,2023-10-01,2024-01-20
1,2780,3,2023-10-01,2024-01-20
1,3220,3,2023-10-01,2024-01-20
1,3940,3,2023-10-01,2024-01-20
1,1228,3,2023-10-01,2024-01-20
1,2089,3,2023-10-01,2024-01-20
1,5693,3,2023-10-01,2024-01-20
1,5947,3,2023-10-01,2024-01-20
1,5837,3,2023-10-01,2024-01-20
1,4741,3,2023-10-01,2024-01-20
1,5731,3,2023-10-01,2024-01-20
1,3398,3,2023-10-01,2024-01-20
1,5071,3,2023-10-01,2024-01-20
1,2644,3,2023-10-01,2024-01-20
1,4522,3,2023-10-01,2024-01-20
1,5909,3,2023-10-01,2024-01-20
1,1348,3,2023-10-01,2024-01-20
1,5319,3,2023-10-01,2024-01-20
1,2929,3,2023-10-01,2024-01-20
1,4905,3,2023-10-01,2024-01-20
1,3572,3,2023-10-01,2024-01-20
1,1667,3,2023-10-01,2024-01-20
1,2412,3,2023-10-01,2024-01-20
1,5000,3,2023-10-01,2024-01-20
1,1227,3,2023-10-01,2024-01-20
1,5846,3,2023-10-01,2024-01-20
1,4936,3,2023-10-01,2024-01-20
1,3841,3,2023-10-01,2024-01-20
1,3118,3,2023-10-01,2024-01-20
1,5027,3,2023-10-01,2024-01-20
1,5232,3,2023-10-01,2024-01-20
1,3583,3,2023-10-01,2024-01-20
1,1718,3,2023-10-01,2024-01-20
1,1434,3,2023-10-01,2024-01-20
1,4397,3,2023-10-01,2024-01-20
1,1998,3,2023-10-01,2024-01-20
1,5156,3,2023-10-01,2024-01-20
1,4871,3,2023-10-01,2024-01-20
1,2922,3,2023-10-01,2024-01-20
1,5777,3,2023-10-01,2024-01-20
1,3836,3,2023-10-01,2024-01-20
1,1186,3,2023-10-01,2024-01-20
1,2588,3,2023-10-01,2024-01-20
1,5225,3,2023-10-01,2024-01-20
1,2702,3,2023-10-01,2024-01-20
1,3693,3,2023-10-01,2024-01-20
1,4965,3,2023-10-01,2024-01-20
1,4951,3,2023-10-01,2024-01-20
1,4305,3,2023-10-01,2024-01-20
1,2437,3,2023-10-01,2024-01-20
1,4745,3,2023-10-01,2024-01-20
1,5849,3,2023-10-01,2024-01-20
1,4042,3,2023-10-01,2024-01-20
1,3808,3,2023-10-01,2024-01-20
1,4466,3,2023-10-01,2024-01-20
1,4566,3,2023-10-01,2024-01-20
1,1441,3,2023-10-01,2024-01-20
1,1279,3,2023-10-01,2024-01-20
1,4580,3,2023-10-01,2024-01-20
1,4792,3,2023-10-01,2024-01-20
1,5337,3,2023-10-01,2024-01-20
1,5700,3,2023-10-01,2024-01-20
1,3712,3,2023-10-01,2024-01-20
1,2734,3,2023-10-01,2024-01-20
1,5997,3,2023-10-01,2024-01-20
1,2561,3,2023-10-01,2024-01-20
1,5472,3,2023-10-01,2024-01-20
1,1792,1,2023-10-01,2024-01-20
1,1792,2,2024-02-10,2024-06-20
1,1792,3,2024-10-01,
1,3028,1,2023-10-01,2024-01-20
1,3028,2,2024-02-10,2024-06-20
1,3028,3,2024-10-01,
1,3419,1,2023-10-01,2024-01-20
1,3419,2,2024-02-10,2024-06-20
1,3419,3,2024-10-01,
1,2511,1,2023-10-01,2024-01-20
1,2511,2,2024-02-10,2024-06-20
1,2511,3,2024-10-01,
1,4411,1,2023-10-01,2024-01-20
1,4411,2,2024-02-10,2024-06-20
1,4411,3,2024-10-01,
1,1121,1,2023-10-01,2024-01-20
1,1121,2,2024-02-10,2024-06-20
1,1121,3,2024-10-01,
1,2884,1,2023-10-01,2024-01-20
1,2884,2,2024-02-10,2024-06-20
1,2884,3,2024-10-01,
1,3193,1,2023-10-01,2024-01-20
1,3193,2,2024-02-10,2024-06-20
1,3193,3,2024-10-01,
1,2842,1,2023-10-01,2024-01-20
1,2842,2,2024-02-10,2024-06-20
1,2842,3,2024-10-01,
1,4945,1,2023-10-01,2024-01-20
1,4945,2,2024-02-10,2024-06-20
1,4945,3,2024-10-01,
1,5678,1,2023-10-01,2024-01-20
1,5678,2,2024-02-10,2024-06-20
1,5678,3,2024-10-01,
1,3046,1,2023-10-01,2024-01-20
1,3046,2,2024-02-10,2024-06-20
1,3046,3,2024-10-01,
1,5492,1,2023-10-01,2024-01-20
1,5492,2,2024-02-10,2024-06-20
1,5492,3,2024-10-01,
1,2385,1,2023-10-01,2024-01-20
1,2385,2,2024-02-10,2024-06-20
1,2385,3,2024-10-01,
1,4775,1,2023-10-01,2024-01-20
1,4775,2,2024-02-10,2024-06-20
1,4775,3,2024-10-01,
1,4824,1,2023-10-01,2024-01-20
1,4824,2,2024-02-10,2024-06-20
1,4824,3,2024-10-01,
1,2208,1,2023-10-01,2024-01-20
1,2208,2,2024-02-10,2024-06-20
1,2208,3,2024-10-01,
1,4848,1,2023-10-01,2024-01-20
1,4848,2,2024-02-10,2024-06-20
1,4848,3,2024-10-01,
1,4898,1,2023-10-01,2024-01-20
1,4898,2,2024-02-10,2024-06-20
1,4898,3,2024-10-01,
1,1609,1,2023-10-01,2024-01-20
1,1609,2,2024-02-10,2024-06-20
1,1609,3,2024-10-01,
1,1052,1,2023-10-01,2024-01-20
1,1052,2,2024-02-10,2024-06-20
1,1052,3,2024-10-01,
1,2972,1,2023-10-01,2024-01-20
1,2972,2,2024-02-10,2024-06-20
1,2972,3,2024-10-01,
1,5520,1,2023-10-01,2024-01-20
1,5520,2,2024-02-10,2024-06-20
1,5520,3,2024-10-01,
1,2848,1,2023-10-01,2024-01-20
1,2848,2,2024-02-10,2024-06-20
1,2848,3,2024-10-01,
1,2344,1,2023-10-01,2024-01-20
1,2344,2,2024-02-10,2024-06-20
1,2344,3,2024-10-01,
1,4513,1,2023-10-01,2024-01-20
1,4513,2,2024-02-10,2024-06-20
1,4513,3,2024-10-01,
1,1747,1,2023-10-01,2024-01-20
1,1747,2,2024-02-10,2024-06-20
1,1747,3,2024-10-01,
1,3591,1,2023-10-01,2024-01-20
1,3591,2,2024-02-10,2024-06-20
1,3591,3,2024-10-01,
1,3375,1,2023-10-01,2024-01-20
1,3375,2,2024-02-10,2024-06-20
1,3375,3,2024-10-01,
1,4073,1,2023-10-01,2024-01-20
1,4073,2,2024-02-10,2024-06-20
1,4073,3,2024-10-01,
1,1965,1,2023-10-01,2024-01-20
1,1965,2,2024-02-10,2024-06-20
1,1965,3,2024-10-01,
1,5402,1,2023-10-01,2024-01-20
1,5402,2,2024-02-10,2024-06-20
1,5402,3,2024-10-01,
1,4530,1,2023-10-01,2024-01-20
1,4530,2,2024-02-10,2024-06-20
1,4530,3,2024-10-01,
1,1836,1,2023-10-01,2024-01-20
1,1836,2,2024-02-10,2024-06-20
1,1836,3,2024-10-01,
1,2300,1,2023-10-01,2024-01-20
1,2300,2,2024-02-10,2024-06-20
1,2300,3,2024-10-01,
1,1680,1,2023-10-01,2024-01-20
1,1680,2,2024-02-10,2024-06-20
1,1680,3,2024-10-01,
1,3086,1,2023-10-01,2024-01-20
1,3086,2,2024-02-10,2024-06-20
1,3086,3,2024-10-01,
1,4319,1,2023-10-01,2024-01-20
1,4319,2,2024-02-10,2024-06-20
1,4319,3,2024-10-01,
1,3298,1,2023-10-01,2024-01-20
1,3298,2,2024-02-10,2024-06-20
1,3298,3,2024-10-01,
1,3879,1,2023-10-01,2024-01-20
1,3879,2,2024-02-10,2024-06-20
1,3879,3,2024-10-01,
1,5706,1,2023-10-01,2024-01-20
1,5706,2,2024-02-10,2024-06-20
1,5706,3,2024-10-01,
1,5502,1,2023-10-01,2024-01-20
1,5502,2,2024-02-10,2024-06-20
1,5502,3,2024-10-01,
1,4742,1,2023-10-01,2024-01-20
1,4742,2,2024-02-10,2024-06-20
1,4742,3,2024-10-01,
1,3943,1,2023-10-01,2024-01-20
1,3943,2,2024-02-10,2024-06-20
1,3943,3,2024-10-01,
1,1501,1,2023-10-01,2024-01-20
1,1501,2,2024-02-10,2024-06-20
1,1501,3,2024-10-01,
1,5478,1,2023-10-01,2024-01-20
1,5478,2,2024-02-10,2024-06-20
1,5478,3,2024-10-01,
1,4380,1,2023-10-01,2024-01-20
1,4380,2,2024-02-10,2024-06-20
1,4380,3,2024-10-01,
1,3182,1,2023-10-01,2024-01-20
1,3182,2,2024-02-10,2024-06-20
1,3182,3,2024-10-01,
1,5421,1,2023-10-01,2024-01-20
1,5421,2,2024-02-10,2024-06-20
1,5421,3,2024-10-01,
1,2376,1,2023-10-01,2024-01-20
1,2376,2,2024-02-10,2024-06-20
1,2376,3,2024-10-01,
1,4030,1,2023-10-01,2024-01-20
1,4030,2,2024-02-10,2024-06-20
1,4030,3,2024-10-01,
1,3189,1,2023-10-01,2024-01-20
1,3189,2,2024-02-10,2024-06-20
1,3189,3,2024-10-01,
1,2584,1,2023-10-01,2024-01-20
1,2584,2,2024-02-10,2024-06-20
1,2584,3,2024-10-01,
1,5883,1,2023-10-01,2024-01-20
1,5883,2,2024-02-10,2024-06-20
1,5883,3,2024-10-01,
1,3450,1,2023-10-01,2024-01-20
1,3450,2,2024-02-10,2024-06-20
1,3450,3,2024-10-01,
1,2082,1,2023-10-01,2024-01-20
1,2082,2,2024-02-10,2024-06-20
1,2082,3,2024-10-01,
1,2433,1,2023-10-01,2024-01-20
1,2433,2,2024-02-10,2024-06-20
1,2433,3,2024-10-01,
1,2943,1,2023-10-01,2024-01-20
1,2943,2,2024-02-10,2024-06-20
1,2943,3,2024-10-01,
1,2766,1,2023-10-01,2024-01-20
1,2766,2,2024-02-10,2024-06-20
1,2766,3,2024-10-01,
1,2235,1,2023-10-01,2024-01-20
1,2235,2,2024-02-10,2024-06-20
1,2235,3,2024-10-01,
1,2534,1,2023-10-01,2024-01-20
1,2534,2,2024-02-10,2024-06-20
1,2534,3,2024-10-01,
1,2398,1,2023-10-01,2024-01-20
1,2398,2,2024-02-10,2024-06-20
1,2398,3,2024-10-01,
1,1398,1,2023-10-01,2024-01-20
1,1398,2,2024-02-10,2024-06-20
1,1398,3,2024-10-01,
1,3857,1,2023-10-01,2024-01-20
1,3857,2,2024-02-10,2024-06-20
1,3857,3,2024-10-01,
1,4721,1,2023-10-01,2024-01-20
1,4721,2,2024-02-10,2024-06-20
1,4721,3,2024-10-01,
1,1740,1,2023-10-01,2024-01-20
1,1740,2,2024-02-10,2024-06-20
1,1740,3,2024-10-01,
1,5206,1,2023-10-01,2024-01-20
1,5206,2,2024-02-10,2024-06-20
1,5206,3,2024-10-01,
1,1018,1,2023-10-01,2024-01-20
1,1018,2,2024-02-10,2024-06-20
1,1018,3,2024-10-01,
1,3725,1,2023-10-01,2024-01-20
1,3725,2,2024-02-10,2024-06-20
1,3725,3,2024-10-01,
1,2424,1,2023-10-01,2024-01-20
1,2424,2,2024-02-10,2024-06-20
1,2424,3,2024-10-01,
1,2064,1,2023-10-01,2024-01-20
1,2064,2,2024-02-10,2024-06-20
1,2064,3,2024-10-01,
1,3339,1,2023-10-01,2024-01-20
1,3339,2,2024-02-10,2024-06-20
1,3339,3,2024-10-01,
1,3670,1,2023-10-01,2024-01-20
1,3670,2,2024-02-10,2024-06-20
1,3670,3,2024-10-01,
1,3818,1,2023-10-01,2024-01-20
1,3818,2,2024-02-10,2024-06-20
1,3818,3,2024-10-01,
1,4251,1,2023-10-01,2024-01-20
1,4251,2,2024-02-10,2024-06-20
1,4251,3,2024-10-01,
1,2077,1,2023-10-01,2024-01-20
1,2077,2,2024-02-10,2024-06-20
1,2077,3,2024-10-01,
1,5749,1,2023-10-01,2024-01-20
1,5749,2,2024-02-10,2024-06-20
1,5749,3,2024-10-01,
1,5293,1,2023-10-01,2024-01-20
1,5293,2,2024-02-10,2024-06-20
1,5293,3,2024-10-01,
1,5296,1,2024-10-01,
1,3346,1,2024-10-01,
1,4975,1,2024-10-01,
1,2280,1,2024-10-01,
1,3915,1,2024-10-01,
1,5058,1,2024-10-01,
1,5622,1,2024-10-01,
1,5691,1,2024-10-01,
1,3825,1,2024-10-01,
1,2995,1,2024-10-01,
1,4092,1,2024-10-01,
1,2715,1,2024-10-01,
1,2721,1,2024-10-01,
1,4974,1,2024-10-01,
1,5030,1,2024-10-01,
1,3188,1,2024-10-01,
1,1237,1,2024-10-01,
1,1266,1,2024-10-01,
1,1524,1,2024-10-01,
1,5719,1,2024-10-01,
1,5416,1,2024-10-01,
1,1761,1,2024-10-01,
1,1688,1,2024-10-01,
1,1419,1,2024-10-01,
1,4039,1,2024-10-01,
1,5122,1,2024-10-01,
1,3506,1,2024-10-01,
1,4989,1,2024-10-01,
1,4781,1,2024-10-01,
1,1133,1,2024-10-01,
1,5569,1,2024-10-01,
1,1520,1,2024-10-01,
1,1322,1,2024-10-01,
1,1408,1,2024-10-01,
1,1576,1,2024-10-01,
1,2708,1,2024-10-01,
1,1315,1,2024-10-01,
1,3684,1,2024-10-01,
1,3998,1,2024-10-01,
1,2905,1,2024-10-01,
1,4882,1,2024-10-01,
1,5817,1,2024-10-01,
1,2774,1,2024-10-01,
1,5093,1,2024-10-01,
1,3585,1,2024-10-01,
1,3505,1,2024-10-01,
1,4303,1,2024-10-01,
1,4651,1,2024-10-01,
1,2483,1,2024-10-01,
1,5377,1,2024-10-01,
1,5511,1,2024-10-01,
1,2793,1,2024-10-01,
1,5830,1,2024-10-01,
1,5821,1,2024-10-01,
1,1660,1,2024-10-01,
1,4360,1,2024-10-01,
1,1216,1,2024-10-01,
1,2458,1,2024-10-01,
1,5976,1,2024-10-01,
1,3261,1,2024-10-01,
1,3862,1,2024-10-01,
1,3734,1,2024-10-01,
1,5596,1,2024-10-01,
1,5718,1,2024-10-01,
1,1223,1,2024-10-01,
1,1104,1,2024-10-01,
1,4904,1,2024-10-01,
1,5729,1,2024-10-01,
1,5949,1,2024-10-01,
1,4785,1,2024-10-01,
1,4002,1,2024-10-01,
1,4525,1,2024-10-01,
1,1657,1,2024-10-01,
1,3463,1,2024-10-01,
1,2336,1,2024-10-01,
1,5072,1,2024-10-01,
1,1765,1,2024-10-01,
1,1690,1,2024-10-01,
1,2157,1,2024-10-01,
1,5459,1,2024-10-01,
1,2088,1,2024-10-01,
1,1694,1,2024-10-01,
1,4381,1,2024-10-01,
2,4706,3,2023-10-01,2024-01-20
2,3298,3,2023-10-01,2024-01-20
2,4048,3,2023-10-01,2024-01-20
2,4482,3,2023-10-01,2024-01-20
2,1505,3,2023-10-01,2024-01-20
2,3683,3,2023-10-01,2024-01-20
2,4415,3,2023-10-01,2024-01-20
2,2986,3,2023-10-01,2024-01-20
2,3648,3,2023-10-01,2024-01-20
2,4865,3,2023-10-01,2024-01-20
2,4963,3,2023-10-01,2024-01-20
2,5509,3,2023-10-01,2024-01-20
2,5679,3,2023-10-01,2024-01-20
2,3674,3,2023-10-01,2024-01-20
2,2950,3,2023-10-01,2024-01-20
2,3433,3,2023-10-01,2024-01-20
2,3500,3,2023-10-01,2024-01-20
2,1343,3,2023-10-01,2024-01-20
2,5635,3,2023-10-01,2024-01-20
2,5969,3,2023-10-01,2024-01-20
2,3014,3,2023-10-01,2024-01-20
2,1757,3,2023-10-01,2024-01-20
2,3984,3,2023-10-01,2024-01-20
2,1904,3,2023-10-01,2024-01-20
2,2422,3,2023-10-01,2024-01-20
2,4768,3,2023-10-01,2024-01-20
2,3619,3,2023-10-01,2024-01-20
2,2456,3,2023-10-01,2024-01-20
2,5138,3,2023-10-01,2024-01-20
2,4372,3,2023-10-01,2024-01-20
2,1548,3,2023-10-01,2024-01-20
2,2068,3,2023-10-01,2024-01-20
2,3308,3,2023-10-01,2024-01-20
2,3518,3,2023-10-01,2024-01-20
2,1083,3,2023-10-01,2024-01-20
2,1809,3,2023-10-01,2024-01-20
2,3192,3,2023-10-01,2024-01-20
2,1063,3,2023-10-01,2024-01-20
2,2402,3,2023-10-01,2024-01-20
2,2492,3,2023-10-01,2024-01-20
2,5054,3,2023-10-01,2024-01-20
2,3478,3,2023-10-01,2024-01-20
2,2891,3,2023-10-01,2024-01-20
2,4221,3,2023-10-01,2024-01-20
2,2364,3,2023-10-01,2024-01-20
2,5602,3,2023-10-01,2024-01-20
2,3495,3,2023-10-01,2024-01-20
2,5376,3,2023-10-01,2024-01-20
2,4560,3,2023-10-01,2024-01-20
2,3169,3,2023-10-01,2024-01-20
2,2555,3,2023-10-01,2024-01-20
2,3258,3,2023-10-01,2024-01-20
2,4698,3,2023-10-01,2024-01-20
2,5826,1,2023-10-01,2024-01-20
2,5826,2,2024-02-10,2024-06-20
2,5826,3,2024-10-01,
2,1852,1,2023-10-01,2024-01-20
2,1852,2,2024-02-10,2024-06-20
2,1852,3,2024-10-01,
2,3954,1,2023-10-01,2024-01-20
2,3954,2,2024-02-10,2024-06-20
2,3954,3,2024-10-01,
2,2045,1,2023-10-01,2024-01-20
2,2045,2,2024-02-10,2024-06-20
2,2045,3,2024-10-01,
2,2153,1,2023-10-01,2024-01-20
2,2153,2,2024-02-10,2024-06-20
2,2153,3,2024-10-01,
2,4994,1,2023-10-01,2024-01-20
2,4994,2,2024-02-10,2024-06-20
2,4994,3,2024-10-01,
2,5417,1,2023-10-01,2024-01-20
2,5417,2,2024-02-10,2024-06-20
2,5417,3,2024-10-01,
2,1302,1,2023-10-01,2024-01-20
2,1302,2,2024-02-10,2024-06-20
2,1302,3,2024-10-01,
2,4288,1,2023-10-01,2024-01-20
2,4288,2,2024-02-10,2024-06-20
2,4288,3,2024-10-01,
2,2970,1,2023-10-01,2024-01-20
2,2970,2,2024-02-10,2024-06-20
2,2970,3,2024-10-01,
2,4382,1,2023-10-01,2024-01-20
2,4382,2,2024-02-10,2024-06-20
2,4382,3,2024-10-01,
2,3350,1,2023-10-01,2024-01-20
2,3350,2,2024-02-10,2024-06-20
2,3350,3,2024-10-01,
2,1057,1,2023-10-01,2024-01-20
2,1057,2,2024-02-10,2024-06-20
2,1057,3,2024-10-01,
2,3475,1,2023-10-01,2024-01-20
2,3475,2,2024-02-10,2024-06-20
2,3475,3,2024-10-01,
2,1920,1,2023-10-01,2024-01-20
2,1920,2,2024-02-10,2024-06-20
2,1920,3,2024-10-01,
2,1441,1,2023-10-01,2024-01-20
2,1441,2,2024-02-10,2024-06-20
2,1441,3,2024-10-01,
2,5698,1,2023-10-01,2024-01-20
2,5698,2,2024-02-10,2024-06-20
2,5698,3,2024-10-01,
2,4480,1,2023-10-01,2024-01-20
2,4480,2,2024-02-10,2024-06-20
2,4480,3,2024-10-01,
2,3901,1,2023-10-01,2024-01-20
2,3901,2,2024-02-10,2024-06-20
2,3901,3,2024-10-01,
2,5258,1,2023-10-01,2024-01-20
2,5258,2,2024-02-10,2024-06-20
2,5258,3,2024-10-01,
2,1327,1,2023-10-01,2024-01-20
2,1327,2,2024-02-10,2024-06-20
2,1327,3,2024-10-01,
2,3112,1,2023-10-01,2024-01-20
2,3112,2,2024-02-10,2024-06-20
2,3112,3,2024-10-01,
2,4033,1,2023-10-01,2024-01-20
2,4033,2,2024-02-10,2024-06-20
2,4033,3,2024-10-01,
2,3269,1,2023-10-01,2024-01-20
2,3269,2,2024-02-10,2024-06-20
2,3269,3,2024-10-01,
2,4488,1,2023-10-01,2024-01-20
2,4488,2,2024-02-10,2024-06-20
2,4488,3,2024-10-01,
2,5862,1,2023-10-01,2024-01-20
2,5862,2,2024-02-10,2024-06-20
2,5862,3,2024-10-01,
2,3069,1,2023-10-01,2024-01-20
2,3069,2,2024-02-10,2024-06-20
2,3069,3,2024-10-01,
2,1621,1,2023-10-01,2024-01-20
2,1621,2,2024-02-10,2024-06-20
2,1621,3,2024-10-01,
2,1372,1,2023-10-01,2024-01-20
2,1372,2,2024-02-10,2024-06-20
2,1372,3,2024-10-01,
2,4670,1,2023-10-01,2024-01-20
2,4670,2,2024-02-10,2024-06-20
2,4670,3,2024-10-01,
2,3077,1,2023-10-01,2024-01-20
2,3077,2,2024-02-10,2024-06-20
2,3077,3,2024-10-01,
2,4993,1,2023-10-01,2024-01-20
2,4993,2,2024-02-10,2024-06-20
2,4993,3,2024-10-01,
2,1985,1,2023-10-01,2024-01-20
2,1985,2,2024-02-10,2024-06-20
2,1985,3,2024-10-01,
2,5151,1,2023-10-01,2024-01-20
2,5151,2,2024-02-10,2024-06-20
2,5151,3,2024-10-01,
2,2823,1,2023-10-01,2024-01-20
2,2823,2,2024-02-10,2024-06-20
2,2823,3,2024-10-01,
2,4692,1,2023-10-01,2024-01-20
2,4692,2,2024-02-10,2024-06-20
2,4692,3,2024-10-01,
2,5491,1,2023-10-01,2024-01-20
2,5491,2,2024-02-10,2024-06-20
2,5491,3,2024-10-01,
2,3162,1,2023-10-01,2024-01-20
2,3162,2,2024-02-10,2024-06-20
2,3162,3,2024-10-01,
2,2755,1,2023-10-01,2024-01-20
2,2755,2,2024-02-10,2024-06-20
2,2755,3,2024-10-01,
2,3028,1,2023-10-01,2024-01-20
2,3028,2,2024-02-10,2024-06-20
2,3028,3,2024-10-01,
2,1081,1,2023-10-01,2024-01-20
2,1081,2,2024-02-10,2024-06-20
2,1081,3,2024-10-01,
2,1525,1,2023-10-01,2024-01-20
2,1525,2,2024-02-10,2024-06-20
2,1525,3,2024-10-01,
2,4642,1,2023-10-01,2024-01-20
2,4642,2,2024-02-10,2024-06-20
2,4642,3,2024-10-01,
2,5127,1,2023-10-01,2024-01-20
2,5127,2,2024-02-10,2024-06-20
2,5127,3,2024-10-01,
2,4648,1,2023-10-01,2024-01-20
2,4648,2,2024-02-10,2024-06-20
2,4648,3,2024-10-01,
2,1919,1,2023-10-01,2024-01-20
2,1919,2,2024-02-10,2024-06-20
2,1919,3,2024-10-01,
2,1415,1,2023-10-01,2024-01-20
2,1415,2,2024-02-10,2024-06-20
2,1415,3,2024-10-01,
2,4122,1,2023-10-01,2024-01-20
2,4122,2,2024-02-10,2024-06-20
2,4122,3,2024-10-01,
2,1779,1,2023-10-01,2024-01-20
2,1779,2,2024-02-10,2024-06-20
2,1779,3,2024-10-01,
2,5782,1,2023-10-01,2024-01-20
2,5782,2,2024-02-10,2024-06-20
2,5782,3,2024-10-01,
2,5276,1,2023-10-01,2024-01-20
2,5276,2,2024-02-10,2024-06-20
2,5276,3,2024-10-01,
2,5760,1,2023-10-01,2024-01-20
2,5760,2,2024-02-10,2024-06-20
2,5760,3,2024-10-01,
2,3408,1,2023-10-01,2024-01-20
2,3408,2,2024-02-10,2024-06-20
2,3408,3,2024-10-01,
2,4014,1,2023-10-01,2024-01-20
2,4014,2,2024-02-10,2024-06-20
2,4014,3,2024-10-01,
2,4000,1,2023-10-01,2024-01-20
2,4000,2,2024-02-10,2024-06-20
2,4000,3,2024-10-01,
2,1846,1,2023-10-01,2024-01-20
2,1846,2,2024-02-10,2024-06-20
2,1846,3,2024-10-01,
2,2323,1,2023-10-01,2024-01-20
2,2323,2,2024-02-10,2024-06-20
2,2323,3,2024-10-01,
2,1708,1,2023-10-01,2024-01-20
2,1708,2,2024-02-10,2024-06-20
2,1708,3,2024-10-01,
2,5262,1,2023-10-01,2024-01-20
2,5262,2,2024-02-10,2024-06-20
2,5262,3,2024-10-01,
2,5875,1,2023-10-01,2024-01-20
2,5875,2,2024-02-10,2024-06-20
2,5875,3,2024-10-01,
2,2589,1,2023-10-01,2024-01-20
2,2589,2,2024-02-10,2024-06-20
2,2589,3,2024-10-01,
2,2590,1,2023-10-01,2024-01-20
2,2590,2,2024-02-10,2024-06-20
2,2590,3,2024-10-01,
2,1244,1,2023-10-01,2024-01-20
2,1244,2,2024-02-10,2024-06-20
2,1244,3,2024-10-01,
2,4437,1,2023-10-01,2024-01-20
2,4437,2,2024-02-10,2024-06-20
2,4437,3,2024-10-01,
2,1197,1,2023-10-01,2024-01-20
2,1197,2,2024-02-10,2024-06-20
2,1197,3,2024-10-01,
2,3283,1,2023-10-01,2024-01-20
2,3283,2,2024-02-10,2024-06-20
2,3283,3,2024-10-01,
2,3240,1,2024-10-01,
2,2826,1,2024-10-01,
2,5806,1,2024-10-01,
2,4360,1,2024-10-01,
2,5676,1,2024-10-01,
2,4986,1,2024-10-01,
2,2334,1,2024-10-01,
2,1143,1,2024-10-01,
2,2184,1,2024-10-01,
2,5987,1,2024-10-01,
2,3950,1,2024-10-01,
2,3302,1,2024-10-01,
2,2199,1,2024-10-01,
2,1374,1,2024-10-01,
2,4588,1,2024-10-01,
2,3578,1,2024-10-01,
2,3484,1,2024-10-01,
2,5277,1,2024-10-01,
2,2990,1,2024-10-01,
2,2407,1,2024-10-01,
2,1823,1,2024-10-01,
2,4931,1,2024-10-01,
2,1805,1,2024-10-01,
2,1945,1,2024-10-01,
2,5186,1,2024-10-01,
2,1696,1,2024-10-01,
2,4279,1,2024-10-01,
2,2934,1,2024-10-01,
2,1742,1,2024-10-01,
2,4580,1,2024-10-01,
2,3784,1,2024-10-01,
2,2808,1,2024-10-01,
2,1738,1,2024-10-01,
2,5088,1,2024-10-01,
2,5246,1,2024-10-01,
2,5143,1,2024-10-01,
2,2459,1,2024-10-01,
2,5632,1,2024-10-01,
2,1252,1,2024-10-01,
2,3271,1,2024-10-01,
2,4710,1,2024-10-01,
2,1828,1,2024-10-01,
2,5284,1,2024-10-01,
2,4367,1,2024-10-01,
2,3938,1,2024-10-01,
2,1980,1,2024-10-01,
2,4570,1,2024-10-01,
2,3323,1,2024-10-01,
2,5494,1,2024-10-01,
2,5208,1,2024-10-01,
2,3632,1,2024-10-01,
2,3774,1,2024-10-01,
2,5708,1,2024-10-01,
2,4163,1,2024-10-01,
2,1492,1,2024-10-01,
2,1627,1,2024-10-01,
2,3723,1,2024-10-01,
2,2521,1,2024-10-01,
2,4024,1,2024-10-01,
2,1021,1,2024-10-01,
2,2167,1,2024-10-01,
2,2761,1,2024-10-01,
2,5702,1,2024-10-01,
2,1658,1,2024-10-01,
3,3351,3,2023-10-01,2024-01-20
3,4306,3,2023-10-01,2024-01-20
3,5811,3,2023-10-01,2024-01-20
3,5792,3,2023-10-01,2024-01-20
3,1412,3,2023-10-01,2024-01-20
3,2661,3,2023-10-01,2024-01-20
3,4071,3,2023-10-01,2024-01-20
3,4925,3,2023-10-01,2024-01-20
3,5988,3,2023-10-01,2024-01-20
3,5266,3,2023-10-01,2024-01-20
3,2166,3,2023-10-01,2024-01-20
3,5700,3,2023-10-01,2024-01-20
3,5423,3,2023-10-01,2024-01-20
3,5042,3,2023-10-01,2024-01-20
3,4757,3,2023-10-01,2024-01-20
3,5022,3,2023-10-01,2024-01-20
3,2316,3,2023-10-01,2024-01-20
3,4064,3,2023-10-01,2024-01-20
3,4657,3,2023-10-01,2024-01-20
3,3780,3,2023-10-01,2024-01-20
3,2960,3,2023-10-01,2024-01-20
3,5077,3,2023-10-01,2024-01-20
3,5719,3,2023-10-01,2024-01-20
3,1363,3,2023-10-01,2024-01-20
3,4857,3,2023-10-01,2024-01-20
3,5154,3,2023-10-01,2024-01-20
3,4313,3,2023-10-01,2024-01-20
3,2020,3,2023-10-01,2024-01-20
3,3742,3,2023-10-01,2024-01-20
3,1332,3,2023-10-01,2024-01-20
3,3549,3,2023-10-01,2024-01-20
3,1085,3,2023-10-01,2024-01-20
3,3475,3,2023-10-01,2024-01-20
3,4659,3,2023-10-01,2024-01-20
3,4536,3,2023-10-01,2024-01-20
3,1247,3,2023-10-01,2024-01-20
3,5234,3,2023-10-01,2024-01-20
3,1544,3,2023-10-01,2024-01-20
3,5121,3,2023-10-01,2024-01-20
3,2478,3,2023-10-01,2024-01-20
3,2085,3,2023-10-01,2024-01-20
3,4809,3,2023-10-01,2024-01-20
3,3446,3,2023-10-01,2024-01-20
3,1275,3,2023-10-01,2024-01-20
3,2787,3,2023-10-01,2024-01-20
3,5553,3,2023-10-01,2024-01-20
3,1140,3,2023-10-01,2024-01-20
3,1200,3,2023-10-01,2024-01-20
3,2114,3,2023-10-01,2024-01-20
3,1128,3,2023-10-01,2024-01-20
3,1532,3,2023-10-01,2024-01-20
3,2971,3,2023-10-01,2024-01-20
3,3444,3,2023-10-01,2024-01-20
3,4498,3,2023-10-01,2024-01-20
3,2641,3,2023-10-01,2024-01-20
3,1061,3,2023-10-01,2024-01-20
3,1685,3,2023-10-01,2024-01-20
3,4671,3,2023-10-01,2024-01-20
3,5552,3,2023-10-01,2024-01-20
3,2594,3,2023-10-01,2024-01-20
3,2792,3,2023-10-01,2024-01-20
3,3665,3,2023-10-01,2024-01-20
3,4937,3,2023-10-01,2024-01-20
3,5667,3,2023-10-01,2024-01-20
3,5795,3,2023-10-01,2024-01-20
3,4527,3,2023-10-01,2024-01-20
3,4555,3,2023-10-01,2024-01-20
3,5895,3,2023-10-01,2024-01-20
3,1198,3,2023-10-01,2024-01-20
3,4893,3,2023-10-01,2024-01-20
3,4433,3,2023-10-01,2024-01-20
3,5977,3,2023-10-01,2024-01-20
3,4708,3,2023-10-01,2024-01-20
3,4736,3,2023-10-01,2024-01-20
3,5036,3,2023-10-01,2024-01-20
3,5178,3,2023-10-01,2024-01-20
3,4772,3,2023-10-01,2024-01-20
3,1472,3,2023-10-01,2024-01-20
3,1946,3,2023-10-01,2024-01-20
3,4469,3,2023-10-01,2024-01-20
3,4208,1,2023-10-01,2024-01-20
3,4208,2,2024-02-10,2024-06-20
3,4208,3,2024-10-01,
3,3676,1,2023-10-01,2024-01-20
3,3676,2,2024-02-10,2024-06-20
3,3676,3,2024-10-01,
3,3116,1,2023-10-01,2024-01-20
3,3116,2,2024-02-10,2024-06-20
3,3116,3,2024-10-01,
3,1163,1,2023-10-01,2024-01-20
3,1163,2,2024-02-10,2024-06-20
3,1163,3,2024-10-01,
3,5813,1,2023-10-01,2024-01-20
3,5813,2,2024-02-10,2024-06-20
3,5813,3,2024-10-01,
3,2450,1,2023-10-01,2024-01-20
3,2450,2,2024-02-10,2024-06-20
3,2450,3,2024-10-01,
3,3668,1,2023-10-01,2024-01-20
3,3668,2,2024-02-10,2024-06-20
3,3668,3,2024-10-01,
3,3470,1,2023-10-01,2024-01-20
3,3470,2,2024-02-10,2024-06-20
3,3470,3,2024-10-01,
3,4897,1,2023-10-01,2024-01-20
3,4897,2,2024-02-10,2024-06-20
3,4897,3,2024-10-01,
3,4567,1,2023-10-01,2024-01-20
3,4567,2,2024-02-10,2024-06-20
3,4567,3,2024-10-01,
3,1419,1,2023-10-01,2024-01-20
3,1419,2,2024-02-10,2024-06-20
3,1419,3,2024-10-01,
3,3686,1,2023-10-01,2024-01-20
3,3686,2,2024-02-10,2024-06-20
3,3686,3,2024-10-01,
3,3828,1,2023-10-01,2024-01-20
3,3828,2,2024-02-10,2024-06-20
3,3828,3,2024-10-01,
3,3958,1,2023-10-01,2024-01-20
3,3958,2,2024-02-10,2024-06-20
3,3958,3,2024-10-01,
3,3449,1,2023-10-01,2024-01-20
3,3449,2,2024-02-10,2024-06-20
3,3449,3,2024-10-01,
3,1050,1,2023-10-01,2024-01-20
3,1050,2,2024-02-10,2024-06-20
3,1050,3,2024-10-01,
3,2952,1,2023-10-01,2024-01-20
3,2952,2,2024-02-10,2024-06-20
3,2952,3,2024-10-01,
3,3930,1,2023-10-01,2024-01-20
3,3930,2,2024-02-10,2024-06-20
3,3930,3,2024-10-01,
3,5486,1,2023-10-01,2024-01-20
3,5486,2,2024-02-10,2024-06-20
3,5486,3,2024-10-01,
3,4542,1,2023-10-01,2024-01-20
3,4542,2,2024-02-10,2024-06-20
3,4542,3,2024-10-01,
3,1608,1,2023-10-01,2024-01-20
3,1608,2,2024-02-10,2024-06-20
3,1608,3,2024-10-01,
3,5638,1,2023-10-01,2024-01-20
3,5638,2,2024-02-10,2024-06-20
3,5638,3,2024-10-01,
3,1136,1,2023-10-01,2024-01-20
3,1136,2,2024-02-10,2024-06-20
3,1136,3,2024-10-01,
3,1505,1,2023-10-01,2024-01-20
3,1505,2,2024-02-10,2024-06-20
3,1505,3,2024-10-01,
3,3476,1,2023-10-01,2024-01-20
3,3476,2,2024-02-10,2024-06-20
3,3476,3,2024-10-01,
3,4258,1,2023-10-01,2024-01-20
3,4258,2,2024-02-10,2024-06-20
3,4258,3,2024-10-01,
3,4285,1,2023-10-01,2024-01-20
3,4285,2,2024-02-10,2024-06-20
3,4285,3,2024-10-01,
3,1355,1,2023-10-01,2024-01-20
3,1355,2,2024-02-10,2024-06-20
3,1355,3,2024-10-01,
3,2552,1,2023-10-01,2024-01-20
3,2552,2,2024-02-10,2024-06-20
3,2552,3,2024-10-01,
3,4386,1,2023-10-01,2024-01-20
3,4386,2,2024-02-10,2024-06-20
3,4386,3,2024-10-01,
3,3817,1,2023-10-01,2024-01-20
3,3817,2,2024-02-10,2024-06-20
3,3817,3,2024-10-01,
3,2836,1,2023-10-01,2024-01-20
3,2836,2,2024-02-10,2024-06-20
3,2836,3,2024-10-01,
3,4061,1,2023-10-01,2024-01-20
3,4061,2,2024-02-10,2024-06-20
3,4061,3,2024-10-01,
3,5810,1,2023-10-01,2024-01-20
3,5810,2,2024-02-10,2024-06-20
3,5810,3,2024-10-01,
3,4399,1,2023-10-01,2024-01-20
3,4399,2,2024-02-10,2024-06-20
3,4399,3,2024-10-01,
3,3381,1,2023-10-01,2024-01-20
3,3381,2,2024-02-10,2024-06-20
3,3381,3,2024-10-01,
3,2871,1,2023-10-01,2024-01-20
3,2871,2,2024-02-10,2024-06-20
3,2871,3,2024-10-01,
3,4118,1,2023-10-01,2024-01-20
3,4118,2,2024-02-10,2024-06-20
3,4118,3,2024-10-01,
3,5511,1,2023-10-01,2024-01-20
3,5511,2,2024-02-10,2024-06-20
3,5511,3,2024-10-01,
3,4080,1,2023-10-01,2024-01-20
3,4080,2,2024-02-10,2024-06-20
3,4080,3,2024-10-01,
3,2557,1,2023-10-01,2024-01-20
3,2557,2,2024-02-10,2024-06-20
3,2557,3,2024-10-01,
3,1299,1,2023-10-01,2024-01-20
3,1299,2,2024-02-10,2024-06-20
3,1299,3,2024-10-01,
3,1175,1,2023-10-01,2024-01-20
3,1175,2,2024-02-10,2024-06-20
3,1175,3,2024-10-01,
3,3208,1,2023-10-01,2024-01-20
3,3208,2,2024-02-10,2024-06-20
3,3208,3,2024-10-01,
3,3161,1,2023-10-01,2024-01-20
3,3161,2,2024-02-10,2024-06-20
3,3161,3,2024-10-01,
3,4593,1,2023-10-01,2024-01-20
3,4593,2,2024-02-10,2024-06-20
3,4593,3,2024-10-01,
3,3879,1,2023-10-01,2024-01-20
3,3879,2,2024-02-10,2024-06-20
3,3879,3,2024-10-01,
3,4808,1,2023-10-01,2024-01-20
3,4808,2,2024-02-10,2024-06-20
3,4808,3,2024-10-01,
3,3377,1,2023-10-01,2024-01-20
3,3377,2,2024-02-10,2024-06-20
3,3377,3,2024-10-01,
3,3847,1,2023-10-01,2024-01-20
3,3847,2,2024-02-10,2024-06-20
3,3847,3,2024-10-01,
3,1019,1,2023-10-01,2024-01-20
3,1019,2,2024-02-10,2024-06-20
3,1019,3,2024-10-01,
3,4384,1,2023-10-01,2024-01-20
3,4384,2,2024-02-10,2024-06-20
3,4384,3,2024-10-01,
3,3552,1,2023-10-01,2024-01-20
3,3552,2,2024-02-10,2024-06-20
3,3552,3,2024-10-01,
3,2245,1,2023-10-01,2024-01-20
3,2245,2,2024-02-10,2024-06-20
3,2245,3,2024-10-01,
3,4319,1,2023-10-01,2024-01-20
3,4319,2,2024-02-10,2024-06-20
3,4319,3,2024-10-01,
3,2936,1,2023-10-01,2024-01-20
3,2936,2,2024-02-10,2024-06-20
3,2936,3,2024-10-01,
3,1022,1,2023-10-01,2024-01-20
3,1022,2,2024-02-10,2024-06-20
3,1022,3,2024-10-01,
3,4028,1,2023-10-01,2024-01-20
3,4028,2,2024-02-10,2024-06-20
3,4028,3,2024-10-01,
3,2943,1,2023-10-01,2024-01-20
3,2943,2,2024-02-10,2024-06-20
3,2943,3,2024-10-01,
3,2459,1,2023-10-01,2024-01-20
3,2459,2,2024-02-10,2024-06-20
3,2459,3,2024-10-01,
3,1769,1,2023-10-01,2024-01-20
3,1769,2,2024-02-10,2024-06-20
3,1769,3,2024-10-01,
3,3422,1,2023-10-01,2024-01-20
3,3422,2,2024-02-10,2024-06-20
3,3422,3,2024-10-01,
3,5088,1,2023-10-01,2024-01-20
3,5088,2,2024-02-10,2024-06-20
3,5088,3,2024-10-01,
3,4252,1,2023-10-01,2024-01-20
3,4252,2,2024-02-10,2024-06-20
3,4252,3,2024-10-01,
3,2926,1,2023-10-01,2024-01-20
3,2926,2,2024-02-10,2024-06-20
3,2926,3,2024-10-01,
3,4412,1,2023-10-01,2024-01-20
3,4412,2,2024-02-10,2024-06-20
3,4412,3,2024-10-01,
3,5201,1,2023-10-01,2024-01-20
3,5201,2,2024-02-10,2024-06-20
3,5201,3,2024-10-01,
3,4521,1,2023-10-01,2024-01-20
3,4521,2,2024-02-10,2024-06-20
3,4521,3,2024-10-01,
3,1515,1,2023-10-01,2024-01-20
3,1515,2,2024-02-10,2024-06-20
3,1515,3,2024-10-01,
3,3981,1,2023-10-01,2024-01-20
3,3981,2,2024-02-10,2024-06-20
3,3981,3,2024-10-01,
3,3886,1,2023-10-01,2024-01-20
3,3886,2,2024-02-10,2024-06-20
3,3886,3,2024-10-01,
3,2686,1,2023-10-01,2024-01-20
3,2686,2,2024-02-10,2024-06-20
3,2686,3,2024-10-01,
3,3281,1,2023-10-01,2024-01-20
3,3281,2,2024-02-10,2024-06-20
3,3281,3,2024-10-01,
3,4802,1,2023-10-01,2024-01-20
3,4802,2,2024-02-10,2024-06-20
3,4802,3,2024-10-01,
3,3827,1,2023-10-01,2024-01-20
3,3827,2,2024-02-10,2024-06-20
3,3827,3,2024-10-01,
3,4530,1,2023-10-01,2024-01-20
3,4530,2,2024-02-10,2024-06-20
3,4530,3,2024-10-01,
3,5974,1,2023-10-01,2024-01-20
3,5974,2,2024-02-10,2024-06-20
3,5974,3,2024-10-01,
3,2859,1,2023-10-01,2024-01-20
3,2859,2,2024-02-10,2024-06-20
3,2859,3,2024-10-01,
3,2446,1,2023-10-01,2024-01-20
3,2446,2,2024-02-10,2024-06-20
3,2446,3,2024-10-01,
3,5843,1,2023-10-01,2024-01-20
3,5843,2,2024-02-10,2024-06-20
3,5843,3,2024-10-01,
3,3086,1,2023-10-01,2024-01-20
3,3086,2,2024-02-10,2024-06-20
3,3086,3,2024-10-01,
3,2769,1,2023-10-01,2024-01-20
3,2769,2,2024-02-10,2024-06-20
3,2769,3,2024-10-01,
3,2155,1,2023-10-01,2024-01-20
3,2155,2,2024-02-10,2024-06-20
3,2155,3,2024-10-01,
3,5496,1,2023-10-01,2024-01-20
3,5496,2,2024-02-10,2024-06-20
3,5496,3,2024-10-01,
3,1094,1,2023-10-01,2024-01-20
3,1094,2,2024-02-10,2024-06-20
3,1094,3,2024-10-01,
3,4764,1,2023-10-01,2024-01-20
3,4764,2,2024-02-10,2024-06-20
3,4764,3,2024-10-01,
3,3929,1,2023-10-01,2024-01-20
3,3929,2,2024-02-10,2024-06-20
3,3929,3,2024-10-01,
3,1043,1,2023-10-01,2024-01-20
3,1043,2,2024-02-10,2024-06-20
3,1043,3,2024-10-01,
3,1541,1,2023-10-01,2024-01-20
3,1541,2,2024-02-10,2024-06-20
3,1541,3,2024-10-01,
3,5531,1,2023-10-01,2024-01-20
3,5531,2,2024-02-10,2024-06-20
3,5531,3,2024-10-01,
3,4830,1,2023-10-01,2024-01-20
3,4830,2,2024-02-10,2024-06-20
3,4830,3,2024-10-01,
3,5653,1,2023-10-01,2024-01-20
3,5653,2,2024-02-10,2024-06-20
3,5653,3,2024-10-01,
3,5651,1,2023-10-01,2024-01-20
3,5651,2,2024-02-10,2024-06-20
3,5651,3,2024-10-01,
3,4849,1,2023-10-01,2024-01-20
3,4849,2,2024-02-10,2024-06-20
3,4849,3,2024-10-01,
3,2633,1,2023-10-01,2024-01-20
3,2633,2,2024-02-10,2024-06-20
3,2633,3,2024-10-01,
3,4097,1,2023-10-01,2024-01-20
3,4097,2,2024-02-10,2024-06-20
3,4097,3,2024-10-01,
3,4900,1,2023-10-01,2024-01-20
3,4900,2,2024-02-10,2024-06-20
3,4900,3,2024-10-01,
3,5945,1,2023-10-01,2024-01-20
3,5945,2,2024-02-10,2024-06-20
3,5945,3,2024-10-01,
3,4650,1,2023-10-01,2024-01-20
3,4650,2,2024-02-10,2024-06-20
3,4650,3,2024-10-01,
3,4826,1,2024-10-01,
3,1934,1,2024-10-01,
3,3617,1,2024-10-01,
3,5797,1,2024-10-01,
3,2991,1,2024-10-01,
3,3258,1,2024-10-01,
3,1743,1,2024-10-01,
3,3564,1,2024-10-01,
3,1947,1,2024-10-01,
3,2616,1,2024-10-01,
3,4783,1,2024-10-01,
3,3426,1,2024-10-01,
3,1698,1,2024-10-01,
3,5219,1,2024-10-01,
3,1221,1,2024-10-01,
3,3169,1,2024-10-01,
3,5070,1,2024-10-01,
3,1764,1,2024-10-01,
3,3010,1,2024-10-01,
3,4665,1,2024-10-01,
3,1999,1,2024-10-01,
3,5532,1,2024-10-01,
3,1581,1,2024-10-01,
3,3008,1,2024-10-01,
3,5463,1,2024-10-01,
3,4890,1,2024-10-01,
3,2911,1,2024-10-01,
3,1455,1,2024-10-01,
3,2027,1,2024-10-01,
3,2310,1,2024-10-01,
3,4902,1,2024-10-01,
3,5454,1,2024-10-01,
3,3338,1,2024-10-01,
3,2757,1,2024-10-01,
3,1854,1,2024-10-01,
3,5383,1,2024-10-01,
3,3336,1,2024-10-01,
3,5358,1,2024-10-01,
3,4886,1,2024-10-01,
3,1973,1,2024-10-01,
3,4610,1,2024-10-01,
3,5819,1,2024-10-01,
3,3071,1,2024-10-01,
3,1580,1,2024-10-01,
3,1888,1,2024-10-01,
3,1821,1,2024-10-01,
3,4090,1,2024-10-01,
3,5784,1,2024-10-01,
3,2238,1,2024-10-01,
3,5067,1,2024-10-01,
3,2584,1,2024-10-01,
3,1949,1,2024-10-01,
3,2778,1,2024-10-01,
3,5020,1,2024-10-01,
3,5404,1,2024-10-01,
3,3117,1,2024-10-01,
3,4822,1,2024-10-01,
3,3166,1,2024-10-01,
3,3136,1,2024-10-01,
3,1229,1,2024-10-01,
3,1372,1,2024-10-01,
3,2428,1,2024-10-01,
3,3141,1,2024-10-01,
3,5947,1,2024-10-01,
3,2613,1,2024-10-01,
3,1547,1,2024-10-01,
3,5944,1,2024-10-01,
3,3874,1,2024-10-01,
3,5735,1,2024-10-01,
3,3921,1,2024-10-01,
3,1386,1,2024-10-01,
3,1012,1,2024-10-01,
3,5229,1,2024-10-01,
3,4894,1,2024-10-01,
3,5716,1,2024-10-01,
3,3959,1,2024-10-01,
3,2091,1,2024-10-01,
3,3579,1,2024-10-01,
3,1078,1,2024-10-01,
3,3772,1,2024-10-01,
3,3154,1,2024-10-01,
3,5524,1,2024-10-01,
3,1624,1,2024-10-01,
3,4580,1,2024-10-01,
3,3646,1,2024-10-01,
4,3228,3,2023-10-01,2024-01-20
4,3934,3,2023-10-01,2024-01-20
4,2410,3,2023-10-01,2024-01-20
4,5531,3,2023-10-01,2024-01-20
4,2710,3,2023-10-01,2024-01-20
4,2535,3,2023-10-01,2024-01-20
4,5861,3,2023-10-01,2024-01-20
4,2047,3,2023-10-01,2024-01-20
4,3249,3,2023-10-01,2024-01-20
4,2416,3,2023-10-01,2024-01-20
4,4512,3,2023-10-01,2024-01-20
4,3777,3,2023-10-01,2024-01-20
4,1405,3,2023-10-01,2024-01-20
4,4983,3,2023-10-01,2024-01-20
4,4984,3,2023-10-01,2024-01-20
4,4444,3,2023-10-01,2024-01-20
4,3237,3,2023-10-01,2024-01-20
4,3028,3,2023-10-01,2024-01-20
4,5894,3,2023-10-01,2024-01-20
4,1440,3,2023-10-01,2024-01-20
4,2882,3,2023-10-01,2024-01-20
4,3895,3,2023-10-01,2024-01-20
4,1509,3,2023-10-01,2024-01-20
4,5298,3,2023-10-01,2024-01-20
4,5049,3,2023-10-01,2024-01-20
4,1149,3,2023-10-01,2024-01-20
4,1866,3,2023-10-01,2024-01-20
4,2441,3,2023-10-01,2024-01-20
4,2423,3,2023-10-01,2024-01-20
4,4839,3,2023-10-01,2024-01-20
4,4016,3,2023-10-01,2024-01-20
4,2995,3,2023-10-01,2024-01-20
4,1730,3,2023-10-01,2024-01-20
4,2811,3,2023-10-01,2024-01-20
4,5180,3,2023-10-01,2024-01-20
4,5980,3,2023-10-01,2024-01-20
4,2147,3,2023-10-01,2024-01-20
4,1577,3,2023-10-01,2024-01-20
4,5862,3,2023-10-01,2024-01-20
4,5236,3,2023-10-01,2024-01-20
4,2131,3,2023-10-01,2024-01-20
4,1058,3,2023-10-01,2024-01-20
4,5435,3,2023-10-01,2024-01-20
4,4017,3,2023-10-01,2024-01-20
4,2276,3,2023-10-01,2024-01-20
4,2781,3,2023-10-01,2024-01-20
4,3519,3,2023-10-01,2024-01-20
4,2039,3,2023-10-01,2024-01-20
4,5921,3,2023-10-01,2024-01-20
4,5679,3,2023-10-01,2024-01-20
4,2721,3,2023-10-01,2024-01-20
4,3227,3,2023-10-01,2024-01-20
4,3584,3,2023-10-01,2024-01-20
4,3619,3,2023-10-01,2024-01-20
4,4802,3,2023-10-01,2024-01-20
4,5529,3,2023-10-01,2024-01-20
4,2289,3,2023-10-01,2024-01-20
4,1024,3,2023-10-01,2024-01-20
4,5934,3,2023-10-01,2024-01-20
4,2809,3,2023-10-01,2024-01-20
4,1860,3,2023-10-01,2024-01-20
4,3234,3,2023-10-01,2024-01-20
4,3722,3,2023-10-01,2024-01-20
4,1053,3,2023-10-01,2024-01-20
4,3834,1,2023-10-01,2024-01-20
4,3834,2,2024-02-10,2024-06-20
4,3834,3,2024-10-01,
4,1850,1,2023-10-01,2024-01-20
4,1850,2,2024-02-10,2024-06-20
4,1850,3,2024-10-01,
4,1422,1,2023-10-01,2024-01-20
4,1422,2,2024-02-10,2024-06-20
4,1422,3,2024-10-01,
4,2624,1,2023-10-01,2024-01-20
4,2624,2,2024-02-10,2024-06-20
4,2624,3,2024-10-01,
4,3593,1,2023-10-01,2024-01-20
4,3593,2,2024-02-10,2024-06-20
4,3593,3,2024-10-01,
4,3102,1,2023-10-01,2024-01-20
4,3102,2,2024-02-10,2024-06-20
4,3102,3,2024-10-01,
4,4536,1,2023-10-01,2024-01-20
4,4536,2,2024-02-10,2024-06-20
4,4536,3,2024-10-01,
4,4568,1,2023-10-01,2024-01-20
4,4568,2,2024-02-10,2024-06-20
4,4568,3,2024-10-01,
4,3270,1,2023-10-01,2024-01-20
4,3270,2,2024-02-10,2024-06-20
4,3270,3,2024-10-01,
4,4318,1,2023-10-01,2024-01-20
4,4318,2,2024-02-10,2024-06-20
4,4318,3,2024-10-01,
4,2886,1,2023-10-01,2024-01-20
4,2886,2,2024-02-10,2024-06-20
4,2886,3,2024-10-01,
4,1060,1,2023-10-01,2024-01-20
4,1060,2,2024-02-10,2024-06-20
4,1060,3,2024-10-01,
4,2499,1,2023-10-01,2024-01-20
4,2499,2,2024-02-10,2024-06-20
4,2499,3,2024-10-01,
4,5393,1,2023-10-01,2024-01-20
4,5393,2,2024-02-10,2024-06-20
4,5393,3,2024-10-01,
4,3308,1,2023-10-01,2024-01-20
4,3308,2,2024-02-10,2024-06-20
4,3308,3,2024-10-01,
4,4254,1,2023-10-01,2024-01-20
4,4254,2,2024-02-10,2024-06-20
4,4254,3,2024-10-01,
4,5385,1,2023-10-01,2024-01-20
4,5385,2,2024-02-10,2024-06-20
4,5385,3,2024-10-01,
4,2357,1,2023-10-01,2024-01-20
4,2357,2,2024-02-10,2024-06-20
4,2357,3,2024-10-01,
4,3511,1,2023-10-01,2024-01-20
4,3511,2,2024-02-10,2024-06-20
4,3511,3,2024-10-01,
4,4114,1,2023-10-01,2024-01-20
4,4114,2,2024-02-10,2024-06-20
4,4114,3,2024-10-01,
4,4223,1,2023-10-01,2024-01-20
4,4223,2,2024-02-10,2024-06-20
4,4223,3,2024-10-01,
4,4579,1,2023-10-01,2024-01-20
4,4579,2,2024-02-10,2024-06-20
4,4579,3,2024-10-01,
4,4622,1,2023-10-01,2024-01-20
4,4622,2,2024-02-10,2024-06-20
4,4622,3,2024-10-01,
4,2120,1,2023-10-01,2024-01-20
4,2120,2,2024-02-10,2024-06-20
4,2120,3,2024-10-01,
4,1020,1,2023-10-01,2024-01-20
4,1020,2,2024-02-10,2024-06-20
4,1020,3,2024-10-01,
4,4305,1,2023-10-01,2024-01-20
4,4305,2,2024-02-10,2024-06-20
4,4305,3,2024-10-01,
4,3187,1,2023-10-01,2024-01-20
4,3187,2,2024-02-10,2024-06-20
4,3187,3,2024-10-01,
4,2154,1,2023-10-01,2024-01-20
4,2154,2,2024-02-10,2024-06-20
4,2154,3,2024-10-01,
4,4072,1,2023-10-01,2024-01-20
4,4072,2,2024-02-10,2024-06-20
4,4072,3,2024-10-01,
4,5657,1,2023-10-01,2024-01-20
4,5657,2,2024-02-10,2024-06-20
4,5657,3,2024-10-01,
4,4441,1,2023-10-01,2024-01-20
4,4441,2,2024-02-10,2024-06-20
4,4441,3,2024-10-01,
4,1194,1,2023-10-01,2024-01-20
4,1194,2,2024-02-10,2024-06-20
4,1194,3,2024-10-01,
4,5458,1,2023-10-01,2024-01-20
4,5458,2,2024-02-10,2024-06-20
4,5458,3,2024-10-01,
4,1049,1,2023-10-01,2024-01-20
4,1049,2,2024-02-10,2024-06-20
4,1049,3,2024-10-01,
4,3271,1,2023-10-01,2024-01-20
4,3271,2,2024-02-10,2024-06-20
4,3271,3,2024-10-01,
4,1401,1,2023-10-01,2024-01-20
4,1401,2,2024-02-10,2024-06-20
4,1401,3,2024-10-01,
4,3062,1,2023-10-01,2024-01-20
4,3062,2,2024-02-10,2024-06-20
4,3062,3,2024-10-01,
4,4947,1,2023-10-01,2024-01-20
4,4947,2,2024-02-10,2024-06-20
4,4947,3,2024-10-01,
4,1420,1,2023-10-01,2024-01-20
4,1420,2,2024-02-10,2024-06-20
4,1420,3,2024-10-01,
4,4037,1,2023-10-01,2024-01-20
4,4037,2,2024-02-10,2024-06-20
4,4037,3,2024-10-01,
4,2275,1,2023-10-01,2024-01-20
4,2275,2,2024-02-10,2024-06-20
4,2275,3,2024-10-01,
4,5637,1,2023-10-01,2024-01-20
4,5637,2,2024-02-10,2024-06-20
4,5637,3,2024-10-01,
4,5608,1,2023-10-01,2024-01-20
4,5608,2,2024-02-10,2024-06-20
4,5608,3,2024-10-01,
4,2208,1,2023-10-01,2024-01-20
4,2208,2,2024-02-10,2024-06-20
4,2208,3,2024-10-01,
4,5087,1,2023-10-01,2024-01-20
4,5087,2,2024-02-10,2024-06-20
4,5087,3,2024-10-01,
4,4650,1,2023-10-01,2024-01-20
4,4650,2,2024-02-10,2024-06-20
4,4650,3,2024-10-01,
4,2114,1,2023-10-01,2024-01-20
4,2114,2,2024-02-10,2024-06-20
4,2114,3,2024-10-01,
4,1305,1,2023-10-01,2024-01-20
4,1305,2,2024-02-10,2024-06-20
4,1305,3,2024-10-01,
4,1542,1,2023-10-01,2024-01-20
4,1542,2,2024-02-10,2024-06-20
4,1542,3,2024-10-01,
4,2580,1,2023-10-01,2024-01-20
4,2580,2,2024-02-10,2024-06-20
4,2580,3,2024-10-01,
4,1885,1,2023-10-01,2024-01-20
4,1885,2,2024-02-10,2024-06-20
4,1885,3,2024-10-01,
4,5006,1,2023-10-01,2024-01-20
4,5006,2,2024-02-10,2024-06-20
4,5006,3,2024-10-01,
4,2776,1,2023-10-01,2024-01-20
4,2776,2,2024-02-10,2024-06-20
4,2776,3,2024-10-01,
4,5470,1,2023-10-01,2024-01-20
4,5470,2,2024-02-10,2024-06-20
4,5470,3,2024-10-01,
4,4195,1,2023-10-01,2024-01-20
4,4195,2,2024-02-10,2024-06-20
4,4195,3,2024-10-01,
4,5474,1,2023-10-01,2024-01-20
4,5474,2,2024-02-10,2024-06-20
4,5474,3,2024-10-01,
4,4018,1,2023-10-01,2024-01-20
4,4018,2,2024-02-10,2024-06-20
4,4018,3,2024-10-01,
4,1488,1,2023-10-01,2024-01-20
4,1488,2,2024-02-10,2024-06-20
4,1488,3,2024-10-01,
4,5432,1,2023-10-01,2024-01-20
4,5432,2,2024-02-10,2024-06-20
4,5432,3,2024-10-01,
4,4887,1,2023-10-01,2024-01-20
4,4887,2,2024-02-10,2024-06-20
4,4887,3,2024-10-01,
4,2510,1,2023-10-01,2024-01-20
4,2510,2,2024-02-10,2024-06-20
4,2510,3,2024-10-01,
4,5986,1,2023-10-01,2024-01-20
4,5986,2,2024-02-10,2024-06-20
4,5986,3,2024-10-01,
4,3679,1,2023-10-01,2024-01-20
4,3679,2,2024-02-10,2024-06-20
4,3679,3,2024-10-01,
4,4213,1,2023-10-01,2024-01-20
4,4213,2,2024-02-10,2024-06-20
4,4213,3,2024-10-01,
4,5224,1,2023-10-01,2024-01-20
4,5224,2,2024-02-10,2024-06-20
4,5224,3,2024-10-01,
4,2450,1,2024-10-01,
4,2303,1,2024-10-01,
4,5774,1,2024-10-01,
4,1464,1,2024-10-01,
4,1541,1,2024-10-01,
4,4340,1,2024-10-01,
4,3163,1,2024-10-01,
4,3778,1,2024-10-01,
4,5975,1,2024-10-01,
4,1696,1,2024-10-01,
4,3876,1,2024-10-01,
4,5565,1,2024-10-01,
4,3532,1,2024-10-01,
4,2832,1,2024-10-01,
4,4419,1,2024-10-01,
4,5502,1,2024-10-01,
4,5780,1,2024-10-01,
4,3424,1,2024-10-01,
4,5812,1,2024-10-01,
4,5317,1,2024-10-01,
4,4297,1,2024-10-01,
4,1042,1,2024-10-01,
4,1139,1,2024-10-01,
4,5000,1,2024-10-01,
4,1795,1,2024-10-01,
4,1346,1,2024-10-01,
4,5217,1,2024-10-01,
4,1926,1,2024-10-01,
4,5359,1,2024-10-01,
4,3301,1,2024-10-01,
4,5439,1,2024-10-01,
4,3455,1,2024-10-01,
4,5630,1,2024-10-01,
4,5677,1,2024-10-01,
4,2738,1,2024-10-01,
4,3426,1,2024-10-01,
4,1634,1,2024-10-01,
4,1124,1,2024-10-01,
4,5767,1,2024-10-01,
4,2226,1,2024-10-01,
4,4087,1,2024-10-01,
4,3079,1,2024-10-01,
4,5471,1,2024-10-01,
4,4541,1,2024-10-01,
4,1297,1,2024-10-01,
4,5243,1,2024-10-01,
4,1383,1,2024-10-01,
4,3954,1,2024-10-01,
4,2484,1,2024-10-01,
4,1583,1,2024-10-01,
4,5361,1,2024-10-01,
4,4454,1,2024-10-01,
4,4167,1,2024-10-01,
4,5571,1,2024-10-01,
4,4187,1,2024-10-01,
4,2895,1,2024-10-01,
4,2792,1,2024-10-01,
4,1706,1,2024-10-01,
4,4705,1,2024-10-01,
4,5457,1,2024-10-01,
4,4746,1,2024-10-01,
4,4994,1,2024-10-01,
4,5294,1,2024-10-01,
4,5203,1,2024-10-01,
4,2917,1,2024-10-01,
4,4445,1,2024-10-01,
4,2562,1,2024-10-01,
4,4649,1,2024-10-01,
4,4451,1,2024-10-01,
4,3504,1,2024-10-01,
5,2880,3,2023-10-01,2024-01-20
5,4492,3,2023-10-01,2024-01-20
5,3995,3,2023-10-01,2024-01-20
5,2787,3,2023-10-01,2024-01-20
5,5098,3,2023-10-01,2024-01-20
5,2350,3,2023-10-01,2024-01-20
5,1118,3,2023-10-01,2024-01-20
5,2009,3,2023-10-01,2024-01-20
5,4587,3,2023-10-01,2024-01-20
5,5037,3,2023-10-01,2024-01-20
5,5003,3,2023-10-01,2024-01-20
5,3520,3,2023-10-01,2024-01-20
5,3771,3,2023-10-01,2024-01-20
5,5060,3,2023-10-01,2024-01-20
5,1389,3,2023-10-01,2024-01-20
5,3039,3,2023-10-01,2024-01-20
5,3617,3,2023-10-01,2024-01-20
5,2070,3,2023-10-01,2024-01-20
5,4560,3,2023-10-01,2024-01-20
5,4732,3,2023-10-01,2024-01-20
5,4983,3,2023-10-01,2024-01-20
5,2875,3,2023-10-01,2024-01-20
5,4593,3,2023-10-01,2024-01-20
5,1245,3,2023-10-01,2024-01-20
5,4529,3,2023-10-01,2024-01-20
5,3124,3,2023-10-01,2024-01-20
5,1845,3,2023-10-01,2024-01-20
5,3576,3,2023-10-01,2024-01-20
5,3400,3,2023-10-01,2024-01-20
5,1013,3,2023-10-01,2024-01-20
5,5321,3,2023-10-01,2024-01-20
5,1377,3,2023-10-01,2024-01-20
5,3002,3,2023-10-01,2024-01-20
5,4254,3,2023-10-01,2024-01-20
5,2887,3,2023-10-01,2024-01-20
5,2707,3,2023-10-01,2024-01-20
5,4797,3,2023-10-01,2024-01-20
5,4636,3,2023-10-01,2024-01-20
5,4819,3,2023-10-01,2024-01-20
5,4458,3,2023-10-01,2024-01-20
5,2704,3,2023-10-01,2024-01-20
5,4561,3,2023-10-01,2024-01-20
5,4042,3,2023-10-01,2024-01-20
5,4183,3,2023-10-01,2024-01-20
5,3016,3,2023-10-01,2024-01-20
5,4473,3,2023-10-01,2024-01-20
5,4244,3,2023-10-01,2024-01-20
5,2486,3,2023-10-01,2024-01-20
5,2959,3,2023-10-01,2024-01-20
5,2198,3,2023-10-01,2024-01-20
5,5481,3,2023-10-01,2024-01-20
5,3274,3,2023-10-01,2024-01-20
5,4001,3,2023-10-01,2024-01-20
5,1060,3,2023-10-01,2024-01-20
5,4689,3,2023-10-01,2024-01-20
5,4961,3,2023-10-01,2024-01-20
5,3826,3,2023-10-01,2024-01-20
5,4356,3,2023-10-01,2024-01-20
5,1733,3,2023-10-01,2024-01-20
5,2908,3,2023-10-01,2024-01-20
5,1037,3,2023-10-01,2024-01-20
5,5349,3,2023-10-01,2024-01-20
5,2670,3,2023-10-01,2024-01-20
5,2188,3,2023-10-01,2024-01-20
5,1520,3,2023-10-01,2024-01-20
5,1766,3,2023-10-01,2024-01-20
5,3485,3,2023-10-01,2024-01-20
5,5203,1,2023-10-01,2024-01-20
5,5203,2,2024-02-10,2024-06-20
5,5203,3,2024-10-01,
5,2148,1,2023-10-01,2024-01-20
5,2148,2,2024-02-10,2024-06-20
5,2148,3,2024-10-01,
5,3032,1,2023-10-01,2024-01-20
5,3032,2,2024-02-10,2024-06-20
5,3032,3,2024-10-01,
5,5455,1,2023-10-01,2024-01-20
5,5455,2,2024-02-10,2024-06-20
5,5455,3,2024-10-01,
5,5409,1,2023-10-01,2024-01-20
5,5409,2,2024-02-10,2024-06-20
5,5409,3,2024-10-01,
5,5241,1,2023-10-01,2024-01-20
5,5241,2,2024-02-10,2024-06-20
5,5241,3,2024-10-01,
5,2769,1,2023-10-01,2024-01-20
5,2769,2,2024-02-10,2024-06-20
5,2769,3,2024-10-01,
5,4607,1,2023-10-01,2024-01-20
5,4607,2,2024-02-10,2024-06-20
5,4607,3,2024-10-01,
5,4544,1,2023-10-01,2024-01-20
5,4544,2,2024-02-10,2024-06-20
5,4544,3,2024-10-01,
5,2754,1,2023-10-01,2024-01-20
5,2754,2,2024-02-10,2024-06-20
5,2754,3,2024-10-01,
5,3902,1,2023-10-01,2024-01-20
5,3902,2,2024-02-10,2024-06-20
5,3902,3,2024-10-01,
5,5786,1,2023-10-01,2024-01-20
5,5786,2,2024-02-10,2024-06-20
5,5786,3,2024-10-01,
5,3921,1,2023-10-01,2024-01-20
5,3921,2,2024-02-10,2024-06-20
5,3921,3,2024-10-01,
5,5447,1,2023-10-01,2024-01-20
5,5447,2,2024-02-10,2024-06-20
5,5447,3,2024-10-01,
5,2684,1,2023-10-01,2024-01-20
5,2684,2,2024-02-10,2024-06-20
5,2684,3,2024-10-01,
5,4382,1,2023-10-01,2024-01-20
5,4382,2,2024-02-10,2024-06-20
5,4382,3,2024-10-01,
5,5616,1,2023-10-01,2024-01-20
5,5616,2,2024-02-10,2024-06-20
5,5616,3,2024-10-01,
5,5656,1,2023-10-01,2024-01-20
5,5656,2,2024-02-10,2024-06-20
5,5656,3,2024-10-01,
5,5312,1,2023-10-01,2024-01-20
5,5312,2,2024-02-10,2024-06-20
5,5312,3,2024-10-01,
5,1097,1,2023-10-01,2024-01-20
5,1097,2,2024-02-10,2024-06-20
5,1097,3,2024-10-01,
5,5644,1,2023-10-01,2024-01-20
5,5644,2,2024-02-10,2024-06-20
5,5644,3,2024-10-01,
5,2092,1,2023-10-01,2024-01-20
5,2092,2,2024-02-10,2024-06-20
5,2092,3,2024-10-01,
5,3387,1,2023-10-01,2024-01-20
5,3387,2,2024-02-10,2024-06-20
5,3387,3,2024-10-01,
5,5140,1,2023-10-01,2024-01-20
5,5140,2,2024-02-10,2024-06-20
5,5140,3,2024-10-01,
5,2392,1,2023-10-01,2024-01-20
5,2392,2,2024-02-10,2024-06-20
5,2392,3,2024-10-01,
5,2214,1,2023-10-01,2024-01-20
5,2214,2,2024-02-10,2024-06-20
5,2214,3,2024-10-01,
5,2185,1,2023-10-01,2024-01-20
5,2185,2,2024-02-10,2024-06-20
5,2185,3,2024-10-01,
5,3185,1,2023-10-01,2024-01-20
5,3185,2,2024-02-10,2024-06-20
5,3185,3,2024-10-01,
5,3600,1,2023-10-01,2024-01-20
5,3600,2,2024-02-10,2024-06-20
5,3600,3,2024-10-01,
5,5883,1,2023-10-01,2024-01-20
5,5883,2,2024-02-10,2024-06-20
5,5883,3,2024-10-01,
5,3393,1,2023-10-01,2024-01-20
5,3393,2,2024-02-10,2024-06-20
5,3393,3,2024-10-01,
5,5026,1,2023-10-01,2024-01-20
5,5026,2,2024-02-10,2024-06-20
5,5026,3,2024-10-01,
5,2905,1,2023-10-01,2024-01-20
5,2905,2,2024-02-10,2024-06-20
5,2905,3,2024-10-01,
5,3629,1,2023-10-01,2024-01-20
5,3629,2,2024-02-10,2024-06-20
5,3629,3,2024-10-01,
5,1145,1,2023-10-01,2024-01-20
5,1145,2,2024-02-10,2024-06-20
5,1145,3,2024-10-01,
5,4410,1,2023-10-01,2024-01-20
5,4410,2,2024-02-10,2024-06-20
5,4410,3,2024-10-01,
5,4681,1,2023-10-01,2024-01-20
5,4681,2,2024-02-10,2024-06-20
5,4681,3,2024-10-01,
5,1811,1,2023-10-01,2024-01-20
5,1811,2,2024-02-10,2024-06-20
5,1811,3,2024-10-01,
5,4823,1,2023-10-01,2024-01-20
5,4823,2,2024-02-10,2024-06-20
5,4823,3,2024-10-01,
5,4645,1,2023-10-01,2024-01-20
5,4645,2,2024-02-10,2024-06-20
5,4645,3,2024-10-01,
5,2690,1,2023-10-01,2024-01-20
5,2690,2,2024-02-10,2024-06-20
5,2690,3,2024-10-01,
5,5158,1,2023-10-01,2024-01-20
5,5158,2,2024-02-10,2024-06-20
5,5158,3,2024-10-01,
5,1842,1,2023-10-01,2024-01-20
5,1842,2,2024-02-10,2024-06-20
5,1842,3,2024-10-01,
5,3712,1,2023-10-01,2024-01-20
5,3712,2,2024-02-10,2024-06-20
5,3712,3,2024-10-01,
5,1516,1,2023-10-01,2024-01-20
5,1516,2,2024-02-10,2024-06-20
5,1516,3,2024-10-01,
5,3478,1,2023-10-01,2024-01-20
5,3478,2,2024-02-10,2024-06-20
5,3478,3,2024-10-01,
5,2468,1,2023-10-01,2024-01-20
5,2468,2,2024-02-10,2024-06-20
5,2468,3,2024-10-01,
5,5754,1,2023-10-01,2024-01-20
5,5754,2,2024-02-10,2024-06-20
5,5754,3,2024-10-01,
5,2699,1,2023-10-01,2024-01-20
5,2699,2,2024-02-10,2024-06-20
5,2699,3,2024-10-01,
5,4193,1,2023-10-01,2024-01-20
5,4193,2,2024-02-10,2024-06-20
5,4193,3,2024-10-01,
5,4457,1,2023-10-01,2024-01-20
5,4457,2,2024-02-10,2024-06-20
5,4457,3,2024-10-01,
5,3599,1,2023-10-01,2024-01-20
5,3599,2,2024-02-10,2024-06-20
5,3599,3,2024-10-01,
5,5449,1,2023-10-01,2024-01-20
5,5449,2,2024-02-10,2024-06-20
5,5449,3,2024-10-01,
5,1350,1,2023-10-01,2024-01-20
5,1350,2,2024-02-10,2024-06-20
5,1350,3,2024-10-01,
5,4609,1,2023-10-01,2024-01-20
5,4609,2,2024-02-10,2024-06-20
5,4609,3,2024-10-01,
5,5234,1,2023-10-01,2024-01-20
5,5234,2,2024-02-10,2024-06-20
5,5234,3,2024-10-01,
5,2778,1,2023-10-01,2024-01-20
5,2778,2,2024-02-10,2024-06-20
5,2778,3,2024-10-01,
5,3379,1,2023-10-01,2024-01-20
5,3379,2,2024-02-10,2024-06-20
5,3379,3,2024-10-01,
5,5540,1,2023-10-01,2024-01-20
5,5540,2,2024-02-10,2024-06-20
5,5540,3,2024-10-01,
5,3731,1,2023-10-01,2024-01-20
5,3731,2,2024-02-10,2024-06-20
5,3731,3,2024-10-01,
5,2513,1,2023-10-01,2024-01-20
5,2513,2,2024-02-10,2024-06-20
5,2513,3,2024-10-01,
5,3631,1,2023-10-01,2024-01-20
5,3631,2,2024-02-10,2024-06-20
5,3631,3,2024-10-01,
5,5180,1,2023-10-01,2024-01-20
5,5180,2,2024-02-10,2024-06-20
5,5180,3,2024-10-01,
5,5808,1,2023-10-01,2024-01-20
5,5808,2,2024-02-10,2024-06-20
5,5808,3,2024-10-01,
5,2269,1,2023-10-01,2024-01-20
5,2269,2,2024-02-10,2024-06-20
5,2269,3,2024-10-01,
5,2050,1,2024-10-01,
5,5465,1,2024-10-01,
5,2675,1,2024-10-01,
5,4900,1,2024-10-01,
5,4892,1,2024-10-01,
5,4703,1,2024-10-01,
5,4229,1,2024-10-01,
5,5131,1,2024-10-01,
5,1794,1,2024-10-01,
5,4124,1,2024-10-01,
5,2268,1,2024-10-01,
5,4534,1,2024-10-01,
5,5432,1,2024-10-01,
5,5053,1,2024-10-01,
5,1387,1,2024-10-01,
5,4357,1,2024-10-01,
5,5336,1,2024-10-01,
5,3374,1,2024-10-01,
5,4914,1,2024-10-01,
5,3037,1,2024-10-01,
5,2061,1,2024-10-01,
5,5623,1,2024-10-01,
5,4196,1,2024-10-01,
5,3448,1,2024-10-01,
5,5179,1,2024-10-01,
5,3958,1,2024-10-01,
5,4012,1,2024-10-01,
5,3536,1,2024-10-01,
5,1429,1,2024-10-01,
5,4875,1,2024-10-01,
5,4839,1,2024-10-01,
5,2868,1,2024-10-01,
5,3739,1,2024-10-01,
5,4701,1,2024-10-01,
5,5772,1,2024-10-01,
5,1105,1,2024-10-01,
5,5388,1,2024-10-01,
5,1814,1,2024-10-01,
5,5299,1,2024-10-01,
5,2066,1,2024-10-01,
5,4021,1,2024-10-01,
5,5710,1,2024-10-01,
5,4332,1,2024-10-01,
5,1204,1,2024-10-01,
5,1462,1,2024-10-01,
5,3335,1,2024-10-01,
5,3704,1,2024-10-01,
5,4299,1,2024-10-01,
5,3397,1,2024-10-01,
5,2099,1,2024-10-01,
5,5188,1,2024-10-01,
5,4769,1,2024-10-01,
5,3971,1,2024-10-01,
5,1366,1,2024-10-01,
5,1725,1,2024-10-01,
5,1428,1,2024-10-01,
5,3209,1,2024-10-01,
5,2896,1,2024-10-01,
5,3156,1,2024-10-01,
5,4292,1,2024-10-01,
5,3636,1,2024-10-01,
5,2352,1,2024-10-01,
