MeetingID,MeetingTypeID,SubjectID,Meeting_date,Link,LanguageID,TranslatorID,Price,StationaryID,RoomID
478,2,20,2025-01-04 14:45:00,https://teams.microsoft.com/l/meetup-join/x2da4lwotf3n8l23syb1,3,103,49.99,,
224,2,6,2024-10-09 13:00:00,https://teams.microsoft.com/l/meetup-join/fgwmp5rq0fc4f8o8mfwg,6,,29.99,,
412,2,16,2023-12-05 10:00:00,https://teams.microsoft.com/l/meetup-join/cia9ey3b10yvly796zgu,6,,29.99,,
160,2,3,2024-04-30 13:00:00,https://teams.microsoft.com/l/meetup-join/fhp75hep26lcth8d277a,2,107,59.99,,
177,2,4,2024-04-26 14:45:00,https://teams.microsoft.com/l/meetup-join/m2g2g8wedew8xlyjdd7n,6,,59.99,,
710,1,20,2025-01-28 11:15:00,,6,,49.99,18,128
441,2,18,2024-03-18 14:45:00,https://teams.microsoft.com/l/meetup-join/k27w36mf7ghk3xzhxo3a,6,,49.99,,
119,2,1,2024-12-04 11:15:00,https://teams.microsoft.com/l/meetup-join/56av6s0rzpkb9kdsii0e,6,,49.99,,
297,2,11,2024-11-07 14:45:00,https://teams.microsoft.com/l/meetup-join/xkkv15t5vcd0vtvdia3u,6,,49.99,,
403,2,16,2024-10-13 14:45:00,https://teams.microsoft.com/l/meetup-join/xpofuinliwvfuvor9m81,6,,29.99,,
156,2,3,2024-04-01 13:00:00,https://teams.microsoft.com/l/meetup-join/j2hcpwq2z0o5btn8as4c,6,,29.99,,
338,2,12,2023-11-27 14:45:00,https://teams.microsoft.com/l/meetup-join/1kooa4auhipmqlmj2z1k,6,,29.99,,
283,2,10,2024-12-29 14:45:00,https://teams.microsoft.com/l/meetup-join/imoun3rghzzf09dlhdvs,6,,29.99,,
375,2,15,2025-01-16 14:45:00,https://teams.microsoft.com/l/meetup-join/vws8q9khvlzlab025oa7,6,,59.99,,
292,2,10,2024-01-17 11:15:00,https://teams.microsoft.com/l/meetup-join/vw7tbf9otd5xcs4ywucw,2,106,49.99,,
390,2,16,2023-11-23 13:00:00,https://teams.microsoft.com/l/meetup-join/2dclnzvvxqedfz6jyxwo,5,100,49.99,,
400,2,16,2024-01-18 10:00:00,https://teams.microsoft.com/l/meetup-join/7nqa7hjouzi1khf06m6d,6,,29.99,,
356,2,14,2024-06-02 14:45:00,https://teams.microsoft.com/l/meetup-join/zlgxoyuvxubnwwxpzp7m,6,,59.99,,
395,2,16,2024-10-14 14:45:00,https://teams.microsoft.com/l/meetup-join/y2gjt75sjselpz3hrjax,5,102,59.99,,
409,2,16,2025-01-13 10:00:00,https://teams.microsoft.com/l/meetup-join/kmh1wyk45a8escg7keku,6,,49.99,,
421,2,17,2024-11-19 13:00:00,https://teams.microsoft.com/l/meetup-join/bd9hu9nyg4rmzcwx66wd,6,,49.99,,
447,2,18,2024-05-26 11:15:00,https://teams.microsoft.com/l/meetup-join/5kddwc2xvoyzgj27dydq,6,,49.99,,
282,2,10,2023-10-14 11:15:00,https://teams.microsoft.com/l/meetup-join/3pxljhg3z7lua7dxfsd5,6,,49.99,,
298,2,11,2023-11-18 10:00:00,https://teams.microsoft.com/l/meetup-join/r9qul10c0yvokj01lhr6,6,,29.99,,
349,2,13,2024-02-18 10:00:00,https://teams.microsoft.com/l/meetup-join/xhu4rxc0oa3oep6yvmlc,6,,49.99,,
112,2,1,2023-12-29 11:15:00,https://teams.microsoft.com/l/meetup-join/pod0iocbfljgnlh2ub6d,6,,59.99,,
393,2,16,2024-11-06 13:00:00,https://teams.microsoft.com/l/meetup-join/gr397r4y0ut3h8j02vdu,6,,29.99,,
638,1,7,2024-01-25 11:15:00,,6,,29.99,5,103
275,2,9,2024-05-15 14:45:00,https://teams.microsoft.com/l/meetup-join/lbecnwkdr8nf879zk25p,6,,49.99,,
452,2,19,2024-02-21 14:45:00,https://teams.microsoft.com/l/meetup-join/f4gr8vwp6mijdk4s2r06,6,,49.99,,
476,2,20,2025-01-20 11:15:00,https://teams.microsoft.com/l/meetup-join/8jnv8225r2bujxrid98e,6,,49.99,,
611,1,4,2024-06-26 14:45:00,,6,,29.99,2,124
249,2,8,2024-05-10 11:15:00,https://teams.microsoft.com/l/meetup-join/4gf0zq5lfludu0ac3ryh,6,,49.99,,
210,2,6,2024-12-07 11:15:00,https://teams.microsoft.com/l/meetup-join/l81lp5e6kqrwjc9x6noh,6,,29.99,,
362,2,14,2024-03-29 10:00:00,https://teams.microsoft.com/l/meetup-join/zy5qwkbq3l4vgw801fxm,6,,59.99,,
270,2,9,2024-04-08 11:15:00,https://teams.microsoft.com/l/meetup-join/tkn9673ubfu5oqdf6ls1,6,,49.99,,
279,2,10,2024-10-30 13:00:00,https://teams.microsoft.com/l/meetup-join/6xqtvsuvcqrqew517lmv,6,,59.99,,
351,2,13,2024-04-09 13:00:00,https://teams.microsoft.com/l/meetup-join/pmaq4vtigdeepxwceakz,6,,59.99,,
631,1,2,2025-01-24 10:00:00,,6,,29.99,4,119
185,2,5,2023-12-23 13:00:00,https://teams.microsoft.com/l/meetup-join/cqnx54fpepm6y837c1wr,5,102,59.99,,
309,2,11,2024-10-02 10:00:00,https://teams.microsoft.com/l/meetup-join/ajoi7nq87e3zeodr7mko,6,,49.99,,
178,2,4,2024-02-20 13:00:00,https://teams.microsoft.com/l/meetup-join/dnhgs9ueu2vznykj0feh,6,,59.99,,
305,2,11,2024-10-06 14:45:00,https://teams.microsoft.com/l/meetup-join/z4lhfdxpae4ck0us1k7h,6,,59.99,,
316,2,12,2023-12-16 11:15:00,https://teams.microsoft.com/l/meetup-join/2zieor0ntcbh58hm2df6,6,,29.99,,
304,2,11,2023-10-26 13:00:00,https://teams.microsoft.com/l/meetup-join/0r1jcryhx4na93hayhzs,6,,29.99,,
150,2,3,2024-02-21 13:00:00,https://teams.microsoft.com/l/meetup-join/dxjnwsp54dcpbj7mfwmu,6,,59.99,,
303,2,11,2024-12-27 14:45:00,https://teams.microsoft.com/l/meetup-join/sffbmf2ovhakmtltkdl8,6,,29.99,,
317,2,12,2024-10-30 10:00:00,https://teams.microsoft.com/l/meetup-join/dlqm97hd2bcnmzzywe9s,6,,59.99,,
353,2,13,2024-02-28 10:00:00,https://teams.microsoft.com/l/meetup-join/39j6ga76itjhrlt0mj8g,6,,59.99,,
354,2,13,2024-03-20 14:45:00,https://teams.microsoft.com/l/meetup-join/krpxy0xvi19aj9kmcgv4,6,,29.99,,
345,2,13,2024-02-12 10:00:00,https://teams.microsoft.com/l/meetup-join/oksxp2cqhf23mdvm3w6m,6,,49.99,,
614,1,4,2024-06-27 11:15:00,,6,,59.99,2,112
124,2,1,2024-01-10 14:45:00,https://teams.microsoft.com/l/meetup-join/vas1svhf337zmlw6wbil,2,104,49.99,,
320,2,12,2023-10-31 11:15:00,https://teams.microsoft.com/l/meetup-join/xin7d6937ehnk44tmzm1,6,,29.99,,
218,2,6,2024-11-11 11:15:00,https://teams.microsoft.com/l/meetup-join/59wc9uy01lkjbqb3cu4s,6,,29.99,,
137,2,2,2024-10-10 14:45:00,https://teams.microsoft.com/l/meetup-join/ger2jocn21uwzj6chxnl,6,,59.99,,
355,2,14,2024-04-11 13:00:00,https://teams.microsoft.com/l/meetup-join/bkxgyl5z5l51nogujg5l,1,101,29.99,,
201,2,5,2023-10-04 13:00:00,https://teams.microsoft.com/l/meetup-join/d8mwi6ho0u7n3d6jds1r,6,,29.99,,
336,2,12,2023-10-08 11:15:00,https://teams.microsoft.com/l/meetup-join/2gfhuwnaeyy7x1tq73vj,6,,59.99,,
152,2,3,2024-05-07 11:15:00,https://teams.microsoft.com/l/meetup-join/lwbkckuv9ybumstpeu2k,2,108,29.99,,
446,2,18,2024-05-17 11:15:00,https://teams.microsoft.com/l/meetup-join/63g1d08cebqbcq7jvgug,6,,59.99,,
167,2,4,2024-06-18 13:00:00,https://teams.microsoft.com/l/meetup-join/qmasetmwfgqyd35kplqa,6,,29.99,,
173,2,4,2024-02-11 10:00:00,https://teams.microsoft.com/l/meetup-join/593qyx3x8h2e8i6hx05l,6,,59.99,,
333,2,12,2024-11-09 11:15:00,https://teams.microsoft.com/l/meetup-join/cicatri5ndt70m1zbk8q,6,,29.99,,
188,2,5,2024-11-13 14:45:00,https://teams.microsoft.com/l/meetup-join/5wk7nzno5r1cyqd3o4ol,6,,29.99,,
442,2,18,2024-04-12 10:00:00,https://teams.microsoft.com/l/meetup-join/8zl4976e9o3kk26xn222,5,108,29.99,,
209,2,6,2023-12-16 14:45:00,https://teams.microsoft.com/l/meetup-join/ok589vskllcdol7mk3ib,6,,59.99,,
328,2,12,2023-12-19 14:45:00,https://teams.microsoft.com/l/meetup-join/mcwz45bn2ws1ll01i682,6,,49.99,,
204,2,5,2024-12-21 13:00:00,https://teams.microsoft.com/l/meetup-join/6d46y11926xyvvr1uz5w,6,,49.99,,
208,2,6,2024-12-16 13:00:00,https://teams.microsoft.com/l/meetup-join/hszijgfkpz9w1j522tnc,6,,29.99,,
216,2,6,2024-10-08 14:45:00,https://teams.microsoft.com/l/meetup-join/avfl77crzjy0mf8c3f5r,6,,59.99,,
324,2,12,2023-12-07 13:00:00,https://teams.microsoft.com/l/meetup-join/kaf0rwwfqb5cesfiztjd,5,103,59.99,,
149,2,3,2024-03-23 10:00:00,https://teams.microsoft.com/l/meetup-join/sf8rkx1xa5bbobpd02d2,6,,59.99,,
321,2,12,2024-10-08 10:00:00,https://teams.microsoft.com/l/meetup-join/51feakxcf8e2hz3pv82t,6,,59.99,,
663,1,12,2024-01-25 11:15:00,,6,,59.99,10,107
230,2,7,2024-10-03 11:15:00,https://teams.microsoft.com/l/meetup-join/dbk62axtrvvtg4q5um0g,4,107,59.99,,
654,1,10,2025-01-25 14:45:00,,6,,49.99,8,106
262,2,9,2024-05-12 14:45:00,https://teams.microsoft.com/l/meetup-join/ho51jcf72zpp7nb6jo0t,1,101,29.99,,
378,2,15,2023-10-16 11:15:00,https://teams.microsoft.com/l/meetup-join/jvp9fax9abomlc8ftx1m,6,,29.99,,
106,2,1,2023-10-10 14:45:00,https://teams.microsoft.com/l/meetup-join/l81uzc5xq0wym9dowp45,6,,49.99,,
252,2,8,2024-06-09 11:15:00,https://teams.microsoft.com/l/meetup-join/saxiv18utb9xyo03kh68,6,,29.99,,
381,2,15,2024-12-28 11:15:00,https://teams.microsoft.com/l/meetup-join/8p8innyhcv84fexvu11t,6,,59.99,,
608,1,5,2024-01-25 10:00:00,,1,101,49.99,1,124
212,2,6,2024-12-08 13:00:00,https://teams.microsoft.com/l/meetup-join/3z2rwrk3gt3ffxo1tta8,6,,29.99,,
245,2,8,2024-02-27 14:45:00,https://teams.microsoft.com/l/meetup-join/vktes5xwtfbkinz20wxy,6,,29.99,,
290,2,10,2023-12-02 14:45:00,https://teams.microsoft.com/l/meetup-join/9fqijfqi4c9anpqn9412,6,,59.99,,
406,2,16,2024-01-03 14:45:00,https://teams.microsoft.com/l/meetup-join/8vtyvjkzo1dr0ujaa82l,1,108,59.99,,
284,2,10,2023-11-16 10:00:00,https://teams.microsoft.com/l/meetup-join/sobwbwq1iknaaehqth13,6,,49.99,,
280,2,10,2023-11-23 11:15:00,https://teams.microsoft.com/l/meetup-join/2bg1o5jwxkzgz7ricr6w,3,100,29.99,,
405,2,16,2024-12-09 10:00:00,https://teams.microsoft.com/l/meetup-join/zqlpj4dm7a7w5t7iyjcf,2,108,29.99,,
622,1,5,2025-01-27 13:00:00,,6,,59.99,3,117
301,2,11,2024-10-12 13:00:00,https://teams.microsoft.com/l/meetup-join/5c0iv7ryc4y6mezqob0n,2,104,29.99,,
396,2,16,2023-12-28 11:15:00,https://teams.microsoft.com/l/meetup-join/rff7ps9d3wgxz057dw4h,6,,29.99,,
411,2,16,2024-12-01 10:00:00,https://teams.microsoft.com/l/meetup-join/vo9l7ayrtau3dw0eim9p,6,,29.99,,
648,1,10,2025-01-25 13:00:00,,6,,29.99,8,115
142,2,2,2023-12-28 10:00:00,https://teams.microsoft.com/l/meetup-join/w5o8dxa2a7bcw4c94dof,6,,29.99,,
640,1,10,2024-01-26 10:00:00,,6,,29.99,6,115
346,2,13,2024-03-21 10:00:00,https://teams.microsoft.com/l/meetup-join/i4x4gb3dxxi5rk0dg0f3,6,,49.99,,
327,2,12,2024-11-22 13:00:00,https://teams.microsoft.com/l/meetup-join/r46859604g58lnkv74sq,6,,29.99,,
370,2,14,2024-04-20 11:15:00,https://teams.microsoft.com/l/meetup-join/kyuebr906b11rhi7vhb0,6,,49.99,,
415,2,16,2024-12-12 11:15:00,https://teams.microsoft.com/l/meetup-join/vyfg02wtx5blby4170o3,6,,49.99,,
422,2,17,2023-12-20 10:00:00,https://teams.microsoft.com/l/meetup-join/u5uaap2mfglb7bteclqu,6,,59.99,,
744,1,22,2025-01-28 13:00:00,,6,,49.99,24,122
501,2,21,2023-12-19 11:15:00,https://teams.microsoft.com/l/meetup-join/tawzfnyewot7fjynczlc,6,,29.99,,
195,2,5,2024-01-08 14:45:00,https://teams.microsoft.com/l/meetup-join/8eu42k05uo4pp3yh42wu,1,101,29.99,,
205,2,6,2023-12-18 10:00:00,https://teams.microsoft.com/l/meetup-join/ejbwh4vq12182te48x2t,6,,49.99,,
532,2,22,2024-10-14 10:00:00,https://teams.microsoft.com/l/meetup-join/63981c4oqppjjg1m8wcu,6,,59.99,,
730,1,25,2024-01-28 13:00:00,,6,,59.99,21,117
147,2,2,2024-11-27 14:45:00,https://teams.microsoft.com/l/meetup-join/t59zn5i5xrfxt3vhdozp,6,,59.99,,
413,2,16,2024-12-21 13:00:00,https://teams.microsoft.com/l/meetup-join/i3z7jp7v54kn2d5adw8m,6,,59.99,,
722,1,22,2024-01-27 11:15:00,,6,,49.99,20,105
200,2,5,2024-10-20 11:15:00,https://teams.microsoft.com/l/meetup-join/mm2fcguj2zqwmx7ux55b,6,,29.99,,
717,1,22,2024-01-22 11:15:00,,6,,29.99,20,106
135,2,2,2024-12-05 11:15:00,https://teams.microsoft.com/l/meetup-join/mmjzj5j3rvuobk4bip6g,6,,49.99,,
509,2,21,2024-01-03 13:00:00,https://teams.microsoft.com/l/meetup-join/gnfc6uh6l50k95qw0zqs,2,104,49.99,,
120,2,1,2023-10-07 13:00:00,https://teams.microsoft.com/l/meetup-join/f1kmshuxyz2onzmqeq5t,2,109,59.99,,
232,2,7,2024-11-03 10:00:00,https://teams.microsoft.com/l/meetup-join/efpru3nbtvvcdjoyrwu2,6,,59.99,,
325,2,12,2024-12-21 13:00:00,https://teams.microsoft.com/l/meetup-join/6ofudpshyqba5fhl4v64,6,,49.99,,
161,2,3,2024-03-31 13:00:00,https://teams.microsoft.com/l/meetup-join/04jl10qcsx4kqackqyld,3,109,59.99,,
263,2,9,2024-04-09 11:15:00,https://teams.microsoft.com/l/meetup-join/8tr44haf893dtbshztn6,2,107,49.99,,
340,2,12,2023-10-01 10:00:00,https://teams.microsoft.com/l/meetup-join/mu8oviv6zwlsgl00xe8s,6,,29.99,,
194,2,5,2024-12-05 13:00:00,https://teams.microsoft.com/l/meetup-join/bjkqy6cnp3rqt01yblye,1,101,29.99,,
720,1,21,2024-01-24 10:00:00,,1,100,29.99,20,123
180,2,4,2024-06-09 10:00:00,https://teams.microsoft.com/l/meetup-join/8jjo1c2l1bsszyudhey5,6,,49.99,,
458,2,19,2024-03-20 13:00:00,https://teams.microsoft.com/l/meetup-join/w32yx87yuf7pxfhh5knb,2,104,49.99,,
682,1,15,2025-01-21 14:45:00,,6,,59.99,13,116
115,2,1,2024-11-15 13:00:00,https://teams.microsoft.com/l/meetup-join/nxz6niam5b8yf9jovagv,6,,59.99,,
318,2,12,2023-10-16 13:00:00,https://teams.microsoft.com/l/meetup-join/9houi2vpr96rbqoa2om5,3,103,29.99,,
107,2,1,2024-10-09 14:45:00,https://teams.microsoft.com/l/meetup-join/k5k7yg47dg8kyxaxlvuc,6,,59.99,,
240,2,7,2024-10-19 13:00:00,https://teams.microsoft.com/l/meetup-join/p3p6v6x9myc995qk3zt2,6,,29.99,,
322,2,12,2023-11-08 11:15:00,https://teams.microsoft.com/l/meetup-join/pkocsmg9q46b79j1ihxf,6,,59.99,,
429,2,17,2024-12-07 13:00:00,https://teams.microsoft.com/l/meetup-join/6kbns0o1wrjdo2f2he9o,6,,49.99,,
214,2,6,2024-10-06 11:15:00,https://teams.microsoft.com/l/meetup-join/qx0bmlz945ff23bcqa84,6,,49.99,,
425,2,17,2024-10-20 14:45:00,https://teams.microsoft.com/l/meetup-join/uovlbvvltyi7vn789hp2,5,105,59.99,,
428,2,17,2024-01-07 10:00:00,https://teams.microsoft.com/l/meetup-join/k7c1u6gb92liwlkzh6dv,3,100,49.99,,
163,2,4,2024-05-13 11:15:00,https://teams.microsoft.com/l/meetup-join/f80g84tbjvmz5epz2638,6,,49.99,,
307,2,11,2024-12-19 14:45:00,https://teams.microsoft.com/l/meetup-join/994zvhsu6ip3ya8d35f2,6,,59.99,,
134,2,2,2023-10-30 13:00:00,https://teams.microsoft.com/l/meetup-join/u5a5nz3i2i427kbmvclg,6,,29.99,,
174,2,4,2024-06-15 14:45:00,https://teams.microsoft.com/l/meetup-join/zm9ci3gh6wv6bw9cnrvm,6,,29.99,,
127,2,1,2024-11-22 13:00:00,https://teams.microsoft.com/l/meetup-join/f4eil7cdf5yx1n02npy1,6,,29.99,,
398,2,16,2023-10-09 13:00:00,https://teams.microsoft.com/l/meetup-join/je65gc2adnu1go0m9efq,6,,29.99,,
735,1,25,2025-01-21 11:15:00,,6,,49.99,23,109
383,2,15,2024-10-28 11:15:00,https://teams.microsoft.com/l/meetup-join/2rt5lonrphzwx8l8jein,6,,49.99,,
164,2,4,2024-04-11 11:15:00,https://teams.microsoft.com/l/meetup-join/fu4y2qh9pvk1avtp4tpt,6,,49.99,,
157,2,3,2024-06-10 11:15:00,https://teams.microsoft.com/l/meetup-join/aetyn7pmpe03sfk1u3fb,6,,29.99,,
296,2,11,2023-12-11 11:15:00,https://teams.microsoft.com/l/meetup-join/dakex56xo5pmnlipmd3w,6,,49.99,,
361,2,14,2024-03-08 10:00:00,https://teams.microsoft.com/l/meetup-join/yhqtuwrbmgqw0kqsg56z,3,103,49.99,,
371,2,14,2024-02-26 13:00:00,https://teams.microsoft.com/l/meetup-join/tj2yi3fvpvqfefrw4w23,2,104,49.99,,
436,2,18,2024-05-08 13:00:00,https://teams.microsoft.com/l/meetup-join/wew0v0khlcdrxzxpzaw3,6,,59.99,,
258,2,8,2024-05-14 10:00:00,https://teams.microsoft.com/l/meetup-join/lw8f9aqsiztedkyarbib,2,109,29.99,,
604,1,2,2024-01-25 11:15:00,,6,,49.99,0,123
254,2,8,2024-04-04 10:00:00,https://teams.microsoft.com/l/meetup-join/z6u7ritepqrk3cta5tmh,6,,29.99,,
334,2,12,2024-01-01 14:45:00,https://teams.microsoft.com/l/meetup-join/irdf047fvit4bzpp9m5l,6,,59.99,,
426,2,17,2024-01-08 11:15:00,https://teams.microsoft.com/l/meetup-join/srcb6ojmld1ej98v0k9x,6,,49.99,,
474,2,20,2024-10-28 10:00:00,https://teams.microsoft.com/l/meetup-join/6vvwd939tgx2xo31rkxg,1,101,29.99,,
116,2,1,2023-12-02 14:45:00,https://teams.microsoft.com/l/meetup-join/i9pbhgx6b54qiizrwpmb,6,,29.99,,
243,2,7,2024-01-16 13:00:00,https://teams.microsoft.com/l/meetup-join/2inzef8uagvw9pa0b3d6,6,,49.99,,
306,2,11,2023-12-31 14:45:00,https://teams.microsoft.com/l/meetup-join/oliuhzksv5jj4vqqetob,4,102,49.99,,
268,2,9,2024-06-15 11:15:00,https://teams.microsoft.com/l/meetup-join/0ur3tu2sh5az7h6l0tzo,6,,59.99,,
449,2,18,2024-04-17 14:45:00,https://teams.microsoft.com/l/meetup-join/6m8ogfl04neglz2gus2i,6,,29.99,,
459,2,19,2024-04-28 11:15:00,https://teams.microsoft.com/l/meetup-join/2whuclr5o9s1ggpbmlun,6,,49.99,,
624,1,5,2025-01-27 14:45:00,,6,,49.99,3,132
250,2,8,2024-04-25 11:15:00,https://teams.microsoft.com/l/meetup-join/kldcw4x35c9jhkfgdry9,2,104,29.99,,
341,2,12,2024-12-30 13:00:00,https://teams.microsoft.com/l/meetup-join/zjzczeqc0e42ipht08d2,6,,59.99,,
456,2,19,2024-05-19 13:00:00,https://teams.microsoft.com/l/meetup-join/rmqthl9r6l209kn6pk2r,6,,29.99,,
239,2,7,2024-01-05 10:00:00,https://teams.microsoft.com/l/meetup-join/nfj3kjyfgab53l9ibsy0,6,,49.99,,
288,2,10,2024-01-09 14:45:00,https://teams.microsoft.com/l/meetup-join/xwmhrmho7c49q861o29z,6,,29.99,,
655,1,10,2025-01-25 11:15:00,,2,106,29.99,8,111
607,1,5,2024-01-23 11:15:00,,6,,49.99,1,106
182,2,5,2024-10-06 14:45:00,https://teams.microsoft.com/l/meetup-join/ifwpp8kosb9dhbx1114r,6,,29.99,,
241,2,7,2023-11-16 13:00:00,https://teams.microsoft.com/l/meetup-join/zn1jpl23k13g1huu8mqk,6,,49.99,,
689,1,16,2024-01-22 11:15:00,,1,102,59.99,15,109
222,2,6,2024-12-19 11:15:00,https://teams.microsoft.com/l/meetup-join/79m3m9c1lemisskb9kg6,1,105,29.99,,
206,2,6,2024-11-12 13:00:00,https://teams.microsoft.com/l/meetup-join/h5n5ssfawpo14ulvjuil,6,,59.99,,
291,2,10,2024-11-20 10:00:00,https://teams.microsoft.com/l/meetup-join/isp5oxzty2xo254r7weg,6,,49.99,,
329,2,12,2024-11-03 14:45:00,https://teams.microsoft.com/l/meetup-join/7o1dceg0kbtke9161j6d,6,,29.99,,
278,2,10,2023-12-26 13:00:00,https://teams.microsoft.com/l/meetup-join/snj2wpchh14uwdm86iml,6,,59.99,,
293,2,10,2024-11-11 10:00:00,https://teams.microsoft.com/l/meetup-join/wj0y71bfbsdzd8iflrgd,5,108,59.99,,
337,2,12,2025-01-13 10:00:00,https://teams.microsoft.com/l/meetup-join/77qb8oq67v36h210cg8l,6,,29.99,,
121,2,1,2024-10-09 13:00:00,https://teams.microsoft.com/l/meetup-join/5o4a3qbdbg2um65tw8gw,6,,49.99,,
221,2,6,2023-11-27 11:15:00,https://teams.microsoft.com/l/meetup-join/2h2oql1eoc2j95k3ryiu,2,109,29.99,,
184,2,5,2024-11-19 14:45:00,https://teams.microsoft.com/l/meetup-join/wphql1xrs9irjowsjjuf,6,,59.99,,
162,2,3,2024-03-22 10:00:00,https://teams.microsoft.com/l/meetup-join/p0sh4ie5zryy3xmymnkl,6,,59.99,,
294,2,11,2023-11-08 14:45:00,https://teams.microsoft.com/l/meetup-join/i3l8q6b0mrj036i1tufv,6,,49.99,,
437,2,18,2024-06-12 14:45:00,https://teams.microsoft.com/l/meetup-join/tey7a4qg9hdxg4xsnmxx,6,,29.99,,
169,2,4,2024-03-30 14:45:00,https://teams.microsoft.com/l/meetup-join/ij7jh1axg6fnwbv3gdlr,6,,49.99,,
223,2,6,2023-11-16 10:00:00,https://teams.microsoft.com/l/meetup-join/6xq1d1mjlze6bbn0v0ox,6,,29.99,,
108,2,1,2023-12-02 10:00:00,https://teams.microsoft.com/l/meetup-join/toyfa8nogpw2e8oj50kg,6,,49.99,,
219,2,6,2023-11-05 13:00:00,https://teams.microsoft.com/l/meetup-join/pb4hppql39dqvnvsqztn,6,,49.99,,
274,2,9,2024-04-18 11:15:00,https://teams.microsoft.com/l/meetup-join/8j0o9o5fs0aoc8oz04fw,6,,29.99,,
154,2,3,2024-04-08 11:15:00,https://teams.microsoft.com/l/meetup-join/x0uhnjyenghkt7x6w7ya,4,105,49.99,,
703,1,18,2024-06-23 11:15:00,,6,,59.99,17,112
143,2,2,2025-01-04 11:15:00,https://teams.microsoft.com/l/meetup-join/hlojywot4ge71aegdpdo,6,,49.99,,
145,2,2,2024-10-01 11:15:00,https://teams.microsoft.com/l/meetup-join/vdwjtc5nw6lzo18kw0ot,6,,49.99,,
181,2,5,2023-10-16 11:15:00,https://teams.microsoft.com/l/meetup-join/qmfr9wnj9talzvqb66lp,6,,29.99,,
247,2,8,2024-06-11 11:15:00,https://teams.microsoft.com/l/meetup-join/jnhrx8csxje40rb8nrl3,6,,49.99,,
331,2,12,2024-12-11 10:00:00,https://teams.microsoft.com/l/meetup-join/cs5h2ep9edhrul0z5l7y,4,105,49.99,,
148,2,3,2024-04-10 10:00:00,https://teams.microsoft.com/l/meetup-join/hobfdgrtt31z1recoh7r,6,,59.99,,
199,2,5,2023-10-03 10:00:00,https://teams.microsoft.com/l/meetup-join/glu26xh3u25zc4z09g7a,6,,49.99,,
289,2,10,2024-11-12 13:00:00,https://teams.microsoft.com/l/meetup-join/1b34qenwaxlj0ce621by,5,103,29.99,,
187,2,5,2024-01-07 14:45:00,https://teams.microsoft.com/l/meetup-join/v185a3uuy7spwla4w6ro,6,,49.99,,
228,2,7,2024-10-30 11:15:00,https://teams.microsoft.com/l/meetup-join/be166owksy6d793snhl9,6,,59.99,,
259,2,8,2024-05-29 14:45:00,https://teams.microsoft.com/l/meetup-join/sck5ro3sr8xy3yhi0xhh,2,106,49.99,,
347,2,13,2024-04-21 13:00:00,https://teams.microsoft.com/l/meetup-join/u5cm7fnajytyvkludfsg,6,,49.99,,
140,2,2,2023-12-06 13:00:00,https://teams.microsoft.com/l/meetup-join/u6cmddb95af2qozkazk3,6,,49.99,,
235,2,7,2023-10-15 11:15:00,https://teams.microsoft.com/l/meetup-join/w0jwdcwzswpp5mjuk1ph,6,,49.99,,
343,2,13,2024-05-17 14:45:00,https://teams.microsoft.com/l/meetup-join/z4fga62e1slv033ogay1,1,101,29.99,,
660,1,7,2025-01-26 13:00:00,,6,,49.99,9,114
236,2,7,2024-10-02 10:00:00,https://teams.microsoft.com/l/meetup-join/js7yfv1oqm8plyyl3ztq,3,109,29.99,,
168,2,4,2024-05-20 10:00:00,https://teams.microsoft.com/l/meetup-join/u60lhalckyx5q0xkchiv,6,,29.99,,
634,1,7,2024-01-22 10:00:00,,6,,49.99,5,105
610,1,5,2024-01-27 11:15:00,,6,,59.99,1,130
466,2,20,2024-10-31 10:00:00,https://teams.microsoft.com/l/meetup-join/no8ki1l5he7m2yx36yse,4,102,59.99,,
448,2,18,2024-04-05 13:00:00,https://teams.microsoft.com/l/meetup-join/3nitzy0dsdh2nbh3by34,6,,49.99,,
635,1,6,2024-01-22 13:00:00,,6,,49.99,5,118
455,2,19,2024-03-16 11:15:00,https://teams.microsoft.com/l/meetup-join/j1xddzg9hj6tzuimonw6,2,106,49.99,,
102,2,1,2023-12-20 14:45:00,https://teams.microsoft.com/l/meetup-join/mvh98zrgslipjv08ahkr,6,,59.99,,
443,2,18,2024-02-23 14:45:00,https://teams.microsoft.com/l/meetup-join/0a6nptmsag47y2291u9s,6,,59.99,,
602,1,2,2024-01-25 14:45:00,,6,,29.99,0,125
440,2,18,2024-05-06 14:45:00,https://teams.microsoft.com/l/meetup-join/cxywjgicjwmpdsml12l7,4,102,59.99,,
417,2,17,2024-10-01 11:15:00,https://teams.microsoft.com/l/meetup-join/i1hnf8q0zkwj0wpwfalm,6,,59.99,,
727,1,25,2024-01-23 13:00:00,,6,,59.99,21,129
198,2,5,2024-12-31 10:00:00,https://teams.microsoft.com/l/meetup-join/2pywrv2cuulslfq3u2wk,6,,29.99,,
196,2,5,2025-01-08 11:15:00,https://teams.microsoft.com/l/meetup-join/1i0c91o933nt4ue5pk61,6,,29.99,,
423,2,17,2024-12-17 11:15:00,https://teams.microsoft.com/l/meetup-join/buwp368vtlzy1zijundc,6,,59.99,,
712,1,17,2025-01-27 13:00:00,,6,,59.99,19,128
445,2,18,2024-05-31 11:15:00,https://teams.microsoft.com/l/meetup-join/w0wfjyexnw586lxxfdrg,2,106,29.99,,
388,2,15,2023-10-30 10:00:00,https://teams.microsoft.com/l/meetup-join/xhpkxcw6h8su7yncfs2c,6,,59.99,,
394,2,16,2023-10-23 10:00:00,https://teams.microsoft.com/l/meetup-join/sg84qv6vl9sj6vi0vwdv,6,,49.99,,
691,1,16,2024-01-28 11:15:00,,6,,59.99,15,132
699,1,20,2024-01-25 11:15:00,,6,,49.99,16,124
111,2,1,2024-12-20 14:45:00,https://teams.microsoft.com/l/meetup-join/o168l7y61y8vozz81bcr,6,,49.99,,
226,2,7,2024-10-22 10:00:00,https://teams.microsoft.com/l/meetup-join/1ryhrwni63k78esszbj5,6,,59.99,,
312,2,12,2023-11-10 14:45:00,https://teams.microsoft.com/l/meetup-join/0kwb85bmz908v0xtiq3y,6,,49.99,,
380,2,15,2023-12-05 10:00:00,https://teams.microsoft.com/l/meetup-join/swfcm0omrvopr8jmnwxf,6,,29.99,,
552,2,24,2024-04-08 10:00:00,https://teams.microsoft.com/l/meetup-join/gquj6z8kddvo7ai26o8y,6,,49.99,,
453,2,19,2024-04-07 11:15:00,https://teams.microsoft.com/l/meetup-join/7pi4in1gsdj7dn0wnokr,6,,59.99,,
603,1,1,2024-01-26 10:00:00,,6,,29.99,0,108
300,2,11,2023-12-26 13:00:00,https://teams.microsoft.com/l/meetup-join/rvaladw7gestvj7taamp,6,,49.99,,
438,2,18,2024-06-17 10:00:00,https://teams.microsoft.com/l/meetup-join/pgym1r2fxl9ko3efd2v3,6,,59.99,,
432,2,17,2023-10-16 10:00:00,https://teams.microsoft.com/l/meetup-join/vugszeb5qxoz5z0x5k3e,6,,29.99,,
202,2,5,2024-10-23 10:00:00,https://teams.microsoft.com/l/meetup-join/bm1zjwc64u5df0odnbjl,6,,29.99,,
213,2,6,2023-12-03 11:15:00,https://teams.microsoft.com/l/meetup-join/c0x39t21ddrtuzm7hiyv,6,,59.99,,
276,2,9,2024-05-18 13:00:00,https://teams.microsoft.com/l/meetup-join/fa8rxrxfyuiz5tfx22xh,6,,49.99,,
647,1,8,2024-06-23 11:15:00,,6,,59.99,7,110
698,1,20,2024-01-26 11:15:00,,6,,29.99,16,113
714,1,16,2025-01-24 14:45:00,,2,106,29.99,19,119
191,2,5,2023-11-18 11:15:00,https://teams.microsoft.com/l/meetup-join/xhujo6opfdcwix84wbi4,6,,49.99,,
302,2,11,2023-11-17 11:15:00,https://teams.microsoft.com/l/meetup-join/64dqtjrl3oaj6su3cj7m,6,,29.99,,
463,2,20,2023-11-16 14:45:00,https://teams.microsoft.com/l/meetup-join/bcat81p15pzq3lf470fw,6,,29.99,,
454,2,19,2024-05-31 11:15:00,https://teams.microsoft.com/l/meetup-join/3tgu404c12fx5avlba07,6,,29.99,,
225,2,7,2023-10-17 10:00:00,https://teams.microsoft.com/l/meetup-join/s4758emxw2y5mdwehdfz,1,103,59.99,,
379,2,15,2024-12-05 10:00:00,https://teams.microsoft.com/l/meetup-join/2m9ut0iiezkkg3lq7e1n,2,104,49.99,,
146,2,2,2024-01-03 11:15:00,https://teams.microsoft.com/l/meetup-join/3jx2zgzsw0vx1yr8hyeo,6,,59.99,,
419,2,17,2024-11-29 13:00:00,https://teams.microsoft.com/l/meetup-join/9c9jok8oy7ipkbyy61us,6,,29.99,,
391,2,16,2024-12-09 11:15:00,https://teams.microsoft.com/l/meetup-join/tar4ogoxu6t0hti5opih,6,,59.99,,
144,2,2,2023-10-27 10:00:00,https://teams.microsoft.com/l/meetup-join/b8n5ptega8yftxr02c16,6,,59.99,,
401,2,16,2024-12-07 11:15:00,https://teams.microsoft.com/l/meetup-join/l5el98s9hd20d4mti2yv,6,,59.99,,
123,2,1,2024-11-08 10:00:00,https://teams.microsoft.com/l/meetup-join/1ag5h82wasec8om6zs30,6,,59.99,,
365,2,14,2024-06-20 13:00:00,https://teams.microsoft.com/l/meetup-join/5imyl9lcq6hr82orxq9q,1,100,49.99,,
694,1,16,2024-01-21 14:45:00,,6,,59.99,15,108
264,2,9,2024-02-25 13:00:00,https://teams.microsoft.com/l/meetup-join/8pvnyiiwiexn846898xr,6,,29.99,,
404,2,16,2023-12-26 14:45:00,https://teams.microsoft.com/l/meetup-join/qtn5jmglxtp9sn4xquu0,6,,29.99,,
165,2,4,2024-06-08 13:00:00,https://teams.microsoft.com/l/meetup-join/ews71e9nt4gaefsx72sl,6,,49.99,,
273,2,9,2024-06-15 14:45:00,https://teams.microsoft.com/l/meetup-join/z6jxv7tdil819nzsuxmg,6,,29.99,,
359,2,14,2024-04-03 11:15:00,https://teams.microsoft.com/l/meetup-join/xx4pyela1fi99k34r2ho,6,,49.99,,
487,2,20,2023-10-02 13:00:00,https://teams.microsoft.com/l/meetup-join/svcno0xnc1j4t5fgd9zm,6,,59.99,,
281,2,10,2025-01-14 10:00:00,https://teams.microsoft.com/l/meetup-join/18ytfk1otkmlyhwyuy2g,6,,59.99,,
662,1,11,2024-01-23 13:00:00,,6,,49.99,10,116
332,2,12,2023-12-28 10:00:00,https://teams.microsoft.com/l/meetup-join/7e5ix2il9vcop35achl6,1,105,29.99,,
339,2,12,2024-10-21 13:00:00,https://teams.microsoft.com/l/meetup-join/1f7mblisolf1v2jsqz3i,6,,29.99,,
386,2,15,2023-11-06 10:00:00,https://teams.microsoft.com/l/meetup-join/8ypqpddj10hkmq846ee0,6,,29.99,,
601,1,2,2024-01-22 13:00:00,,1,101,59.99,0,128
646,1,8,2024-06-27 14:45:00,,6,,49.99,7,123
488,2,20,2025-01-05 13:00:00,https://teams.microsoft.com/l/meetup-join/dir9zpc51ynwgczceql4,6,,49.99,,
480,2,20,2024-10-17 14:45:00,https://teams.microsoft.com/l/meetup-join/xb6gqhoi4py5pz20ynde,6,,29.99,,
674,1,14,2024-06-22 11:15:00,,6,,29.99,12,130
683,1,11,2025-01-22 13:00:00,,6,,49.99,14,116
427,2,17,2024-10-03 14:45:00,https://teams.microsoft.com/l/meetup-join/kb43fs7ml0n7am1u29oi,4,105,49.99,,
158,2,3,2024-02-13 10:00:00,https://teams.microsoft.com/l/meetup-join/ud3i6yy3jm3amlxisj5k,6,,49.99,,
424,2,17,2023-11-17 13:00:00,https://teams.microsoft.com/l/meetup-join/9gg563lezinspg4xr0eh,3,109,49.99,,
435,2,18,2024-05-02 10:00:00,https://teams.microsoft.com/l/meetup-join/0nauz9dyhmy2nawh09he,6,,49.99,,
420,2,17,2024-01-04 14:45:00,https://teams.microsoft.com/l/meetup-join/75h2jv8b76pudeyjt0re,5,103,59.99,,
741,1,25,2025-01-22 11:15:00,,6,,29.99,23,127
151,2,3,2024-04-03 14:45:00,https://teams.microsoft.com/l/meetup-join/rpsa9l00jwpzymva3vh4,6,,29.99,,
295,2,11,2024-12-06 11:15:00,https://teams.microsoft.com/l/meetup-join/a7rq0ku7dih0hcur7b71,6,,29.99,,
444,2,18,2024-05-16 10:00:00,https://teams.microsoft.com/l/meetup-join/52kf2b41p9f5wp2mweky,6,,59.99,,
253,2,8,2024-06-07 11:15:00,https://teams.microsoft.com/l/meetup-join/8c5jvumahj4kxpzvaoga,4,105,49.99,,
439,2,18,2024-04-21 11:15:00,https://teams.microsoft.com/l/meetup-join/lzwzqu4dszn0sx3u266p,2,106,29.99,,
234,2,7,2024-10-18 13:00:00,https://teams.microsoft.com/l/meetup-join/ylykwp2iviw4bc9b91c9,6,,49.99,,
418,2,17,2023-11-27 11:15:00,https://teams.microsoft.com/l/meetup-join/bzn2aje07jubdfpm72lg,6,,59.99,,
271,2,9,2024-03-25 13:00:00,https://teams.microsoft.com/l/meetup-join/0bitn9zr5e01u8qe29tx,6,,59.99,,
366,2,14,2024-02-12 10:00:00,https://teams.microsoft.com/l/meetup-join/meyrgznnbutdog9fpe96,6,,29.99,,
470,2,20,2025-01-05 14:45:00,https://teams.microsoft.com/l/meetup-join/pbq8fht6bqaswhd1iowx,6,,59.99,,
462,2,20,2024-10-01 13:00:00,https://teams.microsoft.com/l/meetup-join/8m9tvtpp7c4gre97gg19,6,,59.99,,
457,2,19,2024-06-15 13:00:00,https://teams.microsoft.com/l/meetup-join/bf8uhxm9sx2ktal6ti5t,6,,29.99,,
711,1,20,2025-01-22 10:00:00,,6,,49.99,18,106
450,2,19,2024-03-11 10:00:00,https://teams.microsoft.com/l/meetup-join/siumm8qro9mo037ysxrl,6,,49.99,,
367,2,14,2024-03-01 11:15:00,https://teams.microsoft.com/l/meetup-join/vu1vtehk0gtq3v1bok4g,6,,29.99,,
384,2,15,2023-10-11 13:00:00,https://teams.microsoft.com/l/meetup-join/m2gmhu36admoeglpq9ym,6,,59.99,,
605,1,5,2024-01-21 13:00:00,,3,103,29.99,1,120
363,2,14,2024-03-21 11:15:00,https://teams.microsoft.com/l/meetup-join/k49t2vatb8av1lvm8a8e,6,,49.99,,
166,2,4,2024-06-20 11:15:00,https://teams.microsoft.com/l/meetup-join/2dgos0e3sudia2pbo062,1,100,29.99,,
269,2,9,2024-05-21 13:00:00,https://teams.microsoft.com/l/meetup-join/6li78umffgha4v25gzw9,1,101,49.99,,
128,2,1,2023-10-07 10:00:00,https://teams.microsoft.com/l/meetup-join/stwhkou96cxr8lss34t7,6,,59.99,,
374,2,15,2023-12-30 11:15:00,https://teams.microsoft.com/l/meetup-join/rv7cug3ko0yztg9us5zc,5,100,29.99,,
742,1,22,2025-01-28 11:15:00,,4,102,49.99,24,108
171,2,4,2024-06-19 10:00:00,https://teams.microsoft.com/l/meetup-join/wlok4tqv6bkmryupqhk8,6,,29.99,,
410,2,16,2023-12-16 14:45:00,https://teams.microsoft.com/l/meetup-join/on3157vvue6tlr49sdhg,6,,29.99,,
358,2,14,2024-04-24 13:00:00,https://teams.microsoft.com/l/meetup-join/8u2e9r3tfl19za90ur0v,6,,59.99,,
402,2,16,2023-10-09 10:00:00,https://teams.microsoft.com/l/meetup-join/l7un1lygvgfoj50pjmj0,2,106,29.99,,
416,2,17,2023-10-19 11:15:00,https://teams.microsoft.com/l/meetup-join/gtn7cd0ozb7gyrhoux1u,5,108,49.99,,
621,1,5,2025-01-26 13:00:00,,6,,59.99,3,119
335,2,12,2024-12-14 11:15:00,https://teams.microsoft.com/l/meetup-join/cge9fbtsefjmbrbx9jja,6,,29.99,,
613,1,4,2024-06-25 10:00:00,,6,,49.99,2,111
159,2,3,2024-04-05 11:15:00,https://teams.microsoft.com/l/meetup-join/izfws2oytobc9v2oh0m7,6,,29.99,,
176,2,4,2024-05-01 10:00:00,https://teams.microsoft.com/l/meetup-join/fw4v3qc4rujvq8yhajfz,6,,29.99,,
257,2,8,2024-04-06 10:00:00,https://teams.microsoft.com/l/meetup-join/0xu31l0pydek2yjpam0z,6,,59.99,,
330,2,12,2023-11-18 14:45:00,https://teams.microsoft.com/l/meetup-join/c7toefmme8iqx6kianu9,1,101,29.99,,
118,2,1,2023-10-16 10:00:00,https://teams.microsoft.com/l/meetup-join/niwczcpzlr11idsmywp5,6,,59.99,,
129,2,1,2024-12-09 10:00:00,https://teams.microsoft.com/l/meetup-join/a5vendyqagolwbhoiizg,2,106,49.99,,
310,2,11,2024-01-18 10:00:00,https://teams.microsoft.com/l/meetup-join/prmsqgab6fiyjapely3g,6,,59.99,,
414,2,16,2023-12-10 10:00:00,https://teams.microsoft.com/l/meetup-join/gqy02ct4zq0e43u283rj,4,107,49.99,,
255,2,8,2024-02-18 11:15:00,https://teams.microsoft.com/l/meetup-join/fxi1wg7qp078bp2pqv55,1,102,29.99,,
133,2,2,2025-01-09 14:45:00,https://teams.microsoft.com/l/meetup-join/tiimvsf1hl74ujc0wx51,6,,29.99,,
261,2,8,2024-04-02 10:00:00,https://teams.microsoft.com/l/meetup-join/deikml79gdqlqebnpqfz,6,,49.99,,
141,2,2,2024-10-13 13:00:00,https://teams.microsoft.com/l/meetup-join/90d8pkeh6atty4k6wcmm,6,,29.99,,
153,2,3,2024-03-23 11:15:00,https://teams.microsoft.com/l/meetup-join/f836ga75ofozkvdooth4,6,,59.99,,
207,2,6,2023-12-22 13:00:00,https://teams.microsoft.com/l/meetup-join/hmc9e3ugy69see1q4hgk,1,102,59.99,,
260,2,8,2024-04-15 11:15:00,https://teams.microsoft.com/l/meetup-join/x6tkvypgiejc8bfxanet,6,,49.99,,
323,2,12,2024-10-29 14:45:00,https://teams.microsoft.com/l/meetup-join/6w0zya7p0o0xsarhrasw,6,,29.99,,
319,2,12,2025-01-03 10:00:00,https://teams.microsoft.com/l/meetup-join/embu3x59f8njdryjrfnn,6,,49.99,,
315,2,12,2024-10-06 14:45:00,https://teams.microsoft.com/l/meetup-join/ci0zwqs2aywapzy9hqk7,6,,59.99,,
237,2,7,2024-01-12 13:00:00,https://teams.microsoft.com/l/meetup-join/hbcwb4b6g402bcmgh999,6,,59.99,,
299,2,11,2024-12-15 11:15:00,https://teams.microsoft.com/l/meetup-join/k4s48a7rby7c2kh7axt3,6,,59.99,,
473,2,20,2023-11-13 11:15:00,https://teams.microsoft.com/l/meetup-join/9h3xfjrtn95vuznu8yxn,6,,29.99,,
189,2,5,2023-12-31 14:45:00,https://teams.microsoft.com/l/meetup-join/p92hc2a7svcfym90iepc,6,,59.99,,
203,2,5,2023-12-20 10:00:00,https://teams.microsoft.com/l/meetup-join/gep8j30rn2bgdmjyj0to,6,,49.99,,
227,2,7,2023-10-27 10:00:00,https://teams.microsoft.com/l/meetup-join/g98bzognj2kws94zb7rt,6,,29.99,,
311,2,11,2024-11-25 11:15:00,https://teams.microsoft.com/l/meetup-join/5a8shwjxb4yxj5atln2f,4,107,49.99,,
313,2,12,2024-12-09 14:45:00,https://teams.microsoft.com/l/meetup-join/jk28afpp619ec11hbzts,6,,59.99,,
690,1,16,2024-01-22 10:00:00,,6,,59.99,15,119
326,2,12,2023-11-10 13:00:00,https://teams.microsoft.com/l/meetup-join/jq73mney9ujgjw4t4241,6,,49.99,,
244,2,7,2024-12-11 13:00:00,https://teams.microsoft.com/l/meetup-join/oifni28kunjdtvubnug7,6,,29.99,,
434,2,18,2024-03-09 11:15:00,https://teams.microsoft.com/l/meetup-join/piydpg7y697tn6kb3oy3,6,,49.99,,
197,2,5,2024-01-18 11:15:00,https://teams.microsoft.com/l/meetup-join/anapu7bxuk6paiwdt6op,6,,59.99,,
700,1,20,2024-01-26 10:00:00,,6,,59.99,16,103
186,2,5,2024-10-02 10:00:00,https://teams.microsoft.com/l/meetup-join/fr2fhuhc1xkseqab7iu7,2,106,59.99,,
229,2,7,2024-01-10 14:45:00,https://teams.microsoft.com/l/meetup-join/t78n69leh61a4305lwrv,6,,59.99,,
242,2,7,2024-12-04 11:15:00,https://teams.microsoft.com/l/meetup-join/togqjeovdmj7itxt77iy,6,,49.99,,
364,2,14,2024-06-17 11:15:00,https://teams.microsoft.com/l/meetup-join/p51iyv7m04mv4quxps40,3,109,59.99,,
265,2,9,2024-04-03 13:00:00,https://teams.microsoft.com/l/meetup-join/oj6y2j48knmlyo5o7ybq,6,,29.99,,
314,2,12,2023-10-24 11:15:00,https://teams.microsoft.com/l/meetup-join/3kt83vwhs5po7z3pqkx7,6,,29.99,,
215,2,6,2024-01-10 14:45:00,https://teams.microsoft.com/l/meetup-join/9kh91jooldm9tqt9cnab,6,,49.99,,
352,2,13,2024-06-08 11:15:00,https://teams.microsoft.com/l/meetup-join/3amgp9m0zn1pabnkivc6,6,,29.99,,
126,2,1,2023-12-17 13:00:00,https://teams.microsoft.com/l/meetup-join/nub2wwpm23mbafiyhwzt,6,,49.99,,
110,2,1,2023-12-30 10:00:00,https://teams.microsoft.com/l/meetup-join/bmh5gerp9nxojwwvuugk,6,,29.99,,
103,2,1,2024-11-23 14:45:00,https://teams.microsoft.com/l/meetup-join/1ndl416ijo8r11l4mytz,6,,29.99,,
231,2,7,2023-10-13 14:45:00,https://teams.microsoft.com/l/meetup-join/2096449iewqt8yrbrz57,6,,29.99,,
348,2,13,2024-02-29 13:00:00,https://teams.microsoft.com/l/meetup-join/4yc3fjbaxovu729eu6dr,6,,29.99,,
344,2,13,2024-04-12 14:45:00,https://teams.microsoft.com/l/meetup-join/awxw0cmrkke17glbegkf,6,,59.99,,
272,2,9,2024-06-06 10:00:00,https://teams.microsoft.com/l/meetup-join/fpw61lw96glt8s7yawds,6,,49.99,,
600,2,25,2025-01-10 11:15:00,https://teams.microsoft.com/l/meetup-join/cfmxgmho0bfs5krvy0i3,6,,29.99,,
677,1,13,2024-06-22 10:00:00,,6,,29.99,12,112
578,2,25,2024-10-04 11:15:00,https://teams.microsoft.com/l/meetup-join/eqy90s1vnktb9tbut8xj,5,105,59.99,,
702,1,18,2024-06-26 14:45:00,,6,,49.99,17,106
636,1,7,2024-01-27 13:00:00,,6,,29.99,5,108
597,2,25,2023-10-13 11:15:00,https://teams.microsoft.com/l/meetup-join/gqk4mi4uyqrz92sfhpsk,2,104,49.99,,
563,2,24,2024-04-14 13:00:00,https://teams.microsoft.com/l/meetup-join/hvtr9nmth8nv5hk8z2ol,6,,59.99,,
377,2,15,2024-12-04 13:00:00,https://teams.microsoft.com/l/meetup-join/2g7sn115yi71rn482b4s,6,,29.99,,
632,1,1,2025-01-24 14:45:00,,6,,29.99,4,122
745,1,21,2025-01-24 10:00:00,,1,101,49.99,24,104
497,2,21,2023-11-05 11:15:00,https://teams.microsoft.com/l/meetup-join/jyrdoyfwidc9e6avrz4d,6,,59.99,,
543,2,23,2024-02-15 10:00:00,https://teams.microsoft.com/l/meetup-join/wuzoi8l6kclb0peyhe4c,6,,29.99,,
618,1,3,2024-06-27 10:00:00,,6,,59.99,2,117
373,2,15,2024-11-20 14:45:00,https://teams.microsoft.com/l/meetup-join/vxs7tr3t043hmpu4qbeb,6,,49.99,,
503,2,21,2023-10-30 13:00:00,https://teams.microsoft.com/l/meetup-join/j0q9jz39syv7avhtbw18,6,,59.99,,
433,2,17,2024-12-04 11:15:00,https://teams.microsoft.com/l/meetup-join/6a8fb56lhhk1o7zhbr13,6,,49.99,,
653,1,10,2025-01-23 10:00:00,,6,,59.99,8,126
568,2,25,2024-11-18 14:45:00,https://teams.microsoft.com/l/meetup-join/h5dpg7k2yt0hq08j0ph9,6,,59.99,,
619,1,5,2025-01-25 13:00:00,,6,,29.99,3,118
266,2,9,2024-03-27 13:00:00,https://teams.microsoft.com/l/meetup-join/tlph5ugkokgebv0uz1id,6,,29.99,,
538,2,22,2024-10-08 13:00:00,https://teams.microsoft.com/l/meetup-join/b2drchbggygkn8cayp00,5,102,49.99,,
575,2,25,2023-12-10 10:00:00,https://teams.microsoft.com/l/meetup-join/l0mqnp6xnvf0i0ps3o2g,5,103,49.99,,
504,2,21,2024-12-26 11:15:00,https://teams.microsoft.com/l/meetup-join/m69dt7rmquqpgfxpoojs,6,,49.99,,
558,2,24,2024-03-25 11:15:00,https://teams.microsoft.com/l/meetup-join/b4lztabzmycr0cm2q6h0,2,106,49.99,,
620,1,5,2025-01-23 11:15:00,,5,103,59.99,3,116
460,2,19,2024-03-10 13:00:00,https://teams.microsoft.com/l/meetup-join/3wvff1bgovct0pmmehbt,6,,49.99,,
489,2,20,2023-11-19 10:00:00,https://teams.microsoft.com/l/meetup-join/xu3m9lhclwetecoyhnpj,6,,59.99,,
673,1,14,2024-06-23 14:45:00,,6,,49.99,12,108
738,1,25,2025-01-22 10:00:00,,6,,59.99,23,123
502,2,21,2025-01-14 10:00:00,https://teams.microsoft.com/l/meetup-join/araqshprrfix4x5671gj,2,106,49.99,,
560,2,24,2024-03-15 11:15:00,https://teams.microsoft.com/l/meetup-join/5vppfj33y26ib4ga9syq,6,,29.99,,
490,2,20,2024-11-13 11:15:00,https://teams.microsoft.com/l/meetup-join/k6am8slli7cyjhdwsoov,6,,49.99,,
392,2,16,2023-12-03 14:45:00,https://teams.microsoft.com/l/meetup-join/jmsx4pt4wkzrqqlgsvta,6,,49.99,,
522,2,22,2024-10-08 14:45:00,https://teams.microsoft.com/l/meetup-join/ljqgxb850oort8j76a2m,5,100,49.99,,
652,1,10,2025-01-27 11:15:00,,6,,59.99,8,112
688,1,16,2024-01-23 11:15:00,,6,,49.99,15,110
585,2,25,2024-01-06 13:00:00,https://teams.microsoft.com/l/meetup-join/oi5nieervp5rbl7yporp,6,,49.99,,
633,1,6,2024-01-24 11:15:00,,4,107,29.99,5,117
175,2,4,2024-02-12 13:00:00,https://teams.microsoft.com/l/meetup-join/o2ge9l80oh3o54zg36a5,6,,29.99,,
565,2,24,2024-04-22 14:45:00,https://teams.microsoft.com/l/meetup-join/kaj9vrin2epiu2ly5xji,6,,29.99,,
350,2,13,2024-05-07 11:15:00,https://teams.microsoft.com/l/meetup-join/ryto66vnptn84vab7gt8,6,,49.99,,
580,2,25,2024-11-22 11:15:00,https://teams.microsoft.com/l/meetup-join/f9d6pz2gn2xc8j4glcie,1,108,49.99,,
577,2,25,2023-12-31 10:00:00,https://teams.microsoft.com/l/meetup-join/4teur9db2anvqcthesva,6,,29.99,,
516,2,22,2024-10-17 14:45:00,https://teams.microsoft.com/l/meetup-join/wuzko4jxpas7de8sotrk,6,,59.99,,
670,1,15,2024-01-21 11:15:00,,6,,49.99,11,103
122,2,1,2023-12-06 14:45:00,https://teams.microsoft.com/l/meetup-join/53h7lwqd2vcf5c146x2l,6,,49.99,,
686,1,11,2025-01-22 11:15:00,,6,,29.99,14,128
138,2,2,2023-12-13 10:00:00,https://teams.microsoft.com/l/meetup-join/qgbgmm22gqnpui9z2p3i,2,106,49.99,,
514,2,22,2024-11-30 13:00:00,https://teams.microsoft.com/l/meetup-join/v177ig98qqirobnbgn4z,6,,29.99,,
285,2,10,2025-01-04 13:00:00,https://teams.microsoft.com/l/meetup-join/03ymxupu9acxxnuxh6hn,6,,59.99,,
630,1,1,2025-01-26 10:00:00,,6,,49.99,4,118
277,2,9,2024-03-30 14:45:00,https://teams.microsoft.com/l/meetup-join/8pwwp0tg9be6kmwo0nmx,6,,49.99,,
469,2,20,2023-10-30 14:45:00,https://teams.microsoft.com/l/meetup-join/4eza2izt64yd4ki22jd4,6,,49.99,,
606,1,5,2024-01-28 14:45:00,,2,106,29.99,1,132
685,1,11,2025-01-23 11:15:00,,2,104,59.99,14,128
192,2,5,2025-01-15 10:00:00,https://teams.microsoft.com/l/meetup-join/yiugfmsm0z7iltx6c09x,6,,59.99,,
743,1,22,2025-01-25 13:00:00,,6,,59.99,24,109
190,2,5,2024-10-24 14:45:00,https://teams.microsoft.com/l/meetup-join/j0cf79f1utrx3m21ys7j,6,,59.99,,
465,2,20,2023-11-03 10:00:00,https://teams.microsoft.com/l/meetup-join/yphrwe6oewwm6fygqcjl,6,,49.99,,
518,2,22,2024-11-30 14:45:00,https://teams.microsoft.com/l/meetup-join/yw2njobhmxtyxz9uaj5y,6,,59.99,,
664,1,11,2024-01-21 13:00:00,,6,,29.99,10,123
507,2,21,2023-11-03 13:00:00,https://teams.microsoft.com/l/meetup-join/9dzrwk4me77y68rw3b2w,6,,29.99,,
494,2,20,2024-10-26 11:15:00,https://teams.microsoft.com/l/meetup-join/st44ze3fw15sitj7nmj6,2,107,49.99,,
567,2,25,2023-12-06 10:00:00,https://teams.microsoft.com/l/meetup-join/2yccjt7tye1ui7awyy7h,6,,59.99,,
675,1,14,2024-06-28 10:00:00,,4,105,29.99,12,111
704,1,19,2024-06-24 10:00:00,,6,,59.99,17,124
217,2,6,2024-01-09 14:45:00,https://teams.microsoft.com/l/meetup-join/jec23mv6y8lzxjik93ql,6,,59.99,,
687,1,16,2024-01-27 14:45:00,,6,,59.99,15,119
746,1,22,2025-01-27 11:15:00,,6,,49.99,24,127
526,2,22,2024-12-01 10:00:00,https://teams.microsoft.com/l/meetup-join/jy5pg4yomzw5qqojpx2i,6,,49.99,,
641,1,10,2024-01-28 14:45:00,,6,,29.99,6,116
183,2,5,2024-01-07 10:00:00,https://teams.microsoft.com/l/meetup-join/xgcntnuhsn42lxore6lw,6,,49.99,,
499,2,21,2023-11-29 13:00:00,https://teams.microsoft.com/l/meetup-join/b98voijwh05no5o6b6gz,6,,29.99,,
661,1,7,2025-01-25 10:00:00,,6,,49.99,9,106
529,2,22,2023-12-01 10:00:00,https://teams.microsoft.com/l/meetup-join/ngb62edy1rvv8tkd629m,6,,49.99,,
104,2,1,2023-12-27 11:15:00,https://teams.microsoft.com/l/meetup-join/veymzxa4e6nqx13j99zp,1,105,49.99,,
407,2,16,2025-01-11 11:15:00,https://teams.microsoft.com/l/meetup-join/a26beetrmz004lgrlzfp,2,106,59.99,,
527,2,22,2023-12-21 11:15:00,https://teams.microsoft.com/l/meetup-join/vilog32g3wjt8gzbkeho,5,108,49.99,,
591,2,25,2023-10-24 13:00:00,https://teams.microsoft.com/l/meetup-join/f1ufk68lus0bpiqxfo4p,6,,29.99,,
695,1,20,2024-01-24 11:15:00,,2,104,49.99,16,116
357,2,14,2024-04-19 11:15:00,https://teams.microsoft.com/l/meetup-join/uc19vomqojifk448v95a,6,,49.99,,
431,2,17,2025-01-14 10:00:00,https://teams.microsoft.com/l/meetup-join/y6ag0prx0bq58prwkbau,6,,59.99,,
464,2,20,2024-11-22 13:00:00,https://teams.microsoft.com/l/meetup-join/shjosq20jvcnh6yfqfka,6,,49.99,,
579,2,25,2023-12-26 10:00:00,https://teams.microsoft.com/l/meetup-join/a1zpor1lv1vaj982ttlq,6,,59.99,,
372,2,15,2023-10-03 14:45:00,https://teams.microsoft.com/l/meetup-join/xt6vqtsxauntxdume4ei,3,109,49.99,,
495,2,21,2023-12-11 13:00:00,https://teams.microsoft.com/l/meetup-join/ny4mqv12boh9tnan4f06,6,,59.99,,
461,2,20,2023-12-15 11:15:00,https://teams.microsoft.com/l/meetup-join/5qkssuh5afv4ijp251br,6,,49.99,,
594,2,25,2024-10-16 11:15:00,https://teams.microsoft.com/l/meetup-join/c4kkn53ix6216bnx0kn8,6,,29.99,,
628,1,1,2025-01-25 13:00:00,,6,,59.99,4,111
101,2,1,2024-12-08 11:15:00,https://teams.microsoft.com/l/meetup-join/itwz895hpcsgau55sp4j,6,,29.99,,
589,2,25,2023-12-07 11:15:00,https://teams.microsoft.com/l/meetup-join/w93jf41s97qydatyykqv,6,,29.99,,
519,2,22,2023-11-26 10:00:00,https://teams.microsoft.com/l/meetup-join/dxr1ffxr51tak97gp7sr,6,,49.99,,
644,1,8,2024-06-26 14:45:00,,6,,59.99,7,128
524,2,22,2025-01-10 13:00:00,https://teams.microsoft.com/l/meetup-join/2peuwz48yjbg2tbybk18,5,105,49.99,,
342,2,13,2024-06-03 13:00:00,https://teams.microsoft.com/l/meetup-join/p0wlrulue7ud9jg2cldr,6,,59.99,,
599,2,25,2024-01-04 13:00:00,https://teams.microsoft.com/l/meetup-join/1d07he2nxkixy243dymf,2,106,29.99,,
566,2,24,2024-05-05 13:00:00,https://teams.microsoft.com/l/meetup-join/kpys2qma2xuns94bo69v,6,,29.99,,
588,2,25,2024-12-11 13:00:00,https://teams.microsoft.com/l/meetup-join/58jrzjsmbtzzqcwmxj7k,2,108,49.99,,
645,1,8,2024-06-28 14:45:00,,6,,29.99,7,109
537,2,22,2023-11-29 10:00:00,https://teams.microsoft.com/l/meetup-join/xh3q5t5kbj82p330oaxo,6,,29.99,,
725,1,25,2024-01-27 10:00:00,,6,,59.99,21,122
308,2,11,2023-11-14 10:00:00,https://teams.microsoft.com/l/meetup-join/k35565l0ni0lvfesl9f7,6,,59.99,,
481,2,20,2023-10-13 10:00:00,https://teams.microsoft.com/l/meetup-join/n9ahldsv32num8hcrh34,6,,29.99,,
733,1,24,2024-06-23 11:15:00,,2,106,49.99,22,126
533,2,22,2023-10-08 11:15:00,https://teams.microsoft.com/l/meetup-join/yf0prxtwc0idjrutqsj3,6,,59.99,,
739,1,25,2025-01-26 11:15:00,,6,,49.99,23,121
482,2,20,2024-12-06 11:15:00,https://teams.microsoft.com/l/meetup-join/uaiwgb1i87r9sfyq40ux,6,,29.99,,
531,2,22,2023-11-18 14:45:00,https://teams.microsoft.com/l/meetup-join/03bc02pdjfpo2o8ec5kj,6,,59.99,,
697,1,20,2024-01-21 13:00:00,,1,101,59.99,16,129
709,1,20,2025-01-26 14:45:00,,6,,49.99,18,121
515,2,22,2023-12-27 11:15:00,https://teams.microsoft.com/l/meetup-join/z2pzq1g2rijn8huycasb,6,,49.99,,
500,2,21,2024-10-13 11:15:00,https://teams.microsoft.com/l/meetup-join/audzkvz6np6wbx965q8o,6,,49.99,,
508,2,21,2024-12-23 13:00:00,https://teams.microsoft.com/l/meetup-join/lu2toy9dgk0y18f4hp7x,1,105,49.99,,
179,2,4,2024-04-01 10:00:00,https://teams.microsoft.com/l/meetup-join/ubmg3j1giozck9w6s47d,6,,49.99,,
571,2,25,2023-10-16 13:00:00,https://teams.microsoft.com/l/meetup-join/gn9t7fcqd3107k3d46tv,6,,29.99,,
528,2,22,2024-10-22 14:45:00,https://teams.microsoft.com/l/meetup-join/0mfcjdr6xem57u4xv5w0,6,,59.99,,
493,2,20,2023-12-27 14:45:00,https://teams.microsoft.com/l/meetup-join/ssfn9ruowzhf41gwnikw,6,,59.99,,
534,2,22,2024-11-27 13:00:00,https://teams.microsoft.com/l/meetup-join/4zzgocduwmx9eo2gr175,6,,49.99,,
130,2,2,2024-01-13 11:15:00,https://teams.microsoft.com/l/meetup-join/n9te68hdkdgczhvlkf5e,6,,49.99,,
467,2,20,2023-11-10 11:15:00,https://teams.microsoft.com/l/meetup-join/7h1nndpc8l9rio9xjmzx,6,,29.99,,
658,1,7,2025-01-21 11:15:00,,6,,49.99,9,119
679,1,15,2025-01-26 10:00:00,,1,101,29.99,13,123
629,1,1,2025-01-28 13:00:00,,6,,49.99,4,117
701,1,19,2024-06-27 13:00:00,,6,,49.99,17,115
559,2,24,2024-05-22 14:45:00,https://teams.microsoft.com/l/meetup-join/dqjlrdwf5lfwg8la6hev,6,,59.99,,
492,2,20,2024-11-06 10:00:00,https://teams.microsoft.com/l/meetup-join/qxex89cgojbokye39whz,5,100,29.99,,
715,1,17,2025-01-26 11:15:00,,6,,29.99,19,104
598,2,25,2024-11-19 10:00:00,https://teams.microsoft.com/l/meetup-join/au7wqpl1fa7pj4bldnts,6,,59.99,,
721,1,21,2024-01-22 11:15:00,,6,,49.99,20,125
595,2,25,2024-01-06 10:00:00,https://teams.microsoft.com/l/meetup-join/ta5impx5lzs90ce6e83j,2,104,59.99,,
740,1,25,2025-01-24 13:00:00,,2,106,59.99,23,103
556,2,24,2024-06-16 10:00:00,https://teams.microsoft.com/l/meetup-join/iq74dht4p9qksk0i4hcj,2,107,29.99,,
639,1,10,2024-01-21 10:00:00,,6,,59.99,6,106
483,2,20,2023-10-22 11:15:00,https://teams.microsoft.com/l/meetup-join/padjrmibnmdpll9yxccy,6,,49.99,,
256,2,8,2024-05-18 11:15:00,https://teams.microsoft.com/l/meetup-join/dv7jnwcbj5e3tm1968s6,6,,29.99,,
692,1,16,2024-01-24 14:45:00,,6,,29.99,15,113
248,2,8,2024-06-13 14:45:00,https://teams.microsoft.com/l/meetup-join/v7p01pjw7ao3zb34tbi3,6,,29.99,,
572,2,25,2024-12-20 14:45:00,https://teams.microsoft.com/l/meetup-join/bkgb9o47tgah3phdl455,6,,59.99,,
731,1,23,2024-06-25 10:00:00,,6,,59.99,22,119
170,2,4,2024-06-17 10:00:00,https://teams.microsoft.com/l/meetup-join/5m8kk0z7wqouzhu8igzl,6,,29.99,,
650,1,10,2025-01-24 13:00:00,,6,,29.99,8,111
546,2,23,2024-03-15 14:45:00,https://teams.microsoft.com/l/meetup-join/sduxsoq2gnz1naefixnf,6,,29.99,,
484,2,20,2024-11-10 13:00:00,https://teams.microsoft.com/l/meetup-join/atp9xmh8jism0fm8jurt,6,,49.99,,
707,1,20,2025-01-23 11:15:00,,6,,59.99,18,113
517,2,22,2023-10-02 11:15:00,https://teams.microsoft.com/l/meetup-join/s3glw0y9hbpw20ng8dkt,6,,29.99,,
713,1,17,2025-01-25 13:00:00,,6,,49.99,19,103
287,2,10,2024-10-08 14:45:00,https://teams.microsoft.com/l/meetup-join/pwz76ttnygexnw5cm2zm,6,,59.99,,
586,2,25,2025-01-19 10:00:00,https://teams.microsoft.com/l/meetup-join/tybcohgk8fswcc877gb5,6,,49.99,,
113,2,1,2025-01-20 14:45:00,https://teams.microsoft.com/l/meetup-join/vxis8csmwozfw75bn38m,6,,59.99,,
496,2,21,2024-10-04 11:15:00,https://teams.microsoft.com/l/meetup-join/59lh3nxn52gqwibw656f,6,,29.99,,
643,1,9,2024-06-27 14:45:00,,6,,59.99,7,131
267,2,9,2024-06-18 11:15:00,https://teams.microsoft.com/l/meetup-join/qivyezzv8gh0ku13asiq,6,,29.99,,
616,1,4,2024-06-24 11:15:00,,3,109,59.99,2,132
728,1,25,2024-01-22 11:15:00,,6,,29.99,21,119
486,2,20,2024-11-25 10:00:00,https://teams.microsoft.com/l/meetup-join/2ve2jxkm9d56tmiguz68,6,,29.99,,
193,2,5,2023-11-03 14:45:00,https://teams.microsoft.com/l/meetup-join/lrr7dm2t61b70cazl6zo,6,,29.99,,
596,2,25,2024-10-22 11:15:00,https://teams.microsoft.com/l/meetup-join/2joe12rhtsv46jlgz2u5,6,,59.99,,
732,1,23,2024-06-25 11:15:00,,6,,49.99,22,107
550,2,23,2024-04-18 13:00:00,https://teams.microsoft.com/l/meetup-join/mu3lucm7aahf2baggrsa,6,,49.99,,
590,2,25,2024-12-01 13:00:00,https://teams.microsoft.com/l/meetup-join/u5epfng0tu4o9a86xu59,6,,49.99,,
136,2,2,2023-10-19 13:00:00,https://teams.microsoft.com/l/meetup-join/7rbi1uy263q8tyevlc1o,6,,49.99,,
736,1,25,2025-01-21 10:00:00,,6,,49.99,23,115
376,2,15,2023-12-09 11:15:00,https://teams.microsoft.com/l/meetup-join/ecy6862tvw47hy0qc0vp,6,,29.99,,
693,1,17,2024-01-22 13:00:00,,6,,49.99,15,132
544,2,23,2024-05-04 14:45:00,https://teams.microsoft.com/l/meetup-join/nmaw4x6n8nw6mtpy54ml,6,,49.99,,
551,2,23,2024-02-14 11:15:00,https://teams.microsoft.com/l/meetup-join/m8kgi6r0ov3s7a8wvynf,6,,59.99,,
513,2,22,2023-12-18 11:15:00,https://teams.microsoft.com/l/meetup-join/iineb99ztpcgiqbzcv74,6,,29.99,,
659,1,6,2025-01-21 11:15:00,,6,,59.99,9,106
389,2,15,2024-12-18 11:15:00,https://teams.microsoft.com/l/meetup-join/xujgtnyjapfk77d9799u,6,,49.99,,
360,2,14,2024-03-16 11:15:00,https://teams.microsoft.com/l/meetup-join/4tdnobymej0uvhdes2wj,6,,59.99,,
506,2,21,2024-11-08 14:45:00,https://teams.microsoft.com/l/meetup-join/d9rc1xxvmjfykye4r6j0,6,,29.99,,
649,1,10,2025-01-27 14:45:00,,6,,49.99,8,116
555,2,24,2024-02-12 13:00:00,https://teams.microsoft.com/l/meetup-join/s67d3d15o7ugtbc6c4cm,6,,29.99,,
549,2,23,2024-05-28 11:15:00,https://teams.microsoft.com/l/meetup-join/odrv0rrx93ge8pfbifvw,6,,59.99,,
554,2,24,2024-03-17 14:45:00,https://teams.microsoft.com/l/meetup-join/uy8tckmmyobulevy65ze,6,,59.99,,
520,2,22,2024-12-10 14:45:00,https://teams.microsoft.com/l/meetup-join/3ub6h94ufy2k3eyu1t14,6,,59.99,,
547,2,23,2024-03-04 14:45:00,https://teams.microsoft.com/l/meetup-join/d5sylbi62bb882iyuymm,3,100,29.99,,
617,1,4,2024-06-21 10:00:00,,6,,29.99,2,120
657,1,6,2025-01-24 10:00:00,,6,,49.99,9,105
100,2,1,2023-10-16 11:15:00,https://teams.microsoft.com/l/meetup-join/h0u90aaizdgh453fzu8k,6,,49.99,,
408,2,16,2023-10-25 14:45:00,https://teams.microsoft.com/l/meetup-join/uckeq870lfk3c72blz2n,1,103,49.99,,
676,1,14,2024-06-22 10:00:00,,6,,29.99,12,118
584,2,25,2024-12-22 14:45:00,https://teams.microsoft.com/l/meetup-join/izkwieblok3t7tt8jy6e,6,,49.99,,
512,2,21,2024-12-02 11:15:00,https://teams.microsoft.com/l/meetup-join/uoeiyhnes3iul2nc10bn,1,108,29.99,,
671,1,15,2024-01-28 10:00:00,,6,,59.99,11,126
719,1,21,2024-01-26 13:00:00,,6,,29.99,20,104
726,1,25,2024-01-27 13:00:00,,6,,59.99,21,105
471,2,20,2023-11-04 14:45:00,https://teams.microsoft.com/l/meetup-join/10q6wafu2ji2ddi9j515,6,,29.99,,
505,2,21,2023-12-25 11:15:00,https://teams.microsoft.com/l/meetup-join/ue0f9pd86oe9ocp9kprj,6,,59.99,,
734,1,24,2024-06-28 13:00:00,,6,,49.99,22,125
581,2,25,2023-11-28 10:00:00,https://teams.microsoft.com/l/meetup-join/b0e53cutxx5snbmf1xgy,1,100,59.99,,
587,2,25,2023-10-17 10:00:00,https://teams.microsoft.com/l/meetup-join/kpgiju5ud2qtzub165e3,6,,59.99,,
705,1,18,2024-06-27 10:00:00,,6,,49.99,17,112
718,1,21,2024-01-24 14:45:00,,6,,59.99,20,122
545,2,23,2024-04-18 14:45:00,https://teams.microsoft.com/l/meetup-join/srt39hl69qgdz1ywz01u,6,,29.99,,
132,2,2,2023-10-03 14:45:00,https://teams.microsoft.com/l/meetup-join/dd64775zgpoc5pdk0mlq,6,,29.99,,
472,2,20,2024-10-31 11:15:00,https://teams.microsoft.com/l/meetup-join/v1vcu7faq7v8vkkdf8wd,6,,29.99,,
498,2,21,2024-12-25 13:00:00,https://teams.microsoft.com/l/meetup-join/r1yvcoah64srpmnwfku0,4,105,49.99,,
706,1,20,2025-01-22 11:15:00,,6,,29.99,18,129
251,2,8,2024-05-18 13:00:00,https://teams.microsoft.com/l/meetup-join/k3xoddui3qtxc2c2brch,6,,49.99,,
593,2,25,2023-10-07 14:45:00,https://teams.microsoft.com/l/meetup-join/0qq10q1wyuze2v9bhcmz,6,,49.99,,
684,1,12,2025-01-21 10:00:00,,6,,29.99,14,119
651,1,10,2025-01-28 10:00:00,,6,,29.99,8,132
573,2,25,2023-10-11 10:00:00,https://teams.microsoft.com/l/meetup-join/rp7asdd66lex29dd4mfc,6,,59.99,,
569,2,25,2024-01-11 10:00:00,https://teams.microsoft.com/l/meetup-join/k91x18o0s3jsz211rm4a,2,107,29.99,,
172,2,4,2024-03-07 10:00:00,https://teams.microsoft.com/l/meetup-join/ju3kbpchcurda7xq27f6,3,100,29.99,,
615,1,3,2024-06-25 14:45:00,,6,,29.99,2,103
561,2,24,2024-03-21 10:00:00,https://teams.microsoft.com/l/meetup-join/3y0dwel1wc027tdg7eeh,6,,29.99,,
623,1,5,2025-01-21 11:15:00,,6,,59.99,3,114
535,2,22,2024-01-08 14:45:00,https://teams.microsoft.com/l/meetup-join/9pvftj5d848tmiqe98x2,1,103,29.99,,
656,1,7,2025-01-26 10:00:00,,2,104,59.99,9,122
669,1,15,2024-01-24 10:00:00,,1,101,59.99,11,103
665,1,12,2024-01-22 11:15:00,,6,,49.99,10,128
399,2,16,2024-12-27 11:15:00,https://teams.microsoft.com/l/meetup-join/8pypl5rz1xcblvl01mfb,6,,29.99,,
723,1,25,2024-01-23 11:15:00,,4,102,29.99,21,116
716,1,16,2025-01-25 13:00:00,,6,,49.99,19,129
583,2,25,2024-01-20 10:00:00,https://teams.microsoft.com/l/meetup-join/mgqnofig6lbtflb4a3ut,6,,29.99,,
479,2,20,2023-11-23 13:00:00,https://teams.microsoft.com/l/meetup-join/tdxa124tofjcl0ckqsk1,2,106,29.99,,
637,1,6,2024-01-23 10:00:00,,6,,49.99,5,106
475,2,20,2023-11-21 14:45:00,https://teams.microsoft.com/l/meetup-join/xl3fs5d55b28jgs2692h,6,,49.99,,
540,2,22,2024-10-21 10:00:00,https://teams.microsoft.com/l/meetup-join/f2chk1kblu08bvia9jy2,6,,59.99,,
672,1,14,2024-06-23 13:00:00,,5,100,59.99,12,118
382,2,15,2023-12-12 13:00:00,https://teams.microsoft.com/l/meetup-join/g7e3qqrugx3xkmtfkmto,6,,59.99,,
696,1,20,2024-01-25 14:45:00,,6,,59.99,16,131
564,2,24,2024-04-30 13:00:00,https://teams.microsoft.com/l/meetup-join/po2wwrvjt3ypfzzi1pqw,6,,59.99,,
220,2,6,2024-10-18 10:00:00,https://teams.microsoft.com/l/meetup-join/3laf4zpy3xwn8fxl3mpw,6,,49.99,,
625,1,5,2025-01-24 11:15:00,,6,,29.99,3,109
109,2,1,2024-11-26 14:45:00,https://teams.microsoft.com/l/meetup-join/dep8lpbb6pz24n3im95c,6,,59.99,,
523,2,22,2023-11-02 11:15:00,https://teams.microsoft.com/l/meetup-join/h21dnx18s60r5cc000j9,6,,59.99,,
680,1,15,2025-01-23 10:00:00,,6,,59.99,13,120
668,1,15,2024-01-23 13:00:00,,5,108,29.99,11,120
530,2,22,2024-10-23 11:15:00,https://teams.microsoft.com/l/meetup-join/ai3dxgsy67q952g67a8v,1,102,29.99,,
737,1,25,2025-01-25 13:00:00,,6,,49.99,23,123
542,2,23,2024-06-13 11:15:00,https://teams.microsoft.com/l/meetup-join/36g4yajva9msotwdv1yu,6,,49.99,,
105,2,1,2024-12-17 11:15:00,https://teams.microsoft.com/l/meetup-join/wfw5sc2vebfvh1n207f5,6,,59.99,,
536,2,22,2024-11-15 14:45:00,https://teams.microsoft.com/l/meetup-join/jnr4wi68v6jydlw2i45d,1,105,29.99,,
609,1,5,2024-01-28 13:00:00,,6,,49.99,1,128
708,1,20,2025-01-26 13:00:00,,6,,59.99,18,106
511,2,21,2024-01-10 14:45:00,https://teams.microsoft.com/l/meetup-join/4pwy0se35qvg1qteb30y,6,,59.99,,
678,1,13,2024-06-24 13:00:00,,6,,29.99,12,126
562,2,24,2024-06-08 14:45:00,https://teams.microsoft.com/l/meetup-join/f3c4o0dr4djliztx2ga2,6,,49.99,,
387,2,15,2024-10-27 10:00:00,https://teams.microsoft.com/l/meetup-join/zgy9ugykmxpif3kqlbv4,2,107,29.99,,
666,1,12,2024-01-23 11:15:00,,5,108,29.99,10,103
430,2,17,2024-01-16 10:00:00,https://teams.microsoft.com/l/meetup-join/w7j0vh2bf0jtfk5bxz58,6,,59.99,,
510,2,21,2024-10-16 14:45:00,https://teams.microsoft.com/l/meetup-join/mt43mdk95oqhiwsom7j9,1,108,59.99,,
368,2,14,2024-05-29 14:45:00,https://teams.microsoft.com/l/meetup-join/vdbzxivbpgjn7ly0nzoq,6,,49.99,,
541,2,23,2024-05-17 11:15:00,https://teams.microsoft.com/l/meetup-join/detnf670yoc0ec061tzm,6,,59.99,,
139,2,2,2024-10-29 11:15:00,https://teams.microsoft.com/l/meetup-join/c9e782w4z2h5twyp6dln,6,,29.99,,
397,2,16,2024-12-24 13:00:00,https://teams.microsoft.com/l/meetup-join/0qjnfm74a0eqm2ee8das,4,107,49.99,,
114,2,1,2023-11-19 10:00:00,https://teams.microsoft.com/l/meetup-join/gnthxjh84yl3wk8j8qmy,6,,59.99,,
477,2,20,2023-11-23 14:45:00,https://teams.microsoft.com/l/meetup-join/8jnk5m1pnnrgvs5huvc3,6,,59.99,,
369,2,14,2024-02-21 11:15:00,https://teams.microsoft.com/l/meetup-join/czr5prur00se7k77wuqa,6,,49.99,,
539,2,22,2023-11-05 14:45:00,https://teams.microsoft.com/l/meetup-join/5gtg02j9swd314h1pvdb,6,,49.99,,
385,2,15,2024-11-03 10:00:00,https://teams.microsoft.com/l/meetup-join/lj10zelazoxrzui5231y,6,,49.99,,
667,1,15,2024-01-23 14:45:00,,6,,59.99,11,123
233,2,7,2023-12-19 13:00:00,https://teams.microsoft.com/l/meetup-join/gywrnesy9usa9ugrs293,6,,29.99,,
485,2,20,2023-11-29 14:45:00,https://teams.microsoft.com/l/meetup-join/x6kxlpvmekzzg0beoi12,6,,29.99,,
729,1,25,2024-01-26 13:00:00,,1,103,29.99,21,130
548,2,23,2024-02-10 13:00:00,https://teams.microsoft.com/l/meetup-join/cfppx80691duod9534rc,6,,49.99,,
626,1,1,2025-01-22 10:00:00,,6,,49.99,4,110
592,2,25,2024-11-01 10:00:00,https://teams.microsoft.com/l/meetup-join/qqgyzjiqexe31jf30523,1,102,59.99,,
286,2,10,2023-10-25 10:00:00,https://teams.microsoft.com/l/meetup-join/dsd25yib3nlm1avvigmc,6,,29.99,,
582,2,25,2024-12-07 13:00:00,https://teams.microsoft.com/l/meetup-join/xr6wsfjrfg7dfkexwm7n,6,,49.99,,
642,1,10,2024-01-25 10:00:00,,6,,59.99,6,132
468,2,20,2024-12-04 10:00:00,https://teams.microsoft.com/l/meetup-join/o7nvbkn0v2qr43rghvnl,6,,29.99,,
246,2,8,2024-03-21 11:15:00,https://teams.microsoft.com/l/meetup-join/tvgq3zdkjhepd98xgfv9,6,,29.99,,
553,2,24,2024-05-17 10:00:00,https://teams.microsoft.com/l/meetup-join/iqs9b6ri8ydy6ozb12v7,6,,49.99,,
238,2,7,2025-01-17 11:15:00,https://teams.microsoft.com/l/meetup-join/cxpqxzl2kl9aul7w2wrn,1,101,29.99,,
211,2,6,2023-12-22 14:45:00,https://teams.microsoft.com/l/meetup-join/t14zd9t8efnq9x6pa13r,6,,59.99,,
521,2,22,2023-11-11 13:00:00,https://teams.microsoft.com/l/meetup-join/dmzb1rnzgzbjcyybroyk,6,,29.99,,
724,1,25,2024-01-21 14:45:00,,5,105,49.99,21,129
612,1,3,2024-06-26 11:15:00,,6,,49.99,2,131
525,2,22,2023-10-17 13:00:00,https://teams.microsoft.com/l/meetup-join/shfrblro43kau23xp4u5,6,,59.99,,
131,2,2,2024-11-17 14:45:00,https://teams.microsoft.com/l/meetup-join/a6tfoo0ak602dznguzjr,4,107,59.99,,
576,2,25,2024-10-23 10:00:00,https://teams.microsoft.com/l/meetup-join/y2p97dqmiff1dhtjxqku,6,,29.99,,
557,2,24,2024-06-04 13:00:00,https://teams.microsoft.com/l/meetup-join/wavruyqy2zpay2d56hnx,6,,49.99,,
627,1,2,2025-01-21 14:45:00,,6,,59.99,4,129
491,2,20,2024-01-03 10:00:00,https://teams.microsoft.com/l/meetup-join/nr0qyt1hd6nel6cyuuz3,6,,49.99,,
451,2,19,2024-03-23 13:00:00,https://teams.microsoft.com/l/meetup-join/zu2ayd48gb4n90ok8wdj,6,,59.99,,
574,2,25,2024-10-19 10:00:00,https://teams.microsoft.com/l/meetup-join/9za1ndjz9khfuqpc40q6,6,,59.99,,
681,1,15,2025-01-27 14:45:00,,6,,29.99,13,106
155,2,3,2024-03-23 14:45:00,https://teams.microsoft.com/l/meetup-join/gv3sg0xhc4ijvxk2adgr,6,,59.99,,
117,2,1,2024-11-10 10:00:00,https://teams.microsoft.com/l/meetup-join/emjc3v7dz3fdtrgd3e99,6,,49.99,,
125,2,1,2024-12-15 11:15:00,https://teams.microsoft.com/l/meetup-join/n2gwkwtt4949gqwbxjta,6,,59.99,,
570,2,25,2024-11-12 11:15:00,https://teams.microsoft.com/l/meetup-join/jgc1io65vzv6s5r9yshh,6,,49.99,,
