1,29.99,2025-01-07,1002
2,1499,2024-10-06,1004
3,,2025-01-14,1008
4,29.99,2025-01-11,1012
5,480,2024-09-28,1012
6,599,2024-09-30,1016
7,1499,2024-10-04,1018
8,480,2023-09-22,1018
9,340,2024-06-15,1018
10,340,2024-01-10,1018
11,440,2025-01-06,1018
12,480,2023-09-26,1019
13,390,2024-06-08,1019
14,320,2024-01-09,1019
15,340,2025-01-17,1019
16,520,2023-09-25,1020
17,420,2024-06-14,1020
18,430,2024-01-18,1020
19,350,2025-01-06,1020
20,530,2024-09-22,1021
21,480,2023-09-23,1022
22,390,2024-06-09,1022
23,320,2024-01-10,1022
24,340,2025-01-11,1022
25,29.99,2025-01-11,1024
26,1499,2024-10-03,1024
27,29.99,2025-01-08,1031
28,1499,2024-10-06,1039
29,999,2024-11-13,1039
30,1499,2024-10-05,1041
31,,2025-01-14,1042
32,520,2024-09-25,1042
33,480,2023-09-26,1043
34,390,2024-06-14,1043
35,320,2024-01-12,1043
36,340,2025-01-13,1043
37,,2025-01-14,1046
38,520,2023-09-24,1049
39,420,2024-06-14,1049
40,430,2024-01-18,1049
41,350,2025-01-18,1049
42,480,2023-09-28,1050
43,390,2024-06-17,1050
44,320,2024-01-17,1050
45,340,2025-01-18,1050
46,480,2023-09-24,1052
47,340,2024-06-10,1052
48,340,2024-01-12,1052
49,440,2025-01-09,1052
50,530,2023-09-25,1057
51,380,2024-06-17,1057
52,410,2024-01-06,1057
53,360,2025-01-08,1057
54,520,2023-09-25,1060
55,420,2024-06-06,1060
56,430,2024-01-10,1060
57,350,2025-01-09,1060
58,300,2024-01-18,1060
59,430,2025-01-15,1060
60,,2025-01-14,1063
61,,2025-01-14,1074
62,999,2024-11-13,1074
63,599,2024-10-03,1077
64,480,2024-09-28,1078
65,,2025-01-14,1080
66,530,2023-09-23,1081
67,380,2024-06-06,1081
68,410,2024-01-07,1081
69,360,2025-01-10,1081
70,999,2024-11-12,1082
71,1499,2024-10-05,1090
72,99,2024-12-28,1092
73,,2025-01-14,1094
74,480,2023-09-24,1094
75,390,2024-06-10,1094
76,320,2024-01-11,1094
77,340,2025-01-12,1094
78,510,2023-09-22,1097
79,320,2024-06-14,1097
80,300,2024-01-09,1097
81,430,2025-01-09,1097
82,480,2024-09-30,1104
83,510,2024-09-28,1105
84,599,2024-10-06,1119
85,99,2025-01-04,1120
86,480,2023-09-29,1121
87,340,2024-06-16,1121
88,340,2024-01-18,1121
89,440,2025-01-15,1121
90,599,2024-10-06,1122
91,520,2024-09-26,1124
92,480,2024-09-23,1133
93,480,2023-09-27,1136
94,390,2024-06-13,1136
95,320,2024-01-06,1136
96,340,2025-01-11,1136
97,599,2024-10-02,1138
98,520,2024-09-28,1139
99,29.99,2024-12-27,1143
100,530,2024-09-26,1143
101,510,2023-09-28,1145
102,320,2024-06-06,1145
103,300,2024-01-16,1145
104,430,2025-01-13,1145
105,1499,2024-10-04,1148
106,599,2024-10-08,1154
107,480,2023-09-27,1163
108,390,2024-06-11,1163
109,320,2024-01-14,1163
110,340,2025-01-13,1163
111,480,2023-09-21,1175
112,390,2024-06-17,1175
113,320,2024-01-07,1175
114,340,2025-01-17,1175
115,29.99,2025-01-01,1176
116,99,2024-12-31,1181
117,,2025-01-14,1182
118,,2025-01-14,1185
119,,2025-01-14,1191
120,1499,2024-10-05,1192
121,,2025-01-14,1193
122,520,2023-09-25,1194
123,420,2024-06-08,1194
124,430,2024-01-18,1194
125,350,2025-01-15,1194
126,4999,2024-10-03,1195
127,530,2023-09-25,1197
128,380,2024-06-12,1197
129,410,2024-01-11,1197
130,360,2025-01-15,1197
131,,2025-01-14,1202
132,,2025-01-14,1203
133,510,2024-09-30,1204
134,480,2024-09-25,1216
135,149,2024-12-12,1217
136,,2025-01-14,1219
137,480,2024-09-24,1221
138,480,2024-09-29,1223
139,599,2024-10-07,1227
140,999,2024-11-10,1229
141,480,2024-09-25,1229
142,4999,2024-10-08,1230
143,,2025-01-14,1231
144,149,2025-01-10,1233
145,149,2024-12-18,1237
146,480,2024-09-22,1237
147,,2025-01-14,1239
148,149,2024-12-31,1241
149,999,2024-11-13,1241
150,530,2023-09-22,1244
151,380,2024-06-07,1244
152,410,2024-01-06,1244
153,360,2025-01-17,1244
154,4999,2024-10-03,1245
155,149,2025-01-09,1246
156,149,2025-01-02,1252
157,530,2024-09-22,1252
158,,2025-01-14,1261
159,480,2024-09-24,1266
160,599,2024-10-06,1294
161,520,2024-09-30,1297
162,480,2023-09-22,1299
163,390,2024-06-13,1299
164,320,2024-01-17,1299
165,340,2025-01-15,1299
166,530,2023-09-30,1302
167,380,2024-06-16,1302
168,410,2024-01-10,1302
169,360,2025-01-13,1302
170,,2025-01-14,1304
171,520,2023-09-30,1305
172,420,2024-06-18,1305
173,430,2024-01-13,1305
174,350,2025-01-16,1305
175,,2025-01-14,1311
176,480,2024-09-24,1315
177,,2025-01-14,1318
178,480,2024-09-22,1322
179,530,2023-09-27,1327
180,380,2024-06-10,1327
181,410,2024-01-17,1327
182,360,2025-01-07,1327
183,149,2025-01-05,1343
184,520,2024-09-28,1346
185,510,2023-09-22,1350
186,320,2024-06-13,1350
187,300,2024-01-09,1350
188,430,2025-01-17,1350
189,4999,2024-10-06,1354
190,480,2023-09-21,1355
191,390,2024-06-06,1355
192,320,2024-01-15,1355
193,340,2025-01-09,1355
194,,2025-01-14,1365
195,999,2024-11-12,1366
196,510,2024-09-29,1366
197,1499,2024-10-01,1367
198,1499,2024-10-09,1371
199,470,2023-09-21,1372
200,380,2024-06-06,1372
201,410,2024-01-14,1372
202,360,2025-01-18,1372
203,480,2024-09-25,1372
204,380,2024-06-13,1372
205,410,2024-01-16,1372
206,360,2025-01-18,1372
207,530,2024-09-21,1374
208,520,2024-09-24,1383
209,480,2024-09-22,1386
210,,2025-01-14,1387
211,510,2024-09-28,1387
212,1499,2024-10-04,1395
213,599,2024-10-04,1398
214,480,2023-09-27,1398
215,340,2024-06-07,1398
216,340,2024-01-17,1398
217,440,2025-01-07,1398
218,520,2023-09-23,1401
219,420,2024-06-11,1401
220,430,2024-01-06,1401
221,350,2025-01-12,1401
222,99,2024-12-12,1408
223,480,2024-09-25,1408
224,149,2024-12-19,1414
225,599,2024-10-01,1414
226,530,2023-09-28,1415
227,380,2024-06-11,1415
228,410,2024-01-12,1415
229,,2025-01-14,1415
230,999,2024-11-06,1416
231,599,2024-10-05,1419
232,490,2024-09-25,1419
233,390,2024-06-10,1419
234,320,2024-01-16,1419
235,340,2025-01-06,1419
236,480,2023-09-23,1419
237,390,2024-06-18,1419
238,320,2024-01-06,1419
239,340,2025-01-10,1419
240,520,2023-09-27,1420
241,420,2024-06-14,1420
242,430,2024-01-08,1420
243,350,2025-01-12,1420
244,,2025-01-14,1421
245,520,2023-09-28,1422
246,420,2024-06-08,1422
247,430,2024-01-17,1422
248,350,2025-01-17,1422
249,510,2024-09-28,1428
250,99,2025-01-13,1429
251,149,2024-12-31,1429
252,510,2024-09-30,1429
253,1499,2024-10-04,1431
254,999,2024-11-13,1441
255,530,2023-09-22,1441
256,340,2024-01-18,1441
257,440,2025-01-06,1441
258,380,2024-06-10,1441
259,410,2024-01-14,1441
260,360,2025-01-09,1441
261,149,2024-12-26,1443
262,999,2024-11-12,1449
263,480,2024-09-28,1455
264,510,2024-09-26,1462
265,599,2024-09-29,1464
266,520,2024-09-30,1464
267,599,2024-10-02,1466
268,99,2024-12-18,1467
269,599,2024-10-05,1471
270,599,2024-10-02,1477
271,1499,2024-10-09,1478
272,,2025-01-14,1479
273,,2025-01-14,1481
274,520,2023-09-23,1488
275,420,2024-06-06,1488
276,430,2024-01-06,1488
277,350,2025-01-15,1488
278,999,2024-11-14,1492
279,530,2024-09-23,1492
280,1499,2024-10-04,1493
281,1499,2024-10-01,1500
282,480,2023-09-27,1501
283,340,2024-06-08,1501
284,340,2024-01-11,1501
285,440,2025-01-06,1501
286,480,2023-09-21,1505
287,410,2024-01-06,1505
288,,2025-01-14,1505
289,390,2024-06-14,1505
290,320,2024-01-07,1505
291,,2025-01-14,1505
292,29.99,2025-01-09,1509
293,480,2023-09-25,1515
294,390,2024-06-12,1515
295,320,2024-01-12,1515
296,340,2025-01-12,1515
297,510,2023-09-24,1516
298,320,2024-06-16,1516
299,300,2024-01-07,1516
300,430,2025-01-08,1516
301,99,2025-01-10,1518
302,480,2024-09-28,1520
303,300,2024-01-06,1520
304,430,2025-01-11,1520
305,480,2024-09-22,1524
306,530,2023-09-27,1525
307,380,2024-06-15,1525
308,410,2024-01-09,1525
309,360,2025-01-16,1525
310,4999,2024-10-08,1533
311,99,2025-01-08,1540
312,520,2023-09-27,1541
313,390,2024-06-09,1541
314,320,2024-01-06,1541
315,340,2025-01-08,1541
316,520,2024-09-22,1541
317,390,2024-06-15,1541
318,320,2024-01-13,1541
319,340,2025-01-13,1541
320,29.99,2024-12-22,1542
321,520,2023-09-22,1542
322,420,2024-06-14,1542
323,430,2024-01-08,1542
324,350,2025-01-10,1542
325,,2025-01-14,1543
326,,2025-01-14,1544
327,480,2024-09-22,1547
328,,2025-01-14,1553
329,29.99,2024-12-20,1560
330,1499,2024-10-08,1565
331,4999,2024-10-06,1568
332,,2025-01-14,1569
333,480,2024-09-28,1576
334,99,2025-01-07,1579
335,480,2024-09-23,1580
336,480,2024-09-28,1581
337,520,2024-09-30,1583
338,,2025-01-14,1590
339,,2025-01-14,1600
340,,2025-01-14,1601
341,,2025-01-14,1603
342,,2025-01-14,1607
343,480,2023-09-27,1608
344,390,2024-06-15,1608
345,320,2024-01-13,1608
346,340,2025-01-13,1608
347,480,2023-09-21,1609
348,340,2024-06-12,1609
349,340,2024-01-11,1609
350,440,2025-01-07,1609
351,,2025-01-14,1618
352,999,2024-11-07,1619
353,530,2023-09-25,1621
354,380,2024-06-15,1621
355,410,2024-01-06,1621
356,360,2025-01-11,1621
357,480,2024-09-30,1624
358,530,2024-09-26,1627
359,,2025-01-14,1632
360,99,2024-12-27,1632
361,520,2024-09-23,1634
362,,2025-01-14,1641
363,,2025-01-14,1642
364,,2025-01-14,1647
365,1499,2024-10-06,1654
366,480,2024-09-26,1657
367,530,2024-09-26,1658
368,,2025-01-14,1660
369,480,2024-09-25,1660
370,99,2024-12-12,1670
371,599,2024-10-01,1677
372,480,2023-09-26,1680
373,340,2024-06-07,1680
374,340,2024-01-08,1680
375,440,2025-01-12,1680
376,480,2024-09-24,1688
377,480,2024-09-24,1690
378,599,2024-10-05,1692
379,480,2024-09-28,1694
380,510,2024-09-21,1696
381,520,2024-09-25,1696
382,480,2024-09-23,1698
383,,2025-01-14,1702
384,,2025-01-14,1704
385,,2025-01-14,1705
386,520,2024-09-28,1706
387,530,2023-09-30,1708
388,380,2024-06-13,1708
389,410,2024-01-07,1708
390,360,2025-01-17,1708
391,,2025-01-14,1709
392,1499,2024-10-03,1712
393,,2025-01-14,1713
394,599,2024-10-08,1716
395,510,2024-09-26,1725
396,149,2025-01-03,1727
397,99,2025-01-07,1730
398,1499,2024-10-03,1734
399,530,2024-09-22,1738
400,480,2023-09-28,1740
401,340,2024-06-16,1740
402,340,2024-01-09,1740
403,,2025-01-14,1740
404,530,2024-09-25,1742
405,480,2024-09-28,1743
406,480,2023-09-24,1747
407,340,2024-06-12,1747
408,340,2024-01-08,1747
409,440,2025-01-10,1747
410,,2025-01-14,1748
411,,2025-01-14,1754
412,1499,2024-10-06,1755
413,480,2024-09-22,1761
414,480,2024-09-30,1764
415,480,2024-09-25,1765
416,,2025-01-14,1769
417,480,2023-09-24,1769
418,390,2024-06-08,1769
419,320,2024-01-15,1769
420,340,2025-01-18,1769
421,99,2025-01-06,1777
422,99,2025-01-03,1778
423,599,2024-10-04,1778
424,999,2024-11-13,1778
425,530,2023-09-30,1779
426,380,2024-06-14,1779
427,410,2024-01-16,1779
428,360,2025-01-17,1779
429,999,2024-11-13,1786
430,480,2023-09-21,1792
431,340,2024-06-06,1792
432,340,2024-01-17,1792
433,440,2025-01-18,1792
434,1499,2024-10-07,1793
435,510,2024-09-27,1794
436,4999,2024-10-04,1795
437,520,2024-09-24,1795
438,149,2024-12-12,1797
439,530,2024-09-29,1805
440,29.99,2025-01-12,1806
441,,2025-01-14,1808
442,510,2023-09-29,1811
443,320,2024-06-17,1811
444,300,2024-01-18,1811
445,,2025-01-14,1811
446,1499,2024-10-05,1813
447,510,2024-09-27,1814
448,1499,2024-10-02,1819
449,480,2024-09-23,1821
450,,2025-01-14,1822
451,530,2024-09-21,1823
452,530,2024-09-23,1828
453,999,2024-11-07,1834
454,480,2023-09-28,1836
455,340,2024-06-09,1836
456,340,2024-01-09,1836
457,440,2025-01-10,1836
458,,2025-01-14,1839
459,510,2023-09-26,1842
460,320,2024-06-14,1842
461,300,2024-01-06,1842
462,430,2025-01-08,1842
463,530,2023-09-30,1846
464,380,2024-06-12,1846
465,410,2024-01-09,1846
466,360,2025-01-07,1846
467,,2025-01-14,1849
468,520,2023-09-26,1850
469,420,2024-06-17,1850
470,430,2024-01-09,1850
471,350,2025-01-17,1850
472,,2025-01-14,1852
473,530,2023-09-24,1852
474,380,2024-06-15,1852
475,410,2024-01-09,1852
476,360,2025-01-16,1852
477,480,2024-09-21,1854
478,,2025-01-14,1867
479,520,2023-09-30,1885
480,420,2024-06-14,1885
481,430,2024-01-11,1885
482,350,2025-01-18,1885
483,480,2024-09-26,1888
484,999,2024-11-11,1889
485,,2025-01-14,1892
486,1499,2024-10-10,1897
487,1499,2024-10-09,1904
488,1499,2024-10-06,1905
489,1499,2024-10-01,1912
490,1499,2024-10-02,1913
491,530,2023-09-23,1919
492,340,2024-01-11,1919
493,440,2025-01-06,1919
494,380,2024-06-13,1919
495,410,2024-01-13,1919
496,,2025-01-14,1919
497,530,2023-09-28,1920
498,380,2024-06-15,1920
499,410,2024-01-08,1920
500,360,2025-01-12,1920
501,599,2024-10-08,1924
502,29.99,2024-12-28,1926
503,520,2024-09-30,1926
504,480,2024-09-26,1934
505,4999,2024-10-07,1938
506,530,2024-09-26,1945
507,480,2024-09-22,1947
508,99,2025-01-13,1948
509,480,2024-09-28,1949
510,,2025-01-14,1951
511,29.99,2025-01-11,1958
512,480,2023-09-30,1965
513,340,2024-06-10,1965
514,340,2024-01-11,1965
515,440,2025-01-12,1965
516,480,2024-09-25,1973
517,999,2024-11-11,1976
518,4999,2024-10-08,1979
519,530,2024-09-21,1980
520,,2025-01-14,1982
521,1499,2024-10-07,1982
522,530,2023-09-28,1985
523,380,2024-06-11,1985
524,410,2024-01-06,1985
525,360,2025-01-17,1985
526,599,2024-10-04,1988
527,599,2024-10-07,1991
528,480,2024-09-25,1999
529,999,2024-11-09,2015
530,99,2024-12-17,2027
531,480,2024-09-25,2027
532,599,2024-10-05,2040
533,1499,2024-10-09,2045
534,530,2023-09-28,2045
535,380,2024-06-08,2045
536,410,2024-01-11,2045
537,360,2025-01-17,2045
538,510,2024-09-23,2050
539,510,2024-09-22,2061
540,,2025-01-14,2064
541,480,2023-09-28,2064
542,340,2024-06-09,2064
543,340,2024-01-14,2064
544,440,2025-01-13,2064
545,510,2024-09-26,2066
546,480,2023-09-26,2077
547,340,2024-06-15,2077
548,340,2024-01-08,2077
549,440,2025-01-09,2077
550,480,2023-09-26,2082
551,340,2024-06-15,2082
552,340,2024-01-07,2082
553,,2025-01-14,2082
554,1499,2024-10-10,2083
555,99,2025-01-07,2088
556,480,2024-09-22,2088
557,480,2024-09-26,2091
558,510,2023-09-30,2092
559,320,2024-06-08,2092
560,300,2024-01-09,2092
561,430,2025-01-16,2092
562,510,2024-09-28,2099
563,,2025-01-14,2100
564,520,2023-09-24,2114
565,320,2024-01-17,2114
566,340,2025-01-18,2114
567,420,2024-06-07,2114
568,430,2024-01-09,2114
569,350,2025-01-10,2114
570,1499,2024-10-02,2117
571,520,2023-09-29,2120
572,420,2024-06-06,2120
573,430,2024-01-12,2120
574,350,2025-01-10,2120
575,29.99,2025-01-13,2126
576,149,2024-12-31,2129
577,99,2025-01-09,2131
578,,2025-01-14,2132
579,,2025-01-14,2139
580,29.99,2025-01-11,2140
581,29.99,2025-01-11,2142
582,510,2023-09-24,2148
583,320,2024-06-12,2148
584,300,2024-01-06,2148
585,430,2025-01-15,2148
586,530,2023-09-30,2153
587,380,2024-06-07,2153
588,410,2024-01-13,2153
589,360,2025-01-16,2153
590,,2025-01-14,2154
591,520,2023-09-21,2154
592,420,2024-06-12,2154
593,430,2024-01-13,2154
594,350,2025-01-10,2154
595,480,2023-09-26,2155
596,390,2024-06-15,2155
597,320,2024-01-17,2155
598,340,2025-01-10,2155
599,480,2024-09-25,2157
600,530,2024-09-29,2167
601,340,2024-01-16,2167
602,,2025-01-14,2167
603,99,2024-12-30,2175
604,149,2025-01-04,2176
605,530,2024-09-23,2184
606,510,2023-09-26,2185
607,320,2024-06-11,2185
608,300,2024-01-13,2185
609,430,2025-01-12,2185
610,,2025-01-14,2186
611,99,2025-01-02,2196
612,530,2024-09-23,2199
613,,2025-01-14,2208
614,530,2023-09-29,2208
615,340,2024-06-17,2208
616,340,2024-01-09,2208
617,440,2025-01-09,2208
618,420,2024-06-12,2208
619,430,2024-01-18,2208
620,350,2025-01-10,2208
621,520,2023-09-29,2208
622,340,2024-06-18,2208
623,340,2024-01-07,2208
624,440,2025-01-08,2208
625,420,2024-06-09,2208
626,430,2024-01-10,2208
627,,2025-01-14,2208
628,510,2023-09-28,2214
629,320,2024-06-08,2214
630,300,2024-01-15,2214
631,430,2025-01-13,2214
632,,2025-01-14,2215
633,599,2024-09-30,2215
634,520,2024-09-21,2226
635,999,2024-11-08,2235
636,480,2023-09-23,2235
637,340,2024-06-15,2235
638,340,2024-01-14,2235
639,440,2025-01-11,2235
640,480,2024-09-22,2238
641,999,2024-11-07,2245
642,4999,2024-10-06,2245
643,480,2023-09-28,2245
644,390,2024-06-12,2245
645,320,2024-01-14,2245
646,340,2025-01-08,2245
647,,2025-01-14,2255
648,,2025-01-14,2256
649,510,2024-09-21,2268
650,510,2023-09-29,2269
651,320,2024-06-12,2269
652,300,2024-01-14,2269
653,430,2025-01-16,2269
654,520,2023-09-29,2275
655,420,2024-06-15,2275
656,430,2024-01-11,2275
657,350,2025-01-12,2275
658,480,2024-09-22,2280
659,480,2023-09-26,2300
660,340,2024-06-07,2300
661,340,2024-01-15,2300
662,440,2025-01-15,2300
663,520,2024-09-21,2303
664,99,2025-01-10,2310
665,480,2024-09-29,2310
666,599,2024-10-06,2313
667,530,2023-09-24,2323
668,380,2024-06-15,2323
669,410,2024-01-06,2323
670,,2025-01-14,2323
671,,2025-01-14,2325
672,599,2024-10-02,2325
673,530,2024-09-26,2334
674,480,2024-09-23,2336
675,1499,2024-10-07,2339
676,1499,2024-10-11,2340
677,480,2023-09-26,2344
678,340,2024-06-13,2344
679,340,2024-01-13,2344
680,440,2025-01-08,2344
681,,2025-01-14,2350
682,510,2024-09-30,2352
683,520,2023-09-30,2357
684,420,2024-06-07,2357
685,430,2024-01-16,2357
686,350,2025-01-15,2357
687,999,2024-11-13,2367
688,149,2024-12-15,2374
689,99,2025-01-05,2376
690,480,2023-09-29,2376
691,340,2024-06-13,2376
692,340,2024-01-10,2376
693,440,2025-01-08,2376
694,149,2024-12-26,2378
695,,2025-01-14,2382
696,480,2023-09-26,2385
697,340,2024-06-11,2385
698,340,2024-01-13,2385
699,440,2025-01-17,2385
700,,2025-01-14,2388
701,1499,2024-10-11,2389
702,510,2023-09-26,2392
703,320,2024-06-13,2392
704,300,2024-01-13,2392
705,430,2025-01-17,2392
706,480,2023-09-28,2398
707,340,2024-06-12,2398
708,340,2024-01-10,2398
709,440,2025-01-15,2398
710,999,2024-11-12,2403
711,1499,2024-10-04,2404
712,530,2024-09-23,2407
713,4999,2024-10-04,2416
714,1499,2024-10-07,2419
715,480,2023-09-30,2424
716,340,2024-06-15,2424
717,340,2024-01-10,2424
718,440,2025-01-11,2424
719,480,2024-09-24,2428
720,,2025-01-14,2430
721,,2025-01-14,2430
722,599,2024-10-01,2432
723,480,2023-09-24,2433
724,340,2024-06-10,2433
725,340,2024-01-14,2433
726,440,2025-01-06,2433
727,99,2024-12-28,2442
728,480,2023-09-29,2446
729,390,2024-06-16,2446
730,320,2024-01-08,2446
731,340,2025-01-16,2446
732,520,2023-09-22,2450
733,390,2024-06-08,2450
734,320,2024-01-14,2450
735,340,2025-01-16,2450
736,520,2024-09-28,2450
737,390,2024-06-12,2450
738,320,2024-01-10,2450
739,340,2025-01-13,2450
740,999,2024-11-09,2457
741,480,2024-09-26,2458
742,470,2024-09-26,2459
743,390,2024-06-07,2459
744,320,2024-01-14,2459
745,340,2025-01-18,2459
746,480,2023-09-26,2459
747,390,2024-06-15,2459
748,320,2024-01-06,2459
749,,2025-01-14,2459
750,,2025-01-14,2462
751,510,2023-09-21,2468
752,320,2024-06-15,2468
753,300,2024-01-14,2468
754,430,2025-01-09,2468
755,149,2025-01-13,2479
756,999,2024-11-10,2479
757,480,2024-09-26,2483
758,520,2024-09-23,2484
759,999,2024-11-07,2496
760,149,2024-12-16,2497
761,520,2023-09-30,2499
762,420,2024-06-09,2499
763,430,2024-01-13,2499
764,350,2025-01-09,2499
765,99,2025-01-13,2504
766,520,2023-09-28,2510
767,420,2024-06-12,2510
768,430,2024-01-18,2510
769,350,2025-01-13,2510
770,480,2023-09-22,2511
771,340,2024-06-08,2511
772,340,2024-01-16,2511
773,440,2025-01-15,2511
774,510,2023-09-30,2513
775,320,2024-06-18,2513
776,300,2024-01-08,2513
777,430,2025-01-15,2513
778,530,2024-09-27,2521
779,999,2024-11-07,2525
780,1499,2024-10-11,2529
781,,2025-01-14,2534
782,480,2023-09-26,2534
783,340,2024-06-10,2534
784,340,2024-01-12,2534
785,440,2025-01-18,2534
786,4999,2024-10-08,2536
787,149,2025-01-10,2550
788,480,2023-09-27,2552
789,390,2024-06-15,2552
790,320,2024-01-12,2552
791,340,2025-01-06,2552
792,99,2024-12-17,2553
793,,2025-01-14,2554
794,1499,2024-10-02,2554
795,999,2024-11-06,2556
796,149,2025-01-02,2557
797,480,2023-09-25,2557
798,390,2024-06-06,2557
799,320,2024-01-09,2557
800,340,2025-01-06,2557
801,520,2024-09-28,2562
802,,2025-01-14,2573
803,,2025-01-14,2577
804,520,2023-09-27,2580
805,420,2024-06-12,2580
806,430,2024-01-18,2580
807,350,2025-01-17,2580
808,149,2024-12-18,2582
809,490,2023-09-28,2584
810,340,2024-06-10,2584
811,340,2024-01-06,2584
812,440,2025-01-12,2584
813,480,2024-09-22,2584
814,340,2024-06-11,2584
815,340,2024-01-16,2584
816,440,2025-01-12,2584
817,530,2023-09-21,2589
818,380,2024-06-17,2589
819,410,2024-01-11,2589
820,360,2025-01-13,2589
821,,2025-01-14,2590
822,530,2023-09-25,2590
823,380,2024-06-06,2590
824,410,2024-01-11,2590
825,360,2025-01-15,2590
826,,2025-01-14,2592
827,599,2024-10-03,2592
828,599,2024-10-05,2600
829,99,2025-01-11,2604
830,,2025-01-14,2605
831,1499,2024-10-11,2613
832,480,2024-09-22,2613
833,480,2024-09-27,2616
834,99,2025-01-12,2622
835,520,2023-09-29,2624
836,420,2024-06-16,2624
837,430,2024-01-18,2624
838,350,2025-01-13,2624
839,,2025-01-14,2628
840,1499,2024-10-10,2628
841,149,2025-01-13,2632
842,480,2023-09-21,2633
843,390,2024-06-15,2633
844,320,2024-01-16,2633
845,,2025-01-14,2633
846,,2025-01-14,2637
847,1499,2024-10-07,2654
848,,2025-01-14,2665
849,,2025-01-14,2667
850,,2025-01-14,2674
851,599,2024-10-03,2675
852,510,2024-09-27,2675
853,1499,2024-10-07,2678
854,,2025-01-14,2683
855,510,2023-09-28,2684
856,320,2024-06-10,2684
857,300,2024-01-14,2684
858,430,2025-01-18,2684
859,480,2023-09-30,2686
860,390,2024-06-07,2686
861,320,2024-01-18,2686
862,340,2025-01-07,2686
863,4999,2024-10-09,2690
864,510,2023-09-23,2690
865,320,2024-06-11,2690
866,300,2024-01-07,2690
867,430,2025-01-10,2690
868,999,2024-11-09,2691
869,99,2024-12-25,2696
870,599,2024-10-07,2698
871,510,2023-09-30,2699
872,320,2024-06-06,2699
873,300,2024-01-18,2699
874,430,2025-01-18,2699
875,4999,2024-10-03,2707
876,480,2024-09-21,2708
877,999,2024-11-10,2711
878,99,2025-01-10,2713
879,480,2024-09-22,2715
880,,2025-01-14,2721
881,480,2024-09-28,2721
882,430,2024-01-18,2721
883,350,2025-01-12,2721
884,149,2025-01-03,2724
885,1499,2024-10-10,2727
886,1499,2024-10-04,2734
887,520,2024-09-25,2738
888,149,2025-01-05,2743
889,510,2023-09-28,2754
890,320,2024-06-07,2754
891,300,2024-01-10,2754
892,430,2025-01-09,2754
893,530,2023-09-28,2755
894,380,2024-06-18,2755
895,410,2024-01-13,2755
896,360,2025-01-17,2755
897,480,2024-09-22,2757
898,,2025-01-14,2760
899,530,2024-09-23,2761
900,480,2023-09-22,2766
901,340,2024-06-10,2766
902,340,2024-01-14,2766
903,,2025-01-14,2766
904,500,2023-09-23,2769
905,390,2024-06-09,2769
906,320,2024-01-12,2769
907,340,2025-01-06,2769
908,320,2024-06-06,2769
909,300,2024-01-09,2769
910,430,2025-01-12,2769
911,510,2023-09-23,2769
912,390,2024-06-11,2769
913,320,2024-01-17,2769
914,340,2025-01-10,2769
915,320,2024-06-07,2769
916,300,2024-01-10,2769
917,430,2025-01-17,2769
918,480,2024-09-24,2774
919,520,2023-09-23,2776
920,420,2024-06-06,2776
921,430,2024-01-10,2776
922,350,2025-01-08,2776
923,599,2024-10-03,2777
924,500,2024-09-25,2778
925,320,2024-06-14,2778
926,300,2024-01-12,2778
927,430,2025-01-13,2778
928,510,2023-09-30,2778
929,320,2024-06-08,2778
930,300,2024-01-15,2778
931,430,2025-01-15,2778
932,,2025-01-14,2781
933,1499,2024-10-07,2783
934,1499,2024-10-03,2787
935,,2025-01-14,2792
936,520,2024-09-21,2792
937,320,2024-01-07,2792
938,340,2025-01-15,2792
939,480,2024-09-23,2793
940,999,2024-11-12,2795
941,599,2024-10-06,2808
942,999,2024-11-12,2808
943,530,2024-09-26,2808
944,,2025-01-14,2814
945,4999,2024-09-30,2823
946,530,2023-09-28,2823
947,380,2024-06-10,2823
948,410,2024-01-18,2823
949,,2025-01-14,2823
950,,2025-01-14,2825
951,530,2024-09-22,2826
952,599,2024-10-05,2827
953,149,2025-01-13,2830
954,4999,2024-10-08,2830
955,520,2024-09-21,2832
956,480,2023-09-28,2836
957,390,2024-06-15,2836
958,320,2024-01-09,2836
959,340,2025-01-10,2836
960,480,2023-09-25,2842
961,340,2024-06-11,2842
962,340,2024-01-12,2842
963,440,2025-01-07,2842
964,599,2024-10-07,2843
965,99,2025-01-04,2845
966,,2025-01-14,2847
967,480,2023-09-26,2848
968,340,2024-06-17,2848
969,340,2024-01-07,2848
970,440,2025-01-18,2848
971,1499,2024-10-10,2855
972,1499,2024-10-07,2857
973,480,2023-09-27,2859
974,390,2024-06-13,2859
975,320,2024-01-15,2859
976,340,2025-01-10,2859
977,,2025-01-14,2861
978,599,2024-10-02,2863
979,510,2024-09-23,2868
980,480,2023-09-28,2871
981,390,2024-06-10,2871
982,320,2024-01-13,2871
983,340,2025-01-09,2871
984,99,2025-01-06,2875
985,999,2024-11-06,2880
986,480,2023-09-26,2884
987,340,2024-06-11,2884
988,340,2024-01-06,2884
989,440,2025-01-15,2884
990,,2025-01-14,2885
991,520,2023-09-27,2886
992,420,2024-06-10,2886
993,430,2024-01-16,2886
994,,2025-01-14,2886
995,,2025-01-14,2892
996,520,2024-09-29,2895
997,,2025-01-14,2896
998,510,2024-09-22,2896
999,,2025-01-14,2897
1000,99,2024-12-19,2898
1001,4999,2024-10-07,2898
1002,,2025-01-14,2899
1003,510,2024-09-30,2905
1004,320,2024-06-17,2905
1005,300,2024-01-17,2905
1006,430,2025-01-17,2905
1007,510,2023-09-23,2905
1008,320,2024-06-09,2905
1009,300,2024-01-17,2905
1010,430,2025-01-16,2905
1011,599,2024-10-05,2907
1012,480,2024-09-30,2911
1013,520,2024-09-27,2917
1014,,2025-01-14,2925
1015,480,2023-09-30,2926
1016,390,2024-06-18,2926
1017,320,2024-01-14,2926
1018,340,2025-01-13,2926
1019,149,2024-12-10,2929
1020,4999,2024-10-06,2931
1021,29.99,2025-01-13,2933
1022,530,2024-09-22,2934
1023,480,2023-09-22,2936
1024,390,2024-06-08,2936
1025,320,2024-01-14,2936
1026,340,2025-01-13,2936
1027,490,2023-09-24,2943
1028,340,2024-06-07,2943
1029,340,2024-01-07,2943
1030,,2025-01-14,2943
1031,390,2024-06-10,2943
1032,320,2024-01-06,2943
1033,340,2025-01-06,2943
1034,480,2023-09-30,2943
1035,340,2024-06-13,2943
1036,340,2024-01-17,2943
1037,440,2025-01-08,2943
1038,390,2024-06-14,2943
1039,320,2024-01-18,2943
1040,340,2025-01-06,2943
1041,,2025-01-14,2951
1042,480,2023-09-23,2952
1043,390,2024-06-14,2952
1044,320,2024-01-11,2952
1045,340,2025-01-09,2952
1046,4999,2024-10-06,2954
1047,599,2024-10-06,2954
1048,4999,2024-10-01,2955
1049,,2025-01-14,2968
1050,530,2023-09-23,2970
1051,380,2024-06-08,2970
1052,410,2024-01-17,2970
1053,360,2025-01-07,2970
1054,480,2023-09-25,2972
1055,340,2024-06-15,2972
1056,340,2024-01-10,2972
1057,440,2025-01-08,2972
1058,,2025-01-14,2973
1059,,2025-01-14,2985
1060,530,2024-09-30,2990
1061,480,2024-09-25,2991
1062,480,2024-09-28,2995
1063,430,2024-01-12,2995
1064,350,2025-01-09,2995
1065,,2025-01-14,2996
1066,1499,2024-10-09,3001
1067,599,2024-09-30,3003
1068,149,2025-01-03,3005
1069,480,2024-09-24,3008
1070,480,2024-09-29,3010
1071,,2025-01-14,3011
1072,,2025-01-14,3013
1073,4999,2024-09-30,3023
1074,,2025-01-14,3028
1075,550,2023-09-22,3028
1076,340,2024-06-08,3028
1077,340,2024-01-10,3028
1078,440,2025-01-16,3028
1079,380,2024-06-15,3028
1080,410,2024-01-15,3028
1081,360,2025-01-11,3028
1082,430,2024-01-13,3028
1083,350,2025-01-18,3028
1084,530,2023-09-29,3028
1085,340,2024-06-16,3028
1086,340,2024-01-09,3028
1087,440,2025-01-09,3028
1088,380,2024-06-15,3028
1089,410,2024-01-10,3028
1090,360,2025-01-16,3028
1091,430,2024-01-12,3028
1092,350,2025-01-09,3028
1093,1499,2024-10-10,3029
1094,510,2023-09-24,3032
1095,320,2024-06-13,3032
1096,300,2024-01-10,3032
1097,430,2025-01-18,3032
1098,1499,2024-10-03,3037
1099,510,2024-09-29,3037
1100,340,2024-01-17,3037
1101,440,2025-01-06,3037
1102,,2025-01-14,3041
1103,599,2024-10-04,3043
1104,480,2023-09-24,3046
1105,340,2024-06-06,3046
1106,340,2024-01-11,3046
1107,440,2025-01-06,3046
1108,1499,2024-10-02,3048
1109,4999,2024-10-01,3052
1110,1499,2024-10-10,3056
1111,520,2023-09-26,3062
1112,420,2024-06-15,3062
1113,430,2024-01-13,3062
1114,350,2025-01-18,3062
1115,99,2025-01-10,3064
1116,,2025-01-14,3069
1117,530,2023-09-24,3069
1118,380,2024-06-07,3069
1119,410,2024-01-12,3069
1120,360,2025-01-06,3069
1121,480,2024-09-21,3071
1122,4999,2024-09-30,3074
1123,29.99,2024-12-19,3077
1124,530,2023-09-22,3077
1125,380,2024-06-08,3077
1126,410,2024-01-13,3077
1127,360,2025-01-12,3077
1128,520,2024-09-25,3079
1129,1499,2024-10-11,3084
1130,490,2023-09-22,3086
1131,340,2024-06-17,3086
1132,340,2024-01-14,3086
1133,440,2025-01-10,3086
1134,390,2024-06-06,3086
1135,320,2024-01-12,3086
1136,340,2025-01-08,3086
1137,480,2023-09-23,3086
1138,340,2024-06-17,3086
1139,340,2024-01-08,3086
1140,440,2025-01-10,3086
1141,390,2024-06-18,3086
1142,320,2024-01-18,3086
1143,340,2025-01-13,3086
1144,,2025-01-14,3095
1145,,2025-01-14,3097
1146,,2025-01-14,3098
1147,149,2024-12-19,3102
1148,4999,2024-10-03,3102
1149,520,2023-09-24,3102
1150,420,2024-06-17,3102
1151,430,2024-01-13,3102
1152,350,2025-01-18,3102
1153,4999,2024-10-04,3110
1154,530,2023-09-27,3112
1155,380,2024-06-16,3112
1156,410,2024-01-16,3112
1157,360,2025-01-15,3112
1158,599,2024-10-03,3113
1159,480,2023-09-28,3116
1160,390,2024-06-12,3116
1161,320,2024-01-06,3116
1162,340,2025-01-10,3116
1163,480,2024-09-25,3117
1164,,2025-01-14,3129
1165,,2025-01-14,3130
1166,,2025-01-14,3133
1167,480,2024-09-25,3136
1168,4999,2024-10-04,3137
1169,480,2024-09-29,3141
1170,149,2025-01-02,3149
1171,,2025-01-14,3153
1172,480,2024-09-24,3154
1173,510,2024-09-23,3156
1174,480,2023-09-27,3161
1175,390,2024-06-09,3161
1176,320,2024-01-10,3161
1177,340,2025-01-12,3161
1178,530,2023-09-22,3162
1179,380,2024-06-11,3162
1180,410,2024-01-08,3162
1181,360,2025-01-06,3162
1182,599,2024-09-30,3163
1183,520,2024-09-30,3163
1184,480,2024-09-29,3166
1185,480,2024-09-24,3169
1186,410,2024-01-08,3169
1187,360,2025-01-11,3169
1188,,2025-01-14,3174
1189,480,2023-09-23,3182
1190,340,2024-06-08,3182
1191,340,2024-01-15,3182
1192,440,2025-01-08,3182
1193,510,2023-09-25,3185
1194,320,2024-06-17,3185
1195,300,2024-01-16,3185
1196,430,2025-01-15,3185
1197,520,2023-09-24,3187
1198,420,2024-06-11,3187
1199,430,2024-01-07,3187
1200,350,2025-01-18,3187
1201,480,2024-09-25,3188
1202,599,2024-10-01,3189
1203,480,2023-09-29,3189
1204,340,2024-06-16,3189
1205,340,2024-01-15,3189
1206,440,2025-01-07,3189
1207,,2025-01-14,3190
1208,149,2025-01-07,3191
1209,,2025-01-14,3193
1210,480,2023-09-23,3193
1211,340,2024-06-12,3193
1212,340,2024-01-07,3193
1213,440,2025-01-10,3193
1214,1499,2024-10-09,3196
1215,99,2025-01-07,3198
1216,480,2023-09-23,3208
1217,390,2024-06-09,3208
1218,320,2024-01-13,3208
1219,340,2025-01-06,3208
1220,510,2024-09-24,3209
1221,,2025-01-14,3212
1222,,2025-01-14,3215
1223,,2025-01-14,3219
1224,,2025-01-14,3221
1225,,2025-01-14,3224
1226,4999,2024-10-09,3232
1227,149,2025-01-10,3237
1228,4999,2024-10-03,3240
1229,530,2024-09-22,3240
1230,99,2025-01-09,3248
1231,599,2024-09-30,3248
1232,599,2024-10-08,3258
1233,999,2024-11-11,3258
1234,480,2024-09-24,3258
1235,410,2024-01-18,3258
1236,360,2025-01-09,3258
1237,599,2024-10-01,3261
1238,480,2024-09-29,3261
1239,149,2024-12-26,3264
1240,,2025-01-14,3269
1241,530,2023-09-24,3269
1242,380,2024-06-08,3269
1243,410,2024-01-11,3269
1244,360,2025-01-17,3269
1245,520,2023-09-27,3270
1246,420,2024-06-09,3270
1247,430,2024-01-16,3270
1248,350,2025-01-08,3270
1249,510,2024-09-24,3271
1250,420,2024-06-06,3271
1251,430,2024-01-08,3271
1252,350,2025-01-16,3271
1253,520,2023-09-23,3271
1254,420,2024-06-14,3271
1255,430,2024-01-15,3271
1256,350,2025-01-12,3271
1257,480,2023-09-27,3281
1258,390,2024-06-17,3281
1259,320,2024-01-07,3281
1260,340,2025-01-11,3281
1261,530,2023-09-28,3283
1262,380,2024-06-14,3283
1263,410,2024-01-06,3283
1264,360,2025-01-08,3283
1265,,2025-01-14,3290
1266,,2025-01-14,3292
1267,480,2023-09-27,3298
1268,340,2024-06-10,3298
1269,340,2024-01-06,3298
1270,440,2025-01-11,3298
1271,410,2024-01-10,3298
1272,360,2025-01-17,3298
1273,520,2024-09-22,3301
1274,530,2024-09-25,3302
1275,99,2024-12-13,3303
1276,149,2025-01-08,3304
1277,520,2023-09-28,3308
1278,410,2024-01-12,3308
1279,360,2025-01-15,3308
1280,420,2024-06-16,3308
1281,430,2024-01-12,3308
1282,350,2025-01-11,3308
1283,29.99,2024-12-27,3318
1284,530,2024-09-28,3323
1285,99,2025-01-02,3330
1286,510,2024-09-25,3335
1287,480,2024-09-27,3336
1288,480,2024-09-30,3338
1289,480,2023-09-29,3339
1290,340,2024-06-14,3339
1291,340,2024-01-14,3339
1292,440,2025-01-13,3339
1293,,2025-01-14,3345
1294,480,2024-09-26,3346
1295,530,2023-09-23,3350
1296,380,2024-06-13,3350
1297,410,2024-01-09,3350
1298,360,2025-01-09,3350
1299,,2025-01-14,3367
1300,510,2024-09-25,3374
1301,480,2023-09-22,3375
1302,340,2024-06-16,3375
1303,340,2024-01-16,3375
1304,440,2025-01-06,3375
1305,480,2023-09-21,3377
1306,390,2024-06-10,3377
1307,320,2024-01-12,3377
1308,340,2025-01-18,3377
1309,,2025-01-14,3379
1310,599,2024-10-07,3379
1311,510,2023-09-24,3379
1312,320,2024-06-15,3379
1313,300,2024-01-17,3379
1314,430,2025-01-15,3379
1315,4999,2024-10-08,3380
1316,480,2023-09-25,3381
1317,390,2024-06-13,3381
1318,320,2024-01-10,3381
1319,,2025-01-14,3381
1320,599,2024-10-04,3384
1321,510,2023-09-21,3387
1322,320,2024-06-06,3387
1323,300,2024-01-09,3387
1324,430,2025-01-11,3387
1325,,2025-01-14,3388
1326,510,2023-09-26,3393
1327,320,2024-06-11,3393
1328,300,2024-01-13,3393
1329,430,2025-01-07,3393
1330,510,2024-09-23,3397
1331,,2025-01-14,3404
1332,530,2023-09-27,3408
1333,380,2024-06-16,3408
1334,410,2024-01-10,3408
1335,360,2025-01-13,3408
1336,149,2024-12-24,3415
1337,480,2023-09-23,3419
1338,340,2024-06-06,3419
1339,340,2024-01-14,3419
1340,440,2025-01-15,3419
1341,1499,2024-10-07,3421
1342,480,2023-09-25,3422
1343,390,2024-06-13,3422
1344,320,2024-01-18,3422
1345,340,2025-01-11,3422
1346,520,2024-09-27,3424
1347,1499,2024-10-06,3426
1348,520,2024-09-26,3426
1349,520,2024-09-24,3426
1350,,2025-01-14,3436
1351,,2025-01-14,3437
1352,29.99,2025-01-11,3442
1353,510,2024-09-28,3448
1354,480,2023-09-25,3449
1355,390,2024-06-07,3449
1356,320,2024-01-10,3449
1357,340,2025-01-12,3449
1358,480,2023-09-28,3450
1359,340,2024-06-16,3450
1360,340,2024-01-15,3450
1361,440,2025-01-12,3450
1362,599,2024-10-05,3452
1363,520,2024-09-28,3455
1364,,2025-01-14,3463
1365,480,2024-09-22,3463
1366,,2025-01-14,3464
1367,999,2024-11-11,3469
1368,480,2023-09-25,3470
1369,390,2024-06-13,3470
1370,320,2024-01-10,3470
1371,340,2025-01-18,3470
1372,4999,2024-10-03,3471
1373,530,2023-09-30,3475
1374,380,2024-06-16,3475
1375,410,2024-01-13,3475
1376,360,2025-01-10,3475
1377,320,2024-01-09,3475
1378,340,2025-01-11,3475
1379,480,2023-09-30,3476
1380,390,2024-06-12,3476
1381,320,2024-01-11,3476
1382,340,2025-01-16,3476
1383,510,2023-09-27,3478
1384,410,2024-01-17,3478
1385,360,2025-01-13,3478
1386,320,2024-06-14,3478
1387,300,2024-01-12,3478
1388,430,2025-01-17,3478
1389,530,2024-09-26,3484
1390,29.99,2025-01-03,3488
1391,149,2025-01-03,3490
1392,999,2024-11-13,3495
1393,999,2024-11-06,3500
1394,520,2024-09-28,3504
1395,480,2024-09-29,3505
1396,4999,2024-10-02,3506
1397,480,2024-09-28,3506
1398,520,2023-09-30,3511
1399,420,2024-06-11,3511
1400,430,2024-01-07,3511
1401,350,2025-01-13,3511
1402,999,2024-11-12,3526
1403,520,2024-09-25,3532
1404,510,2024-09-24,3536
1405,1499,2024-10-03,3540
1406,,2025-01-14,3543
1407,1499,2024-10-11,3552
1408,480,2023-09-21,3552
1409,390,2024-06-10,3552
1410,320,2024-01-14,3552
1411,340,2025-01-12,3552
1412,480,2024-09-24,3564
1413,,2025-01-14,3568
1414,999,2024-11-10,3570
1415,4999,2024-10-07,3575
1416,99,2024-12-22,3577
1417,530,2024-09-27,3578
1418,480,2024-09-23,3579
1419,1499,2024-10-01,3585
1420,480,2024-09-28,3585
1421,1499,2024-10-04,3586
1422,480,2023-09-28,3591
1423,340,2024-06-09,3591
1424,340,2024-01-10,3591
1425,440,2025-01-17,3591
1426,,2025-01-14,3592
1427,520,2023-09-27,3593
1428,420,2024-06-16,3593
1429,430,2024-01-10,3593
1430,350,2025-01-13,3593
1431,,2025-01-14,3596
1432,,2025-01-14,3599
1433,510,2023-09-28,3599
1434,320,2024-06-13,3599
1435,300,2024-01-07,3599
1436,430,2025-01-10,3599
1437,510,2023-09-28,3600
1438,320,2024-06-16,3600
1439,300,2024-01-07,3600
1440,430,2025-01-15,3600
1441,1499,2024-10-08,3601
1442,,2025-01-14,3604
1443,1499,2024-10-04,3611
1444,480,2024-09-26,3617
1445,300,2024-01-14,3617
1446,430,2025-01-12,3617
1447,,2025-01-14,3629
1448,510,2023-09-22,3629
1449,320,2024-06-17,3629
1450,300,2024-01-16,3629
1451,430,2025-01-13,3629
1452,510,2023-09-28,3631
1453,320,2024-06-17,3631
1454,300,2024-01-12,3631
1455,430,2025-01-16,3631
1456,530,2024-09-28,3632
1457,999,2024-11-07,3635
1458,1499,2024-10-07,3636
1459,510,2024-09-24,3636
1460,99,2024-12-22,3637
1461,480,2024-09-24,3646
1462,1499,2024-10-05,3651
1463,,2025-01-14,3655
1464,29.99,2025-01-05,3660
1465,480,2023-09-27,3668
1466,390,2024-06-18,3668
1467,320,2024-01-15,3668
1468,340,2025-01-08,3668
1469,480,2023-09-30,3670
1470,340,2024-06-12,3670
1471,340,2024-01-15,3670
1472,440,2025-01-17,3670
1473,29.99,2025-01-12,3672
1474,,2025-01-14,3672
1475,480,2023-09-23,3676
1476,390,2024-06-08,3676
1477,320,2024-01-14,3676
1478,340,2025-01-08,3676
1479,520,2023-09-22,3679
1480,420,2024-06-15,3679
1481,430,2024-01-07,3679
1482,350,2025-01-08,3679
1483,149,2025-01-06,3681
1484,480,2024-09-28,3684
1485,480,2023-09-23,3686
1486,390,2024-06-06,3686
1487,320,2024-01-13,3686
1488,340,2025-01-07,3686
1489,999,2024-11-08,3691
1490,1499,2024-10-02,3699
1491,1499,2024-10-09,3703
1492,510,2024-09-21,3704
1493,,2025-01-14,3711
1494,510,2023-09-29,3712
1495,340,2024-01-17,3712
1496,,2025-01-14,3712
1497,320,2024-06-16,3712
1498,300,2024-01-13,3712
1499,430,2025-01-15,3712
1500,530,2024-09-24,3723
1501,480,2023-09-24,3725
1502,340,2024-06-08,3725
1503,340,2024-01-09,3725
1504,440,2025-01-06,3725
1505,599,2024-09-30,3731
1506,510,2023-09-30,3731
1507,320,2024-06-14,3731
1508,300,2024-01-15,3731
1509,,2025-01-14,3731
1510,480,2024-09-24,3734
1511,510,2024-09-27,3739
1512,4999,2024-10-04,3751
1513,,2025-01-14,3755
1514,,2025-01-14,3758
1515,99,2025-01-10,3765
1516,149,2024-12-25,3767
1517,29.99,2025-01-06,3768
1518,480,2024-09-24,3772
1519,530,2024-09-23,3774
1520,520,2024-09-22,3778
1521,,2025-01-14,3781
1522,530,2024-09-23,3784
1523,99,2024-12-28,3786
1524,1499,2024-10-06,3790
1525,,2025-01-14,3797
1526,1499,2024-10-07,3808
1527,99,2025-01-08,3813
1528,480,2023-09-23,3817
1529,390,2024-06-16,3817
1530,320,2024-01-06,3817
1531,340,2025-01-12,3817
1532,480,2023-09-30,3818
1533,340,2024-06-11,3818
1534,340,2024-01-14,3818
1535,440,2025-01-17,3818
1536,,2025-01-14,3824
1537,480,2024-09-23,3825
1538,480,2023-09-24,3827
1539,390,2024-06-10,3827
1540,320,2024-01-17,3827
1541,340,2025-01-10,3827
1542,480,2023-09-22,3828
1543,390,2024-06-11,3828
1544,320,2024-01-08,3828
1545,340,2025-01-17,3828
1546,,2025-01-14,3829
1547,1499,2024-10-10,3833
1548,520,2023-09-26,3834
1549,420,2024-06-14,3834
1550,430,2024-01-07,3834
1551,350,2025-01-10,3834
1552,,2025-01-14,3837
1553,480,2023-09-27,3847
1554,390,2024-06-13,3847
1555,320,2024-01-12,3847
1556,340,2025-01-15,3847
1557,149,2024-12-30,3849
1558,,2025-01-14,3851
1559,99,2024-12-25,3854
1560,480,2023-09-27,3857
1561,340,2024-06-13,3857
1562,340,2024-01-06,3857
1563,440,2025-01-06,3857
1564,99,2025-01-07,3859
1565,480,2024-09-30,3862
1566,999,2024-11-12,3872
1567,1499,2024-10-09,3872
1568,599,2024-10-08,3874
1569,480,2024-09-28,3874
1570,4999,2024-10-07,3875
1571,,2025-01-14,3876
1572,520,2024-09-28,3876
1573,599,2024-10-04,3878
1574,490,2023-09-28,3879
1575,340,2024-06-07,3879
1576,340,2024-01-16,3879
1577,440,2025-01-07,3879
1578,390,2024-06-06,3879
1579,320,2024-01-12,3879
1580,340,2025-01-17,3879
1581,480,2023-09-23,3879
1582,340,2024-06-18,3879
1583,340,2024-01-06,3879
1584,440,2025-01-17,3879
1585,390,2024-06-16,3879
1586,320,2024-01-14,3879
1587,,2025-01-14,3879
1588,480,2023-09-22,3886
1589,390,2024-06-18,3886
1590,320,2024-01-16,3886
1591,340,2025-01-13,3886
1592,1499,2024-10-06,3888
1593,29.99,2024-12-27,3889
1594,,2025-01-14,3892
1595,,2025-01-14,3893
1596,149,2025-01-13,3894
1597,,2025-01-14,3899
1598,530,2023-09-24,3901
1599,380,2024-06-08,3901
1600,410,2024-01-18,3901
1601,360,2025-01-11,3901
1602,510,2023-09-27,3902
1603,320,2024-06-06,3902
1604,300,2024-01-14,3902
1605,,2025-01-14,3902
1606,999,2024-11-10,3905
1607,599,2024-10-02,3910
1608,1499,2024-10-05,3910
1609,1499,2024-10-03,3911
1610,,2025-01-14,3913
1611,480,2024-09-28,3915
1612,500,2024-09-21,3921
1613,320,2024-06-08,3921
1614,300,2024-01-07,3921
1615,430,2025-01-16,3921
1616,510,2023-09-27,3921
1617,320,2024-06-16,3921
1618,300,2024-01-09,3921
1619,430,2025-01-10,3921
1620,99,2024-12-25,3929
1621,480,2023-09-24,3929
1622,390,2024-06-13,3929
1623,320,2024-01-17,3929
1624,340,2025-01-10,3929
1625,480,2023-09-26,3930
1626,390,2024-06-07,3930
1627,320,2024-01-15,3930
1628,340,2025-01-18,3930
1629,149,2025-01-07,3931
1630,530,2024-09-25,3938
1631,4999,2024-10-08,3942
1632,1499,2024-10-07,3943
1633,480,2023-09-26,3943
1634,340,2024-06-11,3943
1635,340,2024-01-07,3943
1636,440,2025-01-18,3943
1637,,2025-01-14,3944
1638,530,2024-09-26,3950
1639,99,2025-01-02,3951
1640,510,2023-09-26,3954
1641,380,2024-06-14,3954
1642,410,2024-01-12,3954
1643,360,2025-01-10,3954
1644,520,2024-09-22,3954
1645,380,2024-06-14,3954
1646,410,2024-01-09,3954
1647,360,2025-01-06,3954
1648,149,2025-01-11,3958
1649,500,2023-09-30,3958
1650,390,2024-06-08,3958
1651,320,2024-01-16,3958
1652,340,2025-01-08,3958
1653,510,2024-09-30,3958
1654,390,2024-06-16,3958
1655,320,2024-01-10,3958
1656,340,2025-01-17,3958
1657,480,2024-09-27,3959
1658,4999,2024-10-02,3969
1659,510,2024-09-29,3971
1660,480,2023-09-26,3981
1661,390,2024-06-06,3981
1662,320,2024-01-15,3981
1663,340,2025-01-17,3981
1664,480,2024-09-29,3998
1665,530,2023-09-26,4000
1666,380,2024-06-14,4000
1667,410,2024-01-16,4000
1668,360,2025-01-17,4000
1669,4999,2024-10-06,4001
1670,480,2024-09-26,4002
1671,99,2025-01-12,4004
1672,599,2024-09-30,4009
1673,510,2024-09-29,4012
1674,530,2023-09-21,4014
1675,380,2024-06-14,4014
1676,410,2024-01-08,4014
1677,360,2025-01-17,4014
1678,,2025-01-14,4018
1679,520,2023-09-28,4018
1680,420,2024-06-14,4018
1681,430,2024-01-11,4018
1682,350,2025-01-06,4018
1683,510,2024-09-21,4021
1684,,2025-01-14,4022
1685,1499,2024-10-09,4022
1686,530,2024-09-25,4024
1687,1499,2024-10-03,4025
1688,,2025-01-14,4026
1689,29.99,2025-01-11,4026
1690,480,2023-09-28,4028
1691,390,2024-06-16,4028
1692,320,2024-01-14,4028
1693,340,2025-01-06,4028
1694,480,2023-09-21,4030
1695,340,2024-06-08,4030
1696,340,2024-01-14,4030
1697,440,2025-01-15,4030
1698,530,2023-09-29,4033
1699,380,2024-06-18,4033
1700,410,2024-01-10,4033
1701,360,2025-01-11,4033
1702,599,2024-10-05,4037
1703,520,2023-09-29,4037
1704,420,2024-06-17,4037
1705,430,2024-01-09,4037
1706,350,2025-01-15,4037
1707,480,2024-09-24,4039
1708,,2025-01-14,4040
1709,29.99,2025-01-13,4041
1710,99,2025-01-04,4041
1711,599,2024-10-04,4041
1712,1499,2024-10-07,4041
1713,,2025-01-14,4048
1714,999,2024-11-09,4052
1715,29.99,2025-01-11,4053
1716,480,2023-09-29,4061
1717,390,2024-06-08,4061
1718,320,2024-01-12,4061
1719,340,2025-01-13,4061
1720,149,2025-01-04,4067
1721,999,2024-11-09,4069
1722,520,2023-09-29,4072
1723,420,2024-06-09,4072
1724,430,2024-01-13,4072
1725,350,2025-01-08,4072
1726,480,2023-09-23,4073
1727,340,2024-06-08,4073
1728,340,2024-01-14,4073
1729,440,2025-01-06,4073
1730,599,2024-10-05,4076
1731,,2025-01-14,4079
1732,1499,2024-10-02,4079
1733,480,2023-09-22,4080
1734,390,2024-06-16,4080
1735,320,2024-01-06,4080
1736,340,2025-01-16,4080
1737,,2025-01-14,4084
1738,149,2025-01-09,4086
1739,,2025-01-14,4087
1740,520,2024-09-24,4087
1741,,2025-01-14,4090
1742,480,2024-09-26,4090
1743,480,2024-09-30,4092
1744,480,2023-09-26,4097
1745,390,2024-06-12,4097
1746,320,2024-01-08,4097
1747,340,2025-01-17,4097
1748,,2025-01-14,4103
1749,,2025-01-14,4104
1750,999,2024-11-06,4104
1751,29.99,2024-12-22,4107
1752,149,2025-01-08,4108
1753,,2025-01-14,4109
1754,520,2023-09-25,4114
1755,420,2024-06-18,4114
1756,430,2024-01-09,4114
1757,350,2025-01-07,4114
1758,480,2023-09-25,4118
1759,390,2024-06-13,4118
1760,320,2024-01-18,4118
1761,340,2025-01-18,4118
1762,4999,2024-10-07,4120
1763,530,2023-09-22,4122
1764,380,2024-06-15,4122
1765,410,2024-01-07,4122
1766,360,2025-01-09,4122
1767,,2025-01-14,4124
1768,510,2024-09-29,4124
1769,99,2024-12-28,4129
1770,,2025-01-14,4134
1771,1499,2024-10-04,4139
1772,,2025-01-14,4140
1773,,2025-01-14,4143
1774,149,2025-01-11,4147
1775,530,2024-09-22,4163
1776,,2025-01-14,4167
1777,1499,2024-10-06,4167
1778,520,2024-09-27,4167
1779,999,2024-11-11,4171
1780,999,2024-11-13,4173
1781,,2025-01-14,4174
1782,999,2024-11-07,4174
1783,1499,2024-10-09,4176
1784,99,2024-12-19,4177
1785,29.99,2025-01-10,4182
1786,520,2024-09-21,4187
1787,510,2023-09-22,4193
1788,320,2024-06-12,4193
1789,300,2024-01-18,4193
1790,430,2025-01-16,4193
1791,520,2023-09-27,4195
1792,420,2024-06-13,4195
1793,430,2024-01-18,4195
1794,350,2025-01-18,4195
1795,510,2024-09-21,4196
1796,999,2024-11-08,4201
1797,99,2025-01-07,4204
1798,480,2023-09-23,4208
1799,390,2024-06-14,4208
1800,320,2024-01-11,4208
1801,340,2025-01-18,4208
1802,520,2023-09-26,4213
1803,420,2024-06-15,4213
1804,430,2024-01-10,4213
1805,350,2025-01-11,4213
1806,599,2024-10-06,4216
1807,520,2023-09-25,4223
1808,420,2024-06-13,4223
1809,430,2024-01-08,4223
1810,350,2025-01-07,4223
1811,,2025-01-14,4227
1812,149,2024-12-31,4229
1813,510,2024-09-25,4229
1814,29.99,2024-12-21,4233
1815,99,2025-01-03,4233
1816,149,2025-01-02,4242
1817,149,2024-12-24,4246
1818,999,2024-11-09,4248
1819,,2025-01-14,4249
1820,1499,2024-10-10,4250
1821,480,2023-09-27,4251
1822,340,2024-06-17,4251
1823,340,2024-01-08,4251
1824,440,2025-01-17,4251
1825,480,2023-09-25,4252
1826,390,2024-06-11,4252
1827,320,2024-01-13,4252
1828,340,2025-01-13,4252
1829,29.99,2025-01-13,4254
1830,520,2023-09-29,4254
1831,420,2024-06-14,4254
1832,430,2024-01-11,4254
1833,350,2025-01-12,4254
1834,300,2024-01-08,4254
1835,430,2025-01-18,4254
1836,1499,2024-10-08,4257
1837,99,2024-12-27,4258
1838,480,2023-09-21,4258
1839,390,2024-06-16,4258
1840,320,2024-01-16,4258
1841,340,2025-01-17,4258
1842,,2025-01-14,4260
1843,4999,2024-10-05,4262
1844,1499,2024-10-04,4262
1845,,2025-01-14,4267
1846,999,2024-11-09,4277
1847,530,2024-09-21,4279
1848,29.99,2025-01-13,4280
1849,1499,2024-10-04,4280
1850,480,2023-09-28,4285
1851,390,2024-06-16,4285
1852,320,2024-01-08,4285
1853,340,2025-01-18,4285
1854,,2025-01-14,4288
1855,530,2023-09-30,4288
1856,380,2024-06-13,4288
1857,410,2024-01-13,4288
1858,360,2025-01-15,4288
1859,4999,2024-10-03,4291
1860,510,2024-09-29,4292
1861,,2025-01-14,4293
1862,149,2024-12-23,4294
1863,520,2024-09-27,4297
1864,510,2024-09-22,4299
1865,480,2024-09-23,4303
1866,29.99,2025-01-12,4304
1867,520,2023-09-30,4305
1868,340,2024-01-16,4305
1869,440,2025-01-06,4305
1870,420,2024-06-08,4305
1871,430,2024-01-11,4305
1872,350,2025-01-18,4305
1873,,2025-01-14,4309
1874,520,2023-09-26,4318
1875,420,2024-06-14,4318
1876,430,2024-01-10,4318
1877,350,2025-01-07,4318
1878,490,2023-09-26,4319
1879,340,2024-06-17,4319
1880,340,2024-01-13,4319
1881,440,2025-01-17,4319
1882,390,2024-06-12,4319
1883,320,2024-01-15,4319
1884,340,2025-01-15,4319
1885,480,2023-09-28,4319
1886,340,2024-06-11,4319
1887,340,2024-01-11,4319
1888,440,2025-01-17,4319
1889,390,2024-06-16,4319
1890,320,2024-01-15,4319
1891,340,2025-01-07,4319
1892,149,2024-12-27,4324
1893,,2025-01-14,4326
1894,,2025-01-14,4332
1895,510,2024-09-24,4332
1896,29.99,2024-12-21,4336
1897,520,2024-09-24,4340
1898,999,2024-11-13,4347
1899,599,2024-10-05,4348
1900,1499,2024-10-07,4353
1901,4999,2024-10-06,4354
1902,510,2024-09-25,4357
1903,,2025-01-14,4359
1904,550,2024-09-23,4360
1905,530,2024-09-24,4360
1906,,2025-01-14,4361
1907,999,2024-11-05,4366
1908,530,2024-09-29,4367
1909,1499,2024-10-06,4378
1910,480,2023-09-23,4380
1911,340,2024-06-13,4380
1912,340,2024-01-13,4380
1913,440,2025-01-09,4380
1914,480,2024-09-24,4381
1915,490,2023-09-30,4382
1916,380,2024-06-06,4382
1917,410,2024-01-15,4382
1918,360,2025-01-06,4382
1919,320,2024-06-11,4382
1920,300,2024-01-18,4382
1921,430,2025-01-07,4382
1922,510,2023-09-22,4382
1923,380,2024-06-16,4382
1924,410,2024-01-09,4382
1925,360,2025-01-17,4382
1926,320,2024-06-15,4382
1927,300,2024-01-13,4382
1928,430,2025-01-07,4382
1929,480,2023-09-22,4384
1930,390,2024-06-12,4384
1931,320,2024-01-08,4384
1932,340,2025-01-09,4384
1933,480,2023-09-28,4386
1934,390,2024-06-12,4386
1935,320,2024-01-06,4386
1936,340,2025-01-15,4386
1937,599,2024-10-01,4391
1938,480,2023-09-25,4399
1939,390,2024-06-09,4399
1940,320,2024-01-12,4399
1941,340,2025-01-08,4399
1942,,2025-01-14,4406
1943,599,2024-10-01,4406
1944,510,2023-09-24,4410
1945,320,2024-06-08,4410
1946,300,2024-01-17,4410
1947,430,2025-01-10,4410
1948,480,2023-09-25,4411
1949,340,2024-06-12,4411
1950,340,2024-01-06,4411
1951,440,2025-01-09,4411
1952,,2025-01-14,4412
1953,480,2023-09-22,4412
1954,390,2024-06-08,4412
1955,320,2024-01-17,4412
1956,340,2025-01-06,4412
1957,520,2024-09-30,4419
1958,99,2025-01-13,4420
1959,,2025-01-14,4423
1960,1499,2024-10-05,4423
1961,1499,2024-10-11,4435
1962,530,2023-09-24,4437
1963,380,2024-06-13,4437
1964,410,2024-01-10,4437
1965,360,2025-01-09,4437
1966,520,2023-09-30,4441
1967,420,2024-06-18,4441
1968,430,2024-01-17,4441
1969,350,2025-01-11,4441
1970,520,2024-09-28,4445
1971,999,2024-11-11,4446
1972,520,2024-09-30,4451
1973,,2025-01-14,4454
1974,520,2024-09-30,4454
1975,599,2024-10-01,4456
1976,99,2024-12-14,4457
1977,510,2023-09-27,4457
1978,320,2024-06-12,4457
1979,300,2024-01-09,4457
1980,,2025-01-14,4457
1981,29.99,2025-01-11,4460
1982,149,2025-01-11,4472
1983,599,2024-10-04,4473
1984,530,2023-09-23,4480
1985,380,2024-06-09,4480
1986,410,2024-01-16,4480
1987,360,2025-01-12,4480
1988,999,2024-11-13,4484
1989,530,2023-09-29,4488
1990,380,2024-06-11,4488
1991,410,2024-01-17,4488
1992,360,2025-01-12,4488
1993,1499,2024-10-03,4489
1994,99,2025-01-09,4491
1995,,2025-01-14,4493
1996,599,2024-10-05,4497
1997,599,2024-10-05,4501
1998,149,2024-12-31,4505
1999,999,2024-11-09,4511
2000,480,2023-09-22,4513
2001,340,2024-06-13,4513
2002,340,2024-01-13,4513
2003,440,2025-01-07,4513
2004,,2025-01-14,4516
2005,480,2023-09-23,4521
2006,390,2024-06-14,4521
2007,320,2024-01-09,4521
2008,340,2025-01-13,4521
2009,99,2025-01-13,4523
2010,29.99,2025-01-11,4524
2011,480,2024-09-28,4525
2012,1499,2024-10-03,4530
2013,490,2023-09-27,4530
2014,340,2024-06-17,4530
2015,340,2024-01-18,4530
2016,440,2025-01-10,4530
2017,390,2024-06-16,4530
2018,320,2024-01-06,4530
2019,340,2025-01-08,4530
2020,480,2023-09-24,4530
2021,340,2024-06-11,4530
2022,340,2024-01-16,4530
2023,440,2025-01-17,4530
2024,390,2024-06-13,4530
2025,320,2024-01-17,4530
2026,340,2025-01-12,4530
2027,510,2024-09-23,4534
2028,,2025-01-14,4536
2029,520,2023-09-21,4536
2030,320,2024-01-11,4536
2031,340,2025-01-16,4536
2032,420,2024-06-15,4536
2033,430,2024-01-16,4536
2034,350,2025-01-11,4536
2035,149,2025-01-09,4540
2036,520,2024-09-29,4541
2037,29.99,2024-12-17,4542
2038,480,2023-09-29,4542
2039,390,2024-06-10,4542
2040,320,2024-01-17,4542
2041,340,2025-01-08,4542
2042,510,2023-09-22,4544
2043,320,2024-06-13,4544
2044,300,2024-01-13,4544
2045,430,2025-01-12,4544
2046,99,2025-01-08,4553
2047,1499,2024-10-06,4554
2048,,2025-01-14,4559
2049,480,2023-09-22,4567
2050,390,2024-06-08,4567
2051,320,2024-01-08,4567
2052,340,2025-01-08,4567
2053,,2025-01-14,4568
2054,520,2023-09-25,4568
2055,420,2024-06-07,4568
2056,430,2024-01-09,4568
2057,350,2025-01-07,4568
2058,29.99,2025-01-12,4569
2059,530,2024-09-22,4570
2060,29.99,2025-01-13,4572
2061,520,2023-09-25,4579
2062,420,2024-06-06,4579
2063,430,2024-01-09,4579
2064,350,2025-01-13,4579
2065,470,2024-09-25,4580
2066,340,2024-01-12,4580
2067,440,2025-01-06,4580
2068,480,2024-09-29,4580
2069,340,2024-01-10,4580
2070,440,2025-01-12,4580
2071,,2025-01-14,4586
2072,29.99,2025-01-11,4588
2073,530,2024-09-25,4588
2074,149,2025-01-07,4590
2075,,2025-01-14,4593
2076,480,2023-09-23,4593
2077,390,2024-06-11,4593
2078,320,2024-01-12,4593
2079,340,2025-01-17,4593
2080,300,2024-01-14,4593
2081,430,2025-01-15,4593
2082,1499,2024-10-07,4607
2083,510,2023-09-25,4607
2084,320,2024-06-07,4607
2085,300,2024-01-08,4607
2086,430,2025-01-10,4607
2087,510,2023-09-27,4609
2088,320,2024-06-06,4609
2089,300,2024-01-10,4609
2090,430,2025-01-07,4609
2091,,2025-01-14,4610
2092,480,2024-09-24,4610
2093,340,2024-01-15,4610
2094,440,2025-01-12,4610
2095,520,2023-09-26,4622
2096,420,2024-06-14,4622
2097,430,2024-01-12,4622
2098,350,2025-01-18,4622
2099,599,2024-09-30,4624
2100,,2025-01-14,4628
2101,599,2024-10-01,4629
2102,599,2024-10-03,4639
2103,530,2023-09-29,4642
2104,380,2024-06-12,4642
2105,410,2024-01-14,4642
2106,,2025-01-14,4642
2107,999,2024-11-06,4643
2108,510,2023-09-25,4645
2109,320,2024-06-15,4645
2110,300,2024-01-16,4645
2111,430,2025-01-17,4645
2112,530,2023-09-27,4648
2113,380,2024-06-13,4648
2114,410,2024-01-17,4648
2115,360,2025-01-10,4648
2116,520,2024-09-30,4649
2117,520,2023-09-29,4650
2118,390,2024-06-13,4650
2119,320,2024-01-12,4650
2120,340,2025-01-06,4650
2121,420,2024-06-08,4650
2122,430,2024-01-16,4650
2123,350,2025-01-18,4650
2124,520,2023-09-24,4650
2125,390,2024-06-08,4650
2126,320,2024-01-06,4650
2127,340,2025-01-11,4650
2128,420,2024-06-13,4650
2129,430,2024-01-07,4650
2130,350,2025-01-12,4650
2131,480,2024-09-30,4651
2132,4999,2024-10-08,4655
2133,1499,2024-10-03,4657
2134,480,2024-09-21,4665
2135,,2025-01-14,4666
2136,530,2023-09-22,4670
2137,380,2024-06-06,4670
2138,410,2024-01-09,4670
2139,,2025-01-14,4670
2140,999,2024-11-10,4672
2141,1499,2024-10-04,4677
2142,510,2023-09-26,4681
2143,320,2024-06-17,4681
2144,300,2024-01-06,4681
2145,,2025-01-14,4681
2146,99,2024-12-12,4684
2147,530,2023-09-21,4692
2148,380,2024-06-11,4692
2149,410,2024-01-08,4692
2150,360,2025-01-12,4692
2151,99,2025-01-04,4697
2152,510,2024-09-27,4701
2153,99,2024-12-28,4703
2154,510,2024-09-24,4703
2155,520,2024-09-29,4705
2156,599,2024-09-30,4706
2157,530,2024-09-28,4710
2158,1499,2024-10-08,4718
2159,99,2025-01-05,4719
2160,1499,2024-10-02,4720
2161,480,2023-09-23,4721
2162,340,2024-06-06,4721
2163,340,2024-01-09,4721
2164,440,2025-01-10,4721
2165,149,2025-01-10,4723
2166,,2025-01-14,4728
2167,480,2023-09-29,4742
2168,340,2024-06-06,4742
2169,340,2024-01-12,4742
2170,440,2025-01-17,4742
2171,520,2024-09-26,4746
2172,599,2024-10-03,4748
2173,99,2024-12-17,4752
2174,1499,2024-10-10,4759
2175,1499,2024-10-05,4761
2176,480,2023-09-30,4764
2177,390,2024-06-08,4764
2178,320,2024-01-06,4764
2179,340,2025-01-16,4764
2180,,2025-01-14,4765
2181,,2025-01-14,4769
2182,510,2024-09-29,4769
2183,,2025-01-14,4775
2184,480,2023-09-26,4775
2185,340,2024-06-14,4775
2186,340,2024-01-11,4775
2187,440,2025-01-16,4775
2188,,2025-01-14,4779
2189,1499,2024-10-02,4780
2190,480,2024-09-22,4781
2191,99,2024-12-18,4783
2192,480,2024-09-29,4783
2193,,2025-01-14,4784
2194,480,2024-09-30,4785
2195,,2025-01-14,4797
2196,99,2025-01-08,4799
2197,480,2023-09-21,4802
2198,390,2024-06-07,4802
2199,320,2024-01-09,4802
2200,340,2025-01-13,4802
2201,430,2024-01-08,4802
2202,350,2025-01-07,4802
2203,1499,2024-10-10,4804
2204,99,2024-12-27,4807
2205,480,2023-09-24,4808
2206,390,2024-06-06,4808
2207,320,2024-01-17,4808
2208,340,2025-01-12,4808
2209,,2025-01-14,4819
2210,480,2024-09-28,4822
2211,510,2023-09-27,4823
2212,320,2024-06-08,4823
2213,300,2024-01-08,4823
2214,430,2025-01-10,4823
2215,480,2023-09-23,4824
2216,340,2024-06-15,4824
2217,340,2024-01-12,4824
2218,440,2025-01-10,4824
2219,4999,2024-10-09,4826
2220,480,2024-09-26,4826
2221,480,2023-09-22,4830
2222,390,2024-06-06,4830
2223,320,2024-01-08,4830
2224,340,2025-01-09,4830
2225,4999,2024-10-06,4834
2226,510,2024-09-30,4839
2227,430,2024-01-15,4839
2228,350,2025-01-09,4839
2229,,2025-01-14,4846
2230,480,2023-09-25,4848
2231,340,2024-06-08,4848
2232,340,2024-01-12,4848
2233,440,2025-01-17,4848
2234,480,2023-09-23,4849
2235,390,2024-06-18,4849
2236,320,2024-01-06,4849
2237,,2025-01-14,4849
2238,149,2025-01-11,4850
2239,29.99,2025-01-12,4853
2240,999,2024-11-05,4857
2241,,2025-01-14,4861
2242,1499,2024-10-04,4867
2243,149,2025-01-11,4873
2244,510,2024-09-28,4875
2245,480,2024-09-24,4882
2246,480,2024-09-29,4886
2247,1499,2024-10-04,4887
2248,520,2023-09-25,4887
2249,420,2024-06-12,4887
2250,430,2024-01-16,4887
2251,350,2025-01-15,4887
2252,480,2024-09-24,4890
2253,99,2024-12-12,4891
2254,510,2024-09-30,4892
2255,480,2024-09-28,4894
2256,480,2023-09-27,4897
2257,390,2024-06-13,4897
2258,320,2024-01-14,4897
2259,340,2025-01-08,4897
2260,,2025-01-14,4898
2261,480,2023-09-27,4898
2262,340,2024-06-11,4898
2263,340,2024-01-12,4898
2264,440,2025-01-15,4898
2265,500,2023-09-25,4900
2266,390,2024-06-10,4900
2267,320,2024-01-08,4900
2268,340,2025-01-17,4900
2269,510,2024-09-30,4900
2270,390,2024-06-10,4900
2271,320,2024-01-18,4900
2272,340,2025-01-06,4900
2273,99,2025-01-11,4902
2274,999,2024-11-05,4902
2275,480,2024-09-30,4902
2276,480,2024-09-21,4904
2277,149,2024-12-30,4905
2278,4999,2024-10-06,4906
2279,,2025-01-14,4911
2280,1499,2024-10-06,4911
2281,29.99,2025-01-11,4912
2282,510,2024-09-23,4914
2283,340,2024-01-15,4914
2284,440,2025-01-12,4914
2285,4999,2024-10-06,4920
2286,530,2024-09-26,4931
2287,4999,2024-10-04,4943
2288,480,2023-09-27,4945
2289,340,2024-06-15,4945
2290,340,2024-01-08,4945
2291,,2025-01-14,4945
2292,520,2023-09-21,4947
2293,420,2024-06-08,4947
2294,430,2024-01-12,4947
2295,350,2025-01-10,4947
2296,149,2025-01-01,4952
2297,599,2024-10-01,4960
2298,999,2024-11-08,4964
2299,480,2024-09-30,4974
2300,480,2024-09-22,4975
2301,,2025-01-14,4985
2302,530,2024-09-28,4986
2303,4999,2024-10-07,4988
2304,480,2024-09-30,4989
2305,530,2023-09-21,4993
2306,380,2024-06-09,4993
2307,410,2024-01-18,4993
2308,360,2025-01-09,4993
2309,510,2023-09-27,4994
2310,380,2024-06-10,4994
2311,410,2024-01-13,4994
2312,360,2025-01-10,4994
2313,520,2024-09-22,4994
2314,380,2024-06-18,4994
2315,410,2024-01-07,4994
2316,360,2025-01-09,4994
2317,520,2024-09-23,5000
2318,340,2024-01-17,5000
2319,440,2025-01-08,5000
2320,520,2023-09-28,5006
2321,420,2024-06-14,5006
2322,430,2024-01-11,5006
2323,350,2025-01-18,5006
2324,,2025-01-14,5014
2325,,2025-01-14,5015
2326,480,2024-09-21,5020
2327,1499,2024-10-09,5024
2328,,2025-01-14,5025
2329,510,2023-09-30,5026
2330,320,2024-06-09,5026
2331,300,2024-01-14,5026
2332,430,2025-01-11,5026
2333,4999,2024-10-01,5027
2334,480,2024-09-29,5030
2335,,2025-01-14,5040
2336,999,2024-11-12,5049
2337,149,2025-01-03,5050
2338,510,2024-09-28,5053
2339,480,2024-09-28,5058
2340,480,2024-09-26,5067
2341,,2025-01-14,5068
2342,29.99,2025-01-11,5070
2343,480,2024-09-25,5070
2344,480,2024-09-24,5072
2345,520,2023-09-28,5087
2346,420,2024-06-16,5087
2347,430,2024-01-08,5087
2348,350,2025-01-06,5087
2349,470,2024-09-23,5088
2350,390,2024-06-15,5088
2351,320,2024-01-11,5088
2352,340,2025-01-16,5088
2353,480,2023-09-21,5088
2354,390,2024-06-07,5088
2355,320,2024-01-11,5088
2356,340,2025-01-15,5088
2357,,2025-01-14,5090
2358,480,2024-09-26,5093
2359,149,2024-12-24,5108
2360,149,2025-01-07,5109
2361,,2025-01-14,5116
2362,149,2024-12-24,5116
2363,4999,2024-10-01,5117
2364,599,2024-10-05,5120
2365,480,2024-09-22,5122
2366,599,2024-10-08,5125
2367,530,2023-09-30,5127
2368,380,2024-06-14,5127
2369,410,2024-01-18,5127
2370,360,2025-01-17,5127
2371,510,2024-09-29,5131
2372,29.99,2025-01-06,5134
2373,,2025-01-14,5137
2374,29.99,2025-01-11,5138
2375,510,2023-09-28,5140
2376,320,2024-06-06,5140
2377,300,2024-01-15,5140
2378,430,2025-01-08,5140
2379,999,2024-11-09,5143
2380,530,2024-09-21,5143
2381,530,2023-09-30,5151
2382,380,2024-06-17,5151
2383,410,2024-01-15,5151
2384,360,2025-01-06,5151
2385,4999,2024-10-09,5152
2386,99,2025-01-13,5155
2387,510,2023-09-25,5158
2388,320,2024-06-18,5158
2389,300,2024-01-06,5158
2390,430,2025-01-15,5158
2391,,2025-01-14,5166
2392,,2025-01-14,5179
2393,,2025-01-14,5179
2394,510,2024-09-21,5179
2395,510,2023-09-25,5180
2396,430,2024-01-09,5180
2397,350,2025-01-15,5180
2398,320,2024-06-16,5180
2399,300,2024-01-10,5180
2400,430,2025-01-15,5180
2401,99,2024-12-24,5183
2402,530,2024-09-27,5186
2403,510,2024-09-25,5188
2404,1499,2024-10-03,5191
2405,99,2025-01-12,5201
2406,480,2023-09-29,5201
2407,390,2024-06-08,5201
2408,320,2024-01-09,5201
2409,,2025-01-14,5201
2410,500,2024-09-23,5203
2411,320,2024-06-09,5203
2412,300,2024-01-14,5203
2413,430,2025-01-11,5203
2414,510,2023-09-23,5203
2415,320,2024-06-16,5203
2416,300,2024-01-16,5203
2417,430,2025-01-17,5203
2418,,2025-01-14,5205
2419,480,2023-09-30,5206
2420,340,2024-06-18,5206
2421,340,2024-01-17,5206
2422,440,2025-01-07,5206
2423,530,2024-09-27,5208
2424,99,2024-12-22,5213
2425,,2025-01-14,5213
2426,1499,2024-10-07,5213
2427,1499,2024-10-10,5215
2428,520,2024-09-24,5217
2429,480,2024-09-21,5219
2430,520,2023-09-28,5224
2431,420,2024-06-16,5224
2432,430,2024-01-06,5224
2433,350,2025-01-18,5224
2434,480,2024-09-23,5229
2435,510,2023-09-26,5234
2436,320,2024-01-18,5234
2437,340,2025-01-08,5234
2438,320,2024-06-11,5234
2439,300,2024-01-10,5234
2440,430,2025-01-15,5234
2441,1499,2024-10-07,5238
2442,,2025-01-14,5240
2443,510,2023-09-22,5241
2444,320,2024-06-15,5241
2445,300,2024-01-07,5241
2446,430,2025-01-11,5241
2447,520,2024-09-26,5243
2448,530,2024-09-28,5246
2449,,2025-01-14,5247
2450,,2025-01-14,5253
2451,530,2023-09-21,5258
2452,380,2024-06-08,5258
2453,410,2024-01-09,5258
2454,360,2025-01-18,5258
2455,530,2023-09-22,5262
2456,380,2024-06-14,5262
2457,410,2024-01-18,5262
2458,360,2025-01-17,5262
2459,,2025-01-14,5264
2460,29.99,2025-01-09,5272
2461,29.99,2025-01-04,5273
2462,,2025-01-14,5274
2463,530,2023-09-29,5276
2464,380,2024-06-18,5276
2465,410,2024-01-13,5276
2466,360,2025-01-06,5276
2467,530,2024-09-27,5277
2468,,2025-01-14,5281
2469,530,2024-09-27,5284
2470,4999,2024-10-01,5291
2471,480,2023-09-27,5293
2472,340,2024-06-14,5293
2473,340,2024-01-16,5293
2474,440,2025-01-11,5293
2475,149,2025-01-02,5294
2476,999,2024-11-10,5294
2477,520,2024-09-27,5294
2478,480,2024-09-26,5296
2479,510,2024-09-28,5299
2480,,2025-01-14,5307
2481,999,2024-11-12,5308
2482,1499,2024-10-10,5310
2483,510,2023-09-24,5312
2484,320,2024-06-07,5312
2485,300,2024-01-16,5312
2486,430,2025-01-10,5312
2487,520,2024-09-22,5317
2488,,2025-01-14,5328
2489,510,2024-09-27,5336
2490,1499,2024-10-09,5345
2491,99,2025-01-09,5351
2492,,2025-01-14,5356
2493,29.99,2025-01-12,5357
2494,480,2024-09-30,5358
2495,520,2024-09-21,5359
2496,,2025-01-14,5361
2497,520,2024-09-29,5361
2498,1499,2024-10-10,5370
2499,4999,2024-10-08,5375
2500,480,2024-09-28,5377
2501,99,2024-12-12,5378
2502,4999,2024-10-05,5381
2503,480,2024-09-27,5383
2504,520,2023-09-27,5385
2505,420,2024-06-15,5385
2506,430,2024-01-18,5385
2507,350,2025-01-17,5385
2508,599,2024-10-07,5386
2509,510,2024-09-27,5388
2510,1499,2024-10-06,5391
2511,520,2023-09-24,5393
2512,420,2024-06-13,5393
2513,430,2024-01-13,5393
2514,350,2025-01-17,5393
2515,,2025-01-14,5396
2516,99,2025-01-13,5398
2517,480,2023-09-21,5402
2518,340,2024-06-16,5402
2519,340,2024-01-12,5402
2520,440,2025-01-09,5402
2521,1499,2024-10-06,5404
2522,480,2024-09-28,5404
2523,29.99,2025-01-07,5407
2524,510,2023-09-29,5409
2525,320,2024-06-07,5409
2526,300,2024-01-15,5409
2527,430,2025-01-11,5409
2528,480,2024-09-26,5416
2529,530,2023-09-26,5417
2530,380,2024-06-06,5417
2531,410,2024-01-13,5417
2532,,2025-01-14,5417
2533,1499,2024-10-08,5421
2534,480,2023-09-26,5421
2535,340,2024-06-14,5421
2536,340,2024-01-15,5421
2537,440,2025-01-16,5421
2538,1499,2024-10-08,5426
2539,999,2024-11-09,5429
2540,,2025-01-14,5430
2541,,2025-01-14,5432
2542,500,2023-09-28,5432
2543,420,2024-06-06,5432
2544,430,2024-01-09,5432
2545,350,2025-01-08,5432
2546,510,2024-09-27,5432
2547,420,2024-06-08,5432
2548,430,2024-01-12,5432
2549,350,2025-01-18,5432
2550,4999,2024-10-05,5433
2551,149,2024-12-16,5434
2552,520,2024-09-30,5439
2553,999,2024-11-05,5442
2554,599,2024-09-30,5447
2555,510,2023-09-28,5447
2556,320,2024-06-14,5447
2557,300,2024-01-08,5447
2558,430,2025-01-07,5447
2559,,2025-01-14,5448
2560,,2025-01-14,5449
2561,510,2023-09-30,5449
2562,320,2024-06-17,5449
2563,300,2024-01-08,5449
2564,430,2025-01-07,5449
2565,480,2024-09-23,5454
2566,510,2023-09-28,5455
2567,320,2024-06-17,5455
2568,300,2024-01-09,5455
2569,,2025-01-14,5455
2570,520,2024-09-23,5457
2571,520,2023-09-26,5458
2572,420,2024-06-18,5458
2573,430,2024-01-08,5458
2574,350,2025-01-06,5458
2575,480,2024-09-29,5459
2576,480,2024-09-25,5463
2577,510,2024-09-27,5465
2578,520,2023-09-23,5470
2579,420,2024-06-10,5470
2580,430,2024-01-10,5470
2581,350,2025-01-13,5470
2582,520,2024-09-26,5471
2583,520,2023-09-24,5474
2584,420,2024-06-06,5474
2585,430,2024-01-15,5474
2586,,2025-01-14,5474
2587,29.99,2025-01-06,5476
2588,480,2023-09-23,5478
2589,340,2024-06-07,5478
2590,340,2024-01-10,5478
2591,440,2025-01-18,5478
2592,29.99,2025-01-11,5479
2593,1499,2024-10-03,5480
2594,1499,2024-10-02,5486
2595,480,2023-09-27,5486
2596,390,2024-06-11,5486
2597,320,2024-01-09,5486
2598,340,2025-01-09,5486
2599,599,2024-10-01,5489
2600,530,2023-09-30,5491
2601,380,2024-06-09,5491
2602,410,2024-01-16,5491
2603,360,2025-01-13,5491
2604,480,2023-09-23,5492
2605,340,2024-06-08,5492
2606,340,2024-01-10,5492
2607,440,2025-01-10,5492
2608,530,2024-09-25,5494
2609,999,2024-11-11,5496
2610,480,2023-09-27,5496
2611,390,2024-06-10,5496
2612,320,2024-01-14,5496
2613,340,2025-01-09,5496
2614,,2025-01-14,5502
2615,530,2023-09-22,5502
2616,340,2024-06-13,5502
2617,340,2024-01-11,5502
2618,440,2025-01-09,5502
2619,520,2024-09-25,5502
2620,340,2024-06-16,5502
2621,340,2024-01-07,5502
2622,,2025-01-14,5502
2623,1499,2024-10-06,5504
2624,1499,2024-10-07,5505
2625,29.99,2025-01-13,5508
2626,490,2024-09-30,5511
2627,390,2024-06-08,5511
2628,320,2024-01-09,5511
2629,340,2025-01-07,5511
2630,480,2023-09-28,5511
2631,390,2024-06-13,5511
2632,320,2024-01-15,5511
2633,340,2025-01-09,5511
2634,480,2023-09-23,5520
2635,340,2024-06-17,5520
2636,340,2024-01-06,5520
2637,440,2025-01-13,5520
2638,29.99,2025-01-03,5523
2639,480,2024-09-21,5524
2640,99,2024-12-30,5529
2641,480,2023-09-25,5531
2642,390,2024-06-13,5531
2643,320,2024-01-15,5531
2644,,2025-01-14,5531
2645,430,2024-01-15,5531
2646,350,2025-01-07,5531
2647,480,2024-09-26,5532
2648,149,2025-01-10,5540
2649,510,2023-09-29,5540
2650,320,2024-06-16,5540
2651,300,2024-01-15,5540
2652,430,2025-01-07,5540
2653,29.99,2025-01-12,5542
2654,599,2024-10-04,5553
2655,,2025-01-14,5562
2656,,2025-01-14,5563
2657,520,2024-09-23,5565
2658,,2025-01-14,5568
2659,,2025-01-14,5569
2660,480,2024-09-28,5569
2661,,2025-01-14,5570
2662,1499,2024-10-10,5571
2663,520,2024-09-25,5571
2664,,2025-01-14,5573
2665,,2025-01-14,5573
2666,1499,2024-10-05,5578
2667,,2025-01-14,5583
2668,29.99,2025-01-06,5584
2669,599,2024-10-05,5588
2670,480,2024-09-21,5596
2671,599,2024-10-04,5601
2672,520,2023-09-21,5608
2673,420,2024-06-12,5608
2674,430,2024-01-17,5608
2675,350,2025-01-07,5608
2676,999,2024-11-07,5612
2677,510,2023-09-24,5616
2678,320,2024-06-09,5616
2679,300,2024-01-10,5616
2680,430,2025-01-08,5616
2681,1499,2024-10-09,5618
2682,480,2024-09-26,5622
2683,510,2024-09-24,5623
2684,29.99,2025-01-10,5629
2685,520,2024-09-29,5630
2686,530,2024-09-30,5632
2687,149,2025-01-09,5633
2688,149,2025-01-03,5637
2689,520,2023-09-28,5637
2690,420,2024-06-17,5637
2691,430,2024-01-16,5637
2692,350,2025-01-13,5637
2693,480,2023-09-25,5638
2694,390,2024-06-16,5638
2695,320,2024-01-09,5638
2696,340,2025-01-07,5638
2697,,2025-01-14,5643
2698,510,2023-09-22,5644
2699,320,2024-06-08,5644
2700,300,2024-01-16,5644
2701,430,2025-01-17,5644
2702,480,2023-09-25,5651
2703,390,2024-06-16,5651
2704,320,2024-01-06,5651
2705,340,2025-01-18,5651
2706,480,2023-09-28,5653
2707,390,2024-06-17,5653
2708,320,2024-01-15,5653
2709,340,2025-01-17,5653
2710,510,2023-09-30,5656
2711,320,2024-06-12,5656
2712,300,2024-01-13,5656
2713,,2025-01-14,5656
2714,520,2023-09-27,5657
2715,420,2024-06-16,5657
2716,430,2024-01-10,5657
2717,350,2025-01-18,5657
2718,29.99,2025-01-11,5658
2719,530,2024-09-22,5676
2720,,2025-01-14,5677
2721,520,2024-09-29,5677
2722,480,2023-09-23,5678
2723,340,2024-06-15,5678
2724,340,2024-01-10,5678
2725,440,2025-01-09,5678
2726,1499,2024-10-03,5684
2727,1499,2024-10-04,5688
2728,480,2024-09-24,5691
2729,149,2024-12-31,5696
2730,530,2023-09-27,5698
2731,380,2024-06-07,5698
2732,410,2024-01-10,5698
2733,360,2025-01-13,5698
2734,530,2024-09-21,5702
2735,1499,2024-10-09,5703
2736,99,2025-01-11,5704
2737,480,2023-09-24,5706
2738,340,2024-06-17,5706
2739,340,2024-01-15,5706
2740,440,2025-01-18,5706
2741,530,2024-09-25,5708
2742,510,2024-09-29,5710
2743,480,2024-09-21,5716
2744,,2025-01-14,5717
2745,999,2024-11-08,5718
2746,480,2024-09-30,5718
2747,480,2024-09-25,5719
2748,320,2024-01-10,5719
2749,340,2025-01-17,5719
2750,,2025-01-14,5727
2751,480,2024-09-21,5729
2752,,2025-01-14,5735
2753,1499,2024-10-04,5735
2754,480,2024-09-27,5735
2755,,2025-01-14,5736
2756,599,2024-10-02,5740
2757,,2025-01-14,5747
2758,,2025-01-14,5748
2759,480,2023-09-26,5749
2760,340,2024-06-08,5749
2761,340,2024-01-13,5749
2762,440,2025-01-15,5749
2763,510,2023-09-29,5754
2764,320,2024-06-10,5754
2765,300,2024-01-08,5754
2766,,2025-01-14,5754
2767,,2025-01-14,5760
2768,530,2023-09-24,5760
2769,380,2024-06-12,5760
2770,410,2024-01-10,5760
2771,360,2025-01-18,5760
2772,999,2024-11-05,5766
2773,520,2024-09-30,5767
2774,510,2024-09-26,5772
2775,99,2025-01-09,5773
2776,520,2024-09-29,5774
2777,520,2024-09-29,5780
2778,530,2023-09-24,5782
2779,380,2024-06-07,5782
2780,410,2024-01-08,5782
2781,360,2025-01-10,5782
2782,4999,2024-10-09,5783
2783,480,2024-09-26,5784
2784,,2025-01-14,5785
2785,,2025-01-14,5786
2786,510,2023-09-28,5786
2787,320,2024-06-07,5786
2788,300,2024-01-10,5786
2789,430,2025-01-12,5786
2790,,2025-01-14,5790
2791,480,2024-09-25,5797
2792,999,2024-11-07,5800
2793,99,2024-12-17,5801
2794,530,2024-09-30,5806
2795,510,2023-09-28,5808
2796,320,2024-06-12,5808
2797,300,2024-01-09,5808
2798,430,2025-01-11,5808
2799,480,2023-09-27,5810
2800,390,2024-06-18,5810
2801,320,2024-01-18,5810
2802,340,2025-01-10,5810
2803,520,2024-09-24,5812
2804,480,2023-09-26,5813
2805,390,2024-06-16,5813
2806,320,2024-01-10,5813
2807,340,2025-01-06,5813
2808,480,2024-09-21,5817
2809,,2025-01-14,5819
2810,480,2024-09-27,5819
2811,99,2025-01-11,5820
2812,480,2024-09-24,5821
2813,1499,2024-10-07,5822
2814,530,2023-09-24,5826
2815,380,2024-06-17,5826
2816,410,2024-01-08,5826
2817,360,2025-01-09,5826
2818,,2025-01-14,5828
2819,,2025-01-14,5829
2820,480,2024-09-24,5830
2821,599,2024-10-02,5832
2822,,2025-01-14,5834
2823,,2025-01-14,5837
2824,480,2023-09-27,5843
2825,390,2024-06-11,5843
2826,320,2024-01-18,5843
2827,340,2025-01-10,5843
2828,,2025-01-14,5847
2829,,2025-01-14,5847
2830,599,2024-10-02,5856
2831,149,2024-12-19,5857
2832,530,2023-09-30,5862
2833,380,2024-06-17,5862
2834,410,2024-01-14,5862
2835,360,2025-01-11,5862
2836,430,2024-01-17,5862
2837,350,2025-01-18,5862
2838,99,2025-01-10,5871
2839,,2025-01-14,5874
2840,4999,2024-10-07,5875
2841,530,2023-09-30,5875
2842,380,2024-06-10,5875
2843,410,2024-01-15,5875
2844,360,2025-01-06,5875
2845,510,2023-09-25,5883
2846,340,2024-06-07,5883
2847,340,2024-01-17,5883
2848,,2025-01-14,5883
2849,320,2024-06-12,5883
2850,300,2024-01-06,5883
2851,430,2025-01-15,5883
2852,510,2023-09-21,5883
2853,340,2024-06-16,5883
2854,340,2024-01-11,5883
2855,440,2025-01-18,5883
2856,320,2024-06-14,5883
2857,300,2024-01-14,5883
2858,430,2025-01-07,5883
2859,29.99,2025-01-11,5889
2860,,2025-01-14,5894
2861,,2025-01-14,5895
2862,,2025-01-14,5896
2863,,2025-01-14,5897
2864,599,2024-10-04,5899
2865,,2025-01-14,5904
2866,,2025-01-14,5904
2867,149,2024-12-25,5915
2868,29.99,2025-01-05,5915
2869,1499,2024-10-10,5925
2870,599,2024-10-05,5926
2871,29.99,2025-01-11,5927
2872,149,2025-01-07,5930
2873,,2025-01-14,5931
2874,480,2024-09-24,5944
2875,480,2023-09-25,5945
2876,390,2024-06-13,5945
2877,320,2024-01-10,5945
2878,340,2025-01-18,5945
2879,1499,2024-10-05,5947
2880,480,2024-09-25,5947
2881,340,2024-01-12,5947
2882,440,2025-01-10,5947
2883,480,2024-09-28,5949
2884,,2025-01-14,5951
2885,99,2024-12-26,5963
2886,4999,2024-10-06,5965
2887,599,2024-09-29,5974
2888,480,2023-09-26,5974
2889,390,2024-06-08,5974
2890,320,2024-01-17,5974
2891,340,2025-01-06,5974
2892,520,2024-09-22,5975
2893,,2025-01-14,5976
2894,480,2024-09-27,5976
2895,29.99,2025-01-11,5983
2896,599,2024-10-04,5983
2897,520,2023-09-22,5986
2898,420,2024-06-13,5986
2899,430,2024-01-11,5986
2900,350,2025-01-15,5986
2901,530,2024-09-23,5987
2902,99,2025-01-12,5989
2903,4999,2024-10-02,5995
2904,1499,2024-10-09,5999
2905,1499,2024-12-05,4467
2906,1499,2025-01-21,5572
2907,1499,2024-03-17,2936
2908,1499,2024-06-06,3369
2909,1499,2024-02-21,3703
2910,1499,2024-12-28,4134
2911,1499,2024-02-12,4163
2912,1499,2024-01-27,3803
2913,1499,2024-04-09,4575
2914,1499,2024-12-04,2511
2915,1499,2024-12-11,2940
2916,1499,2024-06-11,5174
2917,1499,2024-12-05,5774
2918,1499,2024-12-04,1621
2919,1499,2023-12-21,1108
2920,1499,2024-01-18,2383
2921,1499,2023-12-18,4026
2922,1499,2024-11-22,2317
2923,1499,2025-01-25,2014
2924,1499,2025-01-19,4007
