2,1294,4
4,1425,3
5,1631,4
7,1103,4
6,1103,4
7,1783,3
7,1963,5
6,1963,4
7,1856,4
7,1774,3
6,1774,5
7,1434,4
6,1434,5
7,1717,3
6,1717,2
7,1248,4
6,1248,3
7,1259,3
6,1259,3
7,1001,3
6,1711,3
7,1012,2
6,1012,3
7,1753,3
6,1753,3
7,1882,3
7,1354,2
7,1983,3
7,1506,3
6,1506,3
6,1841,3
6,1523,3
6,1502,5
6,1582,2
7,1212,5
6,1212,4
6,1699,4
7,1756,3
6,1756,4
7,1931,5
6,1931,5
6,1169,4
7,1879,3
6,1840,3
6,1157,4
7,1786,5
6,1786,4
9,1677,2
8,1677,4
8,1346,3
9,1988,3
8,1988,5
9,1822,5
8,1822,3
9,1171,3
8,1171,3
9,1818,3
9,1626,3
9,1658,5
8,1658,3
9,1356,3
9,1878,5
8,1878,3
9,1954,3
8,1954,3
8,1274,4
9,1562,4
9,1291,2
8,1291,3
9,1589,4
8,1589,2
9,1724,3
9,1163,5
8,1299,3
9,1999,3
8,1999,5
8,1639,2
8,1767,2
9,1467,4
8,1804,2
9,1182,3
8,1182,3
9,1296,2
8,1296,2
8,1542,2
9,1679,3
8,1679,3
9,1140,3
10,1228,2
10,1101,2
10,1588,3
10,1660,4
10,1085,3
10,1121,3
10,1519,4
10,1257,5
10,1188,4
10,1323,4
10,1213,5
10,1779,3
10,1630,3
10,1322,5
10,1694,3
10,1663,3
10,1554,4
10,1736,3
10,1358,3
10,1943,4
10,1826,3
11,1290,4
12,1290,3
11,1082,3
12,1082,2
11,1423,2
12,1423,5
12,1478,5
11,1166,2
12,1166,3
11,1901,4
12,1901,4
11,1343,3
12,1343,3
12,1515,3
11,1727,5
12,1727,3
11,1735,3
11,1265,3
12,1265,5
12,1914,2
11,1929,5
12,1929,3
11,1533,3
12,1533,3
11,1820,5
12,1820,4
11,1778,3
12,1778,5
14,1726,4
13,1726,3
14,1158,3
14,1806,3
13,1806,4
14,1754,3
14,1508,2
13,1508,2
14,1857,3
13,1857,4
14,1926,3
14,1124,5
13,1124,3
14,1475,4
13,1475,3
13,1563,3
14,1832,4
13,1832,3
14,1079,3
13,1079,3
14,1063,3
14,1438,3
14,1057,3
13,1057,4
15,1545,3
15,1681,3
15,1499,3
15,1164,2
15,1944,3
15,1843,4
15,1460,3
15,1100,3
15,1796,5
15,1485,5
15,1405,4
17,1612,3
16,1612,4
16,1006,2
17,1973,3
16,1675,4
17,1966,2
16,1966,3
17,1873,4
16,1873,4
17,1067,3
17,1056,3
16,1056,2
17,1655,3
17,1569,4
16,1569,2
17,1647,5
16,1647,2
17,1784,2
16,1784,3
16,1828,3
16,1487,4
17,1442,4
17,1964,4
16,1964,4
17,1530,3
16,1530,4
17,1308,4
16,1308,3
17,1616,5
17,1268,4
16,1268,4
17,1395,3
17,1524,3
16,1524,4
17,1557,3
16,1557,2
17,1862,3
16,1862,3
17,1845,4
16,1845,5
17,1352,2
17,1327,2
16,1327,2
17,1576,5
16,1576,3
17,1643,5
16,1643,2
17,1641,4
16,1238,3
17,1685,4
17,1264,2
16,1264,2
16,1146,2
17,1729,5
16,1729,4
16,1701,2
17,1531,3
16,1531,5
16,1183,3
17,1486,3
16,1486,3
17,1461,3
16,1461,5
19,1233,4
18,1233,3
19,1617,3
18,1336,3
19,1578,4
18,1578,4
19,1175,4
18,1175,2
19,1378,5
18,1153,5
19,1144,3
19,1494,3
18,1494,2
19,1891,5
18,1891,4
19,1221,3
18,1221,3
19,1657,5
18,1657,3
19,1825,5
18,1825,3
19,1831,3
18,1831,3
19,1803,2
18,1803,3
19,1410,3
19,1031,5
19,1010,3
19,1306,4
18,1517,3
19,1812,4
19,1309,4
18,1309,2
19,1894,5
18,1894,3
19,1972,4
18,1972,3
19,1794,3
19,1601,3
18,1601,4
19,1404,4
19,1474,4
18,1474,5
19,1397,2
18,1070,3
19,1789,5
18,1629,5
19,1208,3
18,1208,3
18,1028,3
19,1307,5
18,1307,5
18,1253,3
18,1355,5
19,1762,3
18,1762,3
18,1310,5
20,1284,4
20,1107,3
20,1178,4
20,1896,4
20,1367,2
20,1342,4
20,1266,3
20,1059,2
20,1566,5
20,1627,4
20,1623,4
20,1529,5
20,1009,4
20,1229,4
20,1584,2
20,1801,4
20,1509,4
20,1198,5
20,1550,3
20,1064,5
20,1176,4
20,1468,5
20,1359,4
20,1836,3
20,1419,2
20,1872,3
20,1516,4
22,1853,3
22,1402,3
21,1740,2
22,1433,3
22,1917,3
21,1281,3
22,1281,3
21,1195,2
22,1195,3
21,1321,2
22,1321,2
21,1668,3
21,1211,3
22,1211,3
21,1688,3
22,1688,3
21,1512,4
22,1512,5
21,1247,4
22,1247,4
22,1776,5
21,1712,3
22,1712,2
22,1849,4
21,1045,5
21,1903,3
21,1989,4
22,1989,3
21,1996,4
21,1473,3
22,1473,5
22,1197,3
21,1184,3
21,1922,4
22,1922,2
21,1002,3
22,1002,4
21,1469,3
21,1935,5
22,1088,3
22,1886,2
21,1062,3
22,1062,4
21,1607,4
22,1607,3
21,1254,3
22,1254,5
21,1598,4
22,1598,3
21,1065,2
22,1065,5
21,1018,3
22,1018,5
24,1235,5
23,1235,5
24,1741,3
24,1635,3
23,1635,3
23,1761,3
24,1962,3
23,1962,5
23,1596,3
23,1967,2
24,1127,3
23,1127,4
23,1535,3
24,1465,2
23,1465,2
24,1628,3
24,1335,4
23,1335,3
24,1518,3
23,1777,4
24,1214,2
23,1214,3
24,1021,2
24,1510,3
23,1510,3
24,1394,3
23,1394,2
24,1835,4
23,1835,4
24,1683,4
23,1683,3
24,1567,3
23,1567,3
24,1412,3
23,1412,3
24,1078,3
23,1078,4
23,1106,3
23,1029,4
23,1159,3
24,1389,3
23,1389,3
24,1016,2
23,1016,4
24,1749,5
24,1041,5
24,1937,4
23,1937,4
25,1621,3
25,1319,3
25,1561,3
25,1581,5
25,1824,5
25,1138,5
25,1495,2
25,1080,3
25,1345,4
25,1251,4
25,1033,5
25,1961,2
25,1073,4
25,1744,5
25,1246,3
25,1912,2
25,1938,3
25,1985,3
25,1586,3
25,1353,3
25,1781,3
25,1237,4
25,1874,2
25,1948,2
25,1913,4
25,1536,5
