0,,2025-01-08,1009
1,999,2024-12-06,1017
2,450,2023-09-29,1017
3,390,2024-06-13,1017
4,360,2024-01-10,1017
5,360,2025-01-18,1017
6,,2025-01-08,1018
7,590,2024-09-28,1018
8,,2025-01-08,1021
9,99,2024-12-29,1024
10,999,2024-10-01,1024
11,520,2023-09-27,1024
12,400,2024-06-13,1024
13,420,2024-01-13,1024
14,430,2025-01-09,1024
15,,2025-01-08,1029
16,520,2024-09-22,1033
17,,2025-01-08,1034
18,520,2024-09-22,1035
19,520,2023-09-26,1038
20,400,2024-06-18,1038
21,420,2024-01-06,1038
22,430,2025-01-13,1038
23,590,2023-09-21,1039
24,390,2024-06-17,1039
25,340,2024-01-06,1039
26,310,2025-01-17,1039
27,590,2024-09-24,1040
28,340,2024-01-06,1040
29,310,2025-01-16,1040
30,590,2024-09-28,1048
31,999,2024-09-30,1051
32,520,2024-09-30,1055
33,29.99,2024-12-31,1057
34,520,2024-09-23,1060
35,,2025-01-08,1061
36,520,2023-09-22,1063
37,400,2024-06-16,1063
38,420,2024-01-06,1063
39,430,2025-01-07,1063
40,,2025-01-08,1065
41,29.99,2024-12-21,1066
42,520,2023-09-23,1066
43,400,2024-06-18,1066
44,420,2024-01-12,1066
45,430,2025-01-12,1066
46,590,2023-09-23,1067
47,420,2024-06-12,1067
48,410,2024-01-07,1067
49,320,2025-01-09,1067
50,29.99,2024-12-23,1069
51,,2025-01-08,1071
52,450,2024-09-23,1074
53,,2025-01-08,1076
54,29.99,2024-12-18,1076
55,999,2024-11-07,1078
56,560,2023-09-29,1082
57,390,2024-06-06,1082
58,360,2024-01-14,1082
59,,2025-01-08,1082
60,590,2024-09-29,1082
61,390,2024-06-06,1082
62,360,2024-01-10,1082
63,360,2025-01-13,1082
64,29.99,2025-01-02,1084
65,4999,2024-11-25,1094
66,590,2023-09-21,1098
67,420,2024-06-14,1098
68,410,2024-01-15,1098
69,320,2025-01-16,1098
70,4999,2024-11-17,1100
71,450,2023-09-21,1102
72,390,2024-06-13,1102
73,360,2024-01-17,1102
74,360,2025-01-06,1102
75,590,2024-09-30,1103
76,590,2023-09-28,1105
77,420,2024-06-14,1105
78,410,2024-01-10,1105
79,320,2025-01-14,1105
80,410,2024-09-24,1110
81,29.99,2024-12-21,1111
82,999,2024-12-03,1112
83,999,2024-10-04,1126
84,520,2024-09-29,1130
85,590,2023-09-26,1135
86,420,2024-06-12,1135
87,410,2024-01-14,1135
88,320,2025-01-11,1135
89,590,2024-09-29,1137
90,450,2023-09-25,1144
91,390,2024-06-11,1144
92,360,2024-01-12,1144
93,360,2025-01-12,1144
94,520,2024-09-30,1145
95,560,2024-09-29,1149
96,590,2024-09-26,1149
97,590,2023-09-30,1150
98,420,2024-06-13,1150
99,410,2024-01-07,1150
100,320,2025-01-17,1150
101,,2025-01-08,1152
102,,2025-01-08,1156
103,4999,2024-11-21,1156
104,590,2024-09-21,1160
105,410,2023-09-28,1161
106,340,2024-06-15,1161
107,390,2024-01-12,1161
108,390,2025-01-10,1161
109,,2025-01-08,1163
110,590,2023-09-30,1163
111,390,2024-06-07,1163
112,340,2024-01-18,1163
113,310,2025-01-18,1163
114,590,2024-09-25,1165
115,520,2023-09-23,1166
116,400,2024-06-15,1166
117,420,2024-01-18,1166
118,430,2025-01-15,1166
119,590,2024-09-27,1168
120,520,2023-09-29,1169
121,400,2024-06-10,1169
122,420,2024-01-12,1169
123,430,2025-01-18,1169
124,450,2024-09-22,1172
125,999,2024-12-05,1174
126,410,2024-09-24,1174
127,99,2025-01-07,1176
128,999,2024-11-06,1176
129,,2025-01-08,1186
130,520,2024-09-27,1188
131,,2025-01-08,1197
132,520,2023-09-26,1200
133,400,2024-06-17,1200
134,420,2024-01-18,1200
135,430,2025-01-17,1200
136,999,2024-09-29,1202
137,450,2024-09-26,1207
138,450,2023-09-27,1209
139,390,2024-06-13,1209
140,360,2024-01-07,1209
141,360,2025-01-17,1209
142,520,2024-09-28,1216
143,,2025-01-08,1217
144,149,2025-01-04,1220
145,410,2023-09-29,1221
146,340,2024-06-10,1221
147,390,2024-01-14,1221
148,390,2025-01-18,1221
149,590,2024-09-27,1231
150,4999,2024-11-18,1244
151,450,2023-09-21,1246
152,390,2024-06-10,1246
153,360,2024-01-08,1246
154,360,2025-01-07,1246
155,999,2024-10-07,1248
156,999,2024-11-07,1248
157,410,2024-09-25,1248
158,590,2023-09-23,1249
159,390,2024-06-07,1249
160,340,2024-01-13,1249
161,310,2025-01-17,1249
162,590,2024-09-30,1251
163,99,2025-01-06,1253
164,99,2025-01-06,1254
165,4999,2024-11-20,1256
166,,2025-01-08,1257
167,520,2023-09-26,1261
168,400,2024-06-12,1261
169,420,2024-01-12,1261
170,430,2025-01-06,1261
171,520,2024-09-21,1269
172,450,2024-09-24,1270
173,,2025-01-08,1271
174,410,2024-09-25,1271
175,999,2024-12-03,1273
176,4999,2024-11-24,1274
177,590,2024-09-25,1279
178,,2025-01-08,1282
179,,2025-01-08,1283
180,999,2024-11-06,1284
181,410,2023-09-26,1287
182,410,2024-01-16,1287
183,320,2025-01-10,1287
184,340,2024-06-18,1287
185,390,2024-01-09,1287
186,390,2025-01-13,1287
187,590,2024-09-27,1296
188,590,2024-09-21,1297
189,999,2024-11-03,1298
190,590,2023-09-24,1298
191,420,2024-06-14,1298
192,410,2024-01-07,1298
193,,2025-01-08,1298
194,29.99,2024-12-10,1301
195,999,2024-10-05,1304
196,520,2024-09-24,1305
197,,2025-01-08,1316
198,590,2024-09-25,1317
199,590,2024-09-27,1321
200,99,2025-01-06,1322
201,,2025-01-08,1325
202,520,2023-09-25,1329
203,400,2024-06-15,1329
204,420,2024-01-12,1329
205,430,2025-01-14,1329
206,590,2024-09-29,1331
207,400,2024-06-13,1331
208,420,2024-01-17,1331
209,430,2025-01-14,1331
210,520,2023-09-27,1331
211,400,2024-06-16,1331
212,420,2024-01-08,1331
213,430,2025-01-13,1331
214,590,2024-09-30,1336
215,520,2023-09-21,1337
216,400,2024-06-15,1337
217,420,2024-01-13,1337
218,430,2025-01-13,1337
219,450,2024-09-27,1338
220,999,2024-10-02,1339
221,,2025-01-08,1340
222,590,2023-09-22,1345
223,390,2024-06-14,1345
224,340,2024-01-09,1345
225,310,2025-01-17,1345
226,590,2024-09-30,1352
227,29.99,2025-01-02,1353
228,590,2023-09-25,1355
229,420,2024-06-17,1355
230,410,2024-01-17,1355
231,320,2025-01-06,1355
232,390,2024-01-10,1355
233,390,2025-01-09,1355
234,99,2025-01-06,1359
235,590,2023-09-28,1361
236,390,2024-06-11,1361
237,340,2024-01-11,1361
238,310,2025-01-13,1361
239,,2025-01-08,1363
240,999,2024-12-04,1364
241,600,2024-09-28,1365
242,420,2024-06-14,1365
243,410,2024-01-15,1365
244,320,2025-01-14,1365
245,590,2023-09-24,1365
246,420,2024-06-11,1365
247,410,2024-01-10,1365
248,320,2025-01-06,1365
249,520,2023-09-21,1367
250,400,2024-06-07,1367
251,420,2024-01-10,1367
252,430,2025-01-11,1367
253,29.99,2025-01-06,1370
254,590,2023-09-23,1372
255,420,2024-06-14,1372
256,410,2024-01-11,1372
257,320,2025-01-10,1372
258,390,2024-01-08,1372
259,390,2025-01-11,1372
260,,2025-01-08,1374
261,590,2024-09-26,1374
262,450,2023-09-28,1379
263,390,2024-06-12,1379
264,360,2024-01-08,1379
265,360,2025-01-16,1379
266,450,2023-09-21,1383
267,390,2024-06-13,1383
268,360,2024-01-14,1383
269,,2025-01-08,1383
270,,2025-01-08,1396
271,590,2024-09-26,1396
272,520,2023-09-21,1401
273,400,2024-06-15,1401
274,420,2024-01-17,1401
275,,2025-01-08,1401
276,590,2024-09-25,1402
277,390,2024-01-17,1402
278,390,2025-01-14,1402
279,450,2023-09-28,1406
280,390,2024-06-06,1406
281,360,2024-01-10,1406
282,360,2025-01-09,1406
283,29.99,2025-01-01,1407
284,,2025-01-08,1421
285,4999,2024-11-21,1427
286,590,2023-09-29,1429
287,420,2024-06-15,1429
288,410,2024-01-15,1429
289,320,2025-01-06,1429
290,590,2024-09-21,1436
291,520,2023-09-25,1439
292,400,2024-06-12,1439
293,420,2024-01-08,1439
294,430,2025-01-18,1439
295,590,2024-09-23,1440
296,29.99,2024-12-24,1441
297,99,2024-12-30,1446
298,410,2023-09-27,1446
299,340,2024-06-15,1446
300,390,2024-01-15,1446
301,390,2025-01-18,1446
302,450,2023-09-29,1447
303,390,2024-06-16,1447
304,360,2024-01-12,1447
305,,2025-01-08,1447
306,410,2024-09-25,1447
307,390,2024-06-13,1447
308,360,2024-01-10,1447
309,360,2025-01-14,1447
310,999,2024-10-22,1448
311,4999,2024-11-24,1448
312,29.99,2024-12-28,1451
313,520,2024-09-27,1451
314,999,2024-11-11,1454
315,,2025-01-08,1455
316,,2025-01-08,1456
317,29.99,2024-12-20,1458
318,410,2023-09-24,1458
319,340,2024-06-17,1458
320,390,2024-01-15,1458
321,390,2025-01-13,1458
322,999,2024-11-07,1459
323,,2025-01-08,1460
324,4999,2024-11-20,1460
325,,2025-01-08,1463
326,,2025-01-08,1465
327,999,2024-10-24,1470
328,410,2023-09-29,1471
329,340,2024-06-14,1471
330,390,2024-01-13,1471
331,390,2025-01-18,1471
332,999,2024-12-04,1478
333,29.99,2024-12-31,1479
334,590,2024-09-29,1479
335,420,2024-01-11,1479
336,430,2025-01-09,1479
337,580,2023-09-24,1481
338,420,2024-06-06,1481
339,410,2024-01-06,1481
340,320,2025-01-14,1481
341,520,2024-09-28,1481
342,420,2024-06-17,1481
343,410,2024-01-16,1481
344,320,2025-01-11,1481
345,590,2023-09-30,1483
346,390,2024-06-12,1483
347,340,2024-01-16,1483
348,310,2025-01-09,1483
349,,2025-01-08,1486
350,590,2023-09-27,1490
351,420,2024-06-08,1490
352,410,2024-01-14,1490
353,320,2025-01-09,1490
354,520,2024-09-30,1493
355,999,2024-10-05,1500
356,29.99,2025-01-01,1506
357,,2025-01-08,1508
358,450,2024-09-22,1509
359,29.99,2025-01-04,1511
360,520,2024-09-21,1511
361,999,2024-10-08,1514
362,590,2023-09-25,1518
363,420,2024-06-14,1518
364,410,2024-01-14,1518
365,320,2025-01-07,1518
366,999,2024-12-03,1521
367,410,2023-09-29,1528
368,340,2024-06-06,1528
369,390,2024-01-17,1528
370,390,2025-01-17,1528
371,450,2024-09-26,1529
372,450,2023-09-29,1531
373,390,2024-06-16,1531
374,360,2024-01-16,1531
375,360,2025-01-13,1531
376,,2025-01-08,1534
377,,2025-01-08,1534
378,29.99,2024-12-14,1536
379,,2025-01-08,1537
380,29.99,2024-12-25,1541
381,590,2024-09-30,1545
382,420,2024-01-13,1545
383,430,2025-01-09,1545
384,,2025-01-08,1547
385,999,2024-10-17,1552
386,999,2024-11-02,1562
387,410,2023-09-23,1565
388,340,2024-06-10,1565
389,390,2024-01-07,1565
390,390,2025-01-12,1565
391,590,2023-09-26,1569
392,390,2024-06-18,1569
393,340,2024-01-11,1569
394,310,2025-01-14,1569
395,410,2024-01-12,1569
396,320,2025-01-14,1569
397,450,2024-09-23,1578
398,999,2024-10-20,1583
399,520,2023-09-26,1587
400,400,2024-06-15,1587
401,420,2024-01-11,1587
402,430,2025-01-16,1587
403,590,2023-09-22,1589
404,390,2024-06-09,1589
405,340,2024-01-16,1589
406,310,2025-01-14,1589
407,,2025-01-08,1591
408,999,2024-10-03,1600
409,590,2023-09-28,1601
410,420,2024-06-15,1601
411,410,2024-01-06,1601
412,,2025-01-08,1601
413,999,2024-10-06,1609
414,520,2023-09-23,1611
415,400,2024-06-16,1611
416,420,2024-01-09,1611
417,430,2025-01-16,1611
418,550,2023-09-26,1619
419,390,2024-06-11,1619
420,360,2024-01-07,1619
421,,2025-01-08,1619
422,400,2024-06-18,1619
423,420,2024-01-09,1619
424,430,2025-01-13,1619
425,520,2023-09-23,1619
426,390,2024-06-16,1619
427,360,2024-01-06,1619
428,360,2025-01-13,1619
429,400,2024-06-18,1619
430,420,2024-01-18,1619
431,430,2025-01-16,1619
432,590,2023-09-30,1620
433,390,2024-06-07,1620
434,340,2024-01-14,1620
435,310,2025-01-10,1620
436,,2025-01-08,1622
437,520,2024-09-28,1622
438,29.99,2025-01-07,1625
439,999,2024-11-07,1631
440,410,2023-09-24,1633
441,340,2024-06-07,1633
442,390,2024-01-09,1633
443,390,2025-01-14,1633
444,410,2024-09-29,1637
445,29.99,2024-12-09,1644
446,999,2024-10-08,1644
447,,2025-01-08,1645
448,4999,2024-11-22,1646
449,520,2023-09-27,1647
450,400,2024-06-07,1647
451,420,2024-01-18,1647
452,,2025-01-08,1647
453,999,2024-12-01,1649
454,29.99,2024-12-27,1651
455,600,2023-09-26,1651
456,390,2024-06-17,1651
457,340,2024-01-11,1651
458,310,2025-01-17,1651
459,560,2024-09-22,1651
460,390,2024-06-12,1651
461,340,2024-01-10,1651
462,310,2025-01-07,1651
463,590,2024-09-25,1651
464,390,2024-06-12,1651
465,340,2024-01-09,1651
466,310,2025-01-10,1651
467,4999,2024-11-24,1656
468,450,2023-09-23,1656
469,390,2024-06-13,1656
470,360,2024-01-09,1656
471,360,2025-01-07,1656
472,29.99,2025-01-07,1657
473,999,2024-10-18,1657
474,590,2024-09-30,1659
475,400,2024-06-14,1659
476,420,2024-01-09,1659
477,430,2025-01-14,1659
478,520,2023-09-22,1659
479,400,2024-06-18,1659
480,420,2024-01-11,1659
481,,2025-01-08,1659
482,590,2024-09-24,1660
483,999,2024-10-05,1664
484,490,2023-09-27,1664
485,390,2024-06-06,1664
486,340,2024-01-06,1664
487,310,2025-01-07,1664
488,390,2024-06-08,1664
489,360,2024-01-15,1664
490,360,2025-01-14,1664
491,450,2023-09-21,1664
492,390,2024-06-16,1664
493,340,2024-01-16,1664
494,310,2025-01-13,1664
495,390,2024-06-06,1664
496,360,2024-01-09,1664
497,,2025-01-08,1664
498,410,2024-09-24,1670
499,,2025-01-08,1675
500,29.99,2024-12-27,1676
501,410,2023-09-21,1682
502,340,2024-06-07,1682
503,390,2024-01-08,1682
504,390,2025-01-13,1682
505,590,2024-09-24,1684
506,590,2023-09-27,1686
507,420,2024-06-15,1686
508,410,2024-01-09,1686
509,320,2025-01-11,1686
510,99,2025-01-01,1687
511,520,2024-09-22,1687
512,,2025-01-08,1688
513,29.99,2025-01-01,1695
514,590,2024-09-22,1696
515,,2025-01-08,1697
516,,2025-01-08,1698
517,520,2023-09-28,1699
518,400,2024-06-11,1699
519,420,2024-01-17,1699
520,430,2025-01-18,1699
521,4999,2024-11-22,1700
522,4999,2024-11-20,1704
523,999,2024-10-02,1708
524,,2025-01-08,1710
525,590,2023-09-28,1712
526,390,2024-06-17,1712
527,340,2024-01-17,1712
528,310,2025-01-12,1712
529,590,2024-09-24,1719
530,420,2024-01-10,1719
531,430,2025-01-13,1719
532,450,2024-09-21,1722
533,4999,2024-11-20,1727
534,29.99,2024-12-29,1728
535,520,2024-09-21,1730
536,590,2023-09-22,1739
537,420,2024-06-16,1739
538,410,2024-01-14,1739
539,320,2025-01-16,1739
540,,2025-01-08,1746
541,29.99,2024-12-21,1751
542,450,2024-09-27,1752
543,410,2024-09-27,1753
544,999,2024-10-20,1756
545,410,2024-09-22,1756
546,29.99,2025-01-02,1757
547,,2025-01-08,1758
548,590,2023-09-24,1759
549,420,2024-06-08,1759
550,410,2024-01-06,1759
551,320,2025-01-09,1759
552,520,2024-09-29,1763
553,520,2023-09-29,1764
554,400,2024-06-07,1764
555,420,2024-01-13,1764
556,430,2025-01-09,1764
557,550,2023-09-30,1765
558,390,2024-06-16,1765
559,360,2024-01-13,1765
560,360,2025-01-12,1765
561,520,2024-09-30,1765
562,390,2024-06-11,1765
563,360,2024-01-10,1765
564,360,2025-01-14,1765
565,99,2025-01-07,1766
566,520,2023-09-23,1766
567,410,2024-01-16,1766
568,320,2025-01-13,1766
569,400,2024-06-13,1766
570,420,2024-01-17,1766
571,430,2025-01-13,1766
572,,2025-01-08,1768
573,520,2024-09-27,1769
574,410,2024-09-29,1776
575,360,2024-01-14,1776
576,360,2025-01-18,1776
577,,2025-01-08,1777
578,,2025-01-08,1778
579,,2025-01-08,1778
580,600,2024-09-21,1785
581,590,2024-09-29,1785
582,450,2023-09-26,1786
583,390,2024-06-10,1786
584,360,2024-01-12,1786
585,360,2025-01-15,1786
586,,2025-01-08,1790
587,590,2024-09-26,1791
588,400,2024-06-13,1791
589,420,2024-01-17,1791
590,430,2025-01-16,1791
591,520,2023-09-24,1791
592,400,2024-06-11,1791
593,420,2024-01-12,1791
594,430,2025-01-06,1791
595,999,2024-10-19,1797
596,999,2024-10-07,1801
597,410,2023-09-26,1807
598,340,2024-06-13,1807
599,390,2024-01-09,1807
600,390,2025-01-06,1807
601,999,2024-12-07,1812
602,999,2024-10-02,1812
603,,2025-01-08,1825
604,590,2024-09-23,1827
605,,2025-01-08,1832
606,,2025-01-08,1832
607,999,2024-10-02,1832
608,410,2023-09-22,1833
609,340,2024-06-10,1833
610,390,2024-01-18,1833
611,390,2025-01-11,1833
612,999,2024-10-23,1835
613,,2025-01-08,1838
614,99,2025-01-01,1844
615,,2025-01-08,1845
616,600,2024-09-28,1847
617,590,2024-09-23,1847
618,450,2023-09-28,1853
619,390,2024-06-10,1853
620,360,2024-01-16,1853
621,,2025-01-08,1853
622,590,2023-09-21,1858
623,390,2024-06-18,1858
624,340,2024-01-10,1858
625,310,2025-01-11,1858
626,999,2024-10-06,1865
627,590,2024-09-27,1868
628,999,2024-11-04,1873
629,999,2024-12-03,1876
630,520,2024-09-23,1878
631,,2025-01-08,1880
632,590,2023-09-23,1894
633,390,2024-06-07,1894
634,340,2024-01-18,1894
635,310,2025-01-16,1894
636,999,2024-10-07,1900
637,999,2024-09-29,1901
638,,2025-01-08,1902
639,520,2023-09-28,1907
640,400,2024-06-14,1907
641,420,2024-01-06,1907
642,430,2025-01-10,1907
643,,2025-01-08,1913
644,,2025-01-08,1914
645,590,2024-09-22,1914
646,149,2024-12-26,1915
647,999,2024-12-07,1919
648,520,2023-09-21,1923
649,400,2024-06-12,1923
650,420,2024-01-09,1923
651,430,2025-01-14,1923
652,450,2024-09-27,1925
653,340,2024-06-10,1925
654,390,2024-01-14,1925
655,390,2025-01-10,1925
656,410,2023-09-29,1925
657,340,2024-06-12,1925
658,390,2024-01-17,1925
659,390,2025-01-13,1925
660,999,2024-10-24,1926
661,590,2023-09-29,1926
662,420,2024-06-16,1926
663,410,2024-01-12,1926
664,320,2025-01-14,1926
665,99,2025-01-05,1932
666,590,2024-09-27,1934
667,999,2024-10-02,1936
668,,2025-01-08,1938
669,,2025-01-08,1942
670,,2025-01-08,1943
671,,2025-01-08,1953
672,410,2023-09-26,1955
673,340,2024-06-15,1955
674,390,2024-01-17,1955
675,390,2025-01-10,1955
676,,2025-01-08,1964
677,29.99,2025-01-07,1970
678,590,2024-09-24,1970
679,450,2023-09-23,1975
680,390,2024-06-10,1975
681,360,2024-01-09,1975
682,,2025-01-08,1975
683,,2025-01-08,1982
684,590,2023-09-23,1983
685,390,2024-06-09,1983
686,340,2024-01-10,1983
687,310,2025-01-11,1983
688,410,2024-09-25,1986
689,99,2025-01-06,1987
690,450,2024-09-25,1990
691,590,2023-09-28,1993
692,420,2024-06-10,1993
693,410,2024-01-15,1993
694,320,2025-01-15,1993
695,590,2024-09-27,1995
696,,2025-01-08,1997
697,450,2024-09-29,2011
698,410,2023-09-25,2013
699,340,2024-06-18,2013
700,390,2024-01-14,2013
701,390,2025-01-13,2013
702,520,2023-09-27,2017
703,400,2024-06-08,2017
704,420,2024-01-06,2017
705,430,2025-01-10,2017
706,520,2024-09-22,2021
707,149,2025-01-04,2025
708,590,2023-09-28,2025
709,390,2024-06-13,2025
710,340,2024-01-13,2025
711,310,2025-01-16,2025
712,590,2023-09-28,2026
713,390,2024-06-16,2026
714,340,2024-01-15,2026
715,310,2025-01-09,2026
716,999,2024-10-07,2028
717,410,2023-09-21,2030
718,340,2024-06-09,2030
719,390,2024-01-16,2030
720,390,2025-01-17,2030
721,,2025-01-08,2039
722,999,2024-09-30,2043
723,,2025-01-08,2044
724,999,2024-10-20,2044
725,520,2024-09-22,2053
726,,2025-01-08,2054
727,,2025-01-08,2054
728,520,2023-09-27,2054
729,400,2024-06-14,2054
730,420,2024-01-14,2054
731,430,2025-01-18,2054
732,410,2024-09-30,2056
733,590,2023-09-23,2057
734,420,2024-06-15,2057
735,410,2024-01-09,2057
736,320,2025-01-15,2057
737,149,2024-12-28,2062
738,999,2024-11-04,2062
739,410,2023-09-22,2069
740,340,2024-06-06,2069
741,390,2024-01-13,2069
742,,2025-01-08,2069
743,410,2024-09-24,2071
744,,2025-01-08,2072
745,410,2024-09-26,2074
746,999,2024-11-11,2076
747,590,2023-09-25,2078
748,420,2024-06-18,2078
749,410,2024-01-07,2078
750,320,2025-01-09,2078
751,520,2024-09-22,2080
752,590,2024-09-22,2084
753,,2025-01-08,2085
754,520,2023-09-29,2085
755,400,2024-06-10,2085
756,420,2024-01-16,2085
757,430,2025-01-10,2085
758,4999,2024-11-24,2086
759,999,2024-11-04,2086
760,590,2023-09-26,2086
761,420,2024-06-17,2086
762,410,2024-01-14,2086
763,320,2025-01-12,2086
764,4999,2024-11-25,2087
765,29.99,2024-12-30,2092
766,520,2023-09-24,2101
767,400,2024-06-11,2101
768,420,2024-01-13,2101
769,430,2025-01-15,2101
770,590,2023-09-24,2115
771,420,2024-06-13,2115
772,410,2024-01-17,2115
773,320,2025-01-15,2115
774,149,2025-01-06,2118
775,590,2024-09-28,2118
776,590,2024-09-29,2123
777,450,2024-09-21,2128
778,590,2024-09-24,2133
779,520,2024-09-28,2136
780,,2025-01-08,2138
781,29.99,2025-01-03,2141
782,450,2023-09-23,2142
783,390,2024-06-13,2142
784,360,2024-01-15,2142
785,,2025-01-08,2142
786,390,2024-01-09,2142
787,390,2025-01-14,2142
788,999,2024-10-05,2144
789,,2025-01-08,2146
790,999,2024-12-05,2152
791,450,2023-09-29,2158
792,390,2024-06-15,2158
793,360,2024-01-18,2158
794,360,2025-01-12,2158
795,450,2023-09-25,2160
796,390,2024-06-13,2160
797,360,2024-01-18,2160
798,360,2025-01-07,2160
799,29.99,2024-12-29,2162
800,,2025-01-08,2166
801,590,2023-09-24,2167
802,420,2024-06-14,2167
803,410,2024-01-09,2167
804,320,2025-01-11,2167
805,,2025-01-08,2171
806,999,2024-10-24,2182
807,410,2023-09-30,2184
808,340,2024-06-16,2184
809,390,2024-01-08,2184
810,390,2025-01-15,2184
811,410,2024-09-26,2188
812,590,2023-09-23,2190
813,420,2024-06-10,2190
814,410,2024-01-11,2190
815,320,2025-01-11,2190
816,410,2023-09-28,2193
817,410,2024-01-10,2193
818,320,2025-01-10,2193
819,340,2024-06-18,2193
820,390,2024-01-11,2193
821,390,2025-01-11,2193
822,,2025-01-08,2199
823,29.99,2024-12-29,2199
824,999,2024-11-04,2203
825,450,2024-09-22,2204
826,450,2024-09-23,2207
827,590,2024-09-28,2210
828,999,2024-10-08,2212
829,,2025-01-08,2214
830,590,2024-09-23,2214
831,420,2024-01-16,2214
832,430,2025-01-16,2214
833,4999,2024-11-21,2216
834,,2025-01-08,2224
835,410,2024-09-21,2225
836,410,2024-09-25,2226
837,999,2024-11-07,2232
838,,2025-01-08,2242
839,,2025-01-08,2242
840,520,2023-09-27,2248
841,400,2024-06-12,2248
842,420,2024-01-10,2248
843,,2025-01-08,2248
844,4999,2024-11-19,2253
845,520,2023-09-22,2255
846,400,2024-06-13,2255
847,420,2024-01-10,2255
848,430,2025-01-18,2255
849,29.99,2025-01-02,2258
850,410,2023-09-29,2258
851,340,2024-06-14,2258
852,390,2024-01-12,2258
853,390,2025-01-09,2258
854,999,2024-12-08,2261
855,590,2023-09-30,2262
856,390,2024-06-17,2262
857,340,2024-01-17,2262
858,310,2025-01-14,2262
859,590,2024-09-28,2264
860,29.99,2025-01-03,2271
861,510,2023-09-23,2273
862,340,2024-06-15,2273
863,390,2024-01-09,2273
864,390,2025-01-15,2273
865,520,2024-09-21,2273
866,340,2024-06-10,2273
867,390,2024-01-07,2273
868,390,2025-01-11,2273
869,520,2024-09-21,2284
870,590,2024-09-26,2286
871,99,2025-01-03,2288
872,590,2023-09-21,2291
873,420,2024-06-13,2291
874,410,2024-01-12,2291
875,,2025-01-08,2291
876,590,2023-09-23,2295
877,390,2024-06-12,2295
878,340,2024-01-07,2295
879,310,2025-01-14,2295
880,29.99,2024-12-24,2296
881,590,2023-09-23,2304
882,390,2024-06-16,2304
883,340,2024-01-11,2304
884,310,2025-01-14,2304
885,,2025-01-08,2307
886,999,2024-10-03,2311
887,410,2024-09-29,2311
888,520,2024-09-27,2317
889,999,2024-12-07,2318
890,590,2024-09-29,2325
891,,2025-01-08,2328
892,410,2023-09-25,2332
893,340,2024-06-07,2332
894,390,2024-01-07,2332
895,390,2025-01-15,2332
896,999,2024-10-25,2334
897,999,2024-12-07,2337
898,450,2023-09-26,2339
899,390,2024-06-13,2339
900,360,2024-01-17,2339
901,360,2025-01-16,2339
902,149,2024-12-25,2341
903,410,2024-09-21,2345
904,450,2023-09-29,2350
905,390,2024-06-15,2350
906,360,2024-01-10,2350
907,,2025-01-08,2350
908,410,2023-09-25,2355
909,410,2024-01-17,2355
910,,2025-01-08,2355
911,340,2024-06-14,2355
912,390,2024-01-06,2355
913,390,2025-01-07,2355
914,,2025-01-08,2357
915,,2025-01-08,2357
916,520,2024-09-21,2357
917,999,2024-10-01,2358
918,590,2024-09-25,2359
919,999,2024-12-03,2374
920,999,2024-11-09,2375
921,999,2024-11-10,2377
922,,2025-01-08,2378
923,410,2024-09-25,2379
924,,2025-01-08,2382
925,590,2023-09-24,2390
926,390,2024-06-10,2390
927,340,2024-01-16,2390
928,310,2025-01-15,2390
929,520,2024-09-21,2393
930,29.99,2024-12-11,2394
931,520,2023-09-23,2396
932,400,2024-06-12,2396
933,420,2024-01-15,2396
934,430,2025-01-18,2396
935,29.99,2024-12-30,2399
936,450,2024-09-30,2401
937,29.99,2025-01-06,2404
938,590,2023-09-25,2405
939,420,2024-06-06,2405
940,410,2024-01-07,2405
941,320,2025-01-06,2405
942,520,2023-09-23,2407
943,400,2024-06-06,2407
944,420,2024-01-14,2407
945,430,2025-01-11,2407
946,,2025-01-08,2410
947,29.99,2024-12-28,2413
948,410,2023-09-21,2415
949,340,2024-06-17,2415
950,390,2024-01-13,2415
951,390,2025-01-09,2415
952,149,2024-12-30,2426
953,999,2024-11-06,2426
954,,2025-01-08,2427
955,999,2024-10-06,2428
956,,2025-01-08,2435
957,29.99,2024-12-30,2438
958,999,2024-12-07,2438
959,520,2023-09-27,2439
960,400,2024-06-14,2439
961,420,2024-01-08,2439
962,430,2025-01-07,2439
963,,2025-01-08,2445
964,999,2024-10-03,2447
965,,2025-01-08,2448
966,590,2024-09-26,2451
967,390,2024-01-18,2451
968,390,2025-01-11,2451
969,,2025-01-08,2452
970,,2025-01-08,2453
971,590,2023-09-22,2453
972,390,2024-06-17,2453
973,340,2024-01-12,2453
974,310,2025-01-12,2453
975,580,2023-09-23,2454
976,420,2024-06-07,2454
977,410,2024-01-07,2454
978,320,2025-01-11,2454
979,520,2024-09-27,2454
980,420,2024-06-12,2454
981,410,2024-01-11,2454
982,,2025-01-08,2454
983,99,2025-01-04,2458
984,29.99,2024-12-22,2458
985,,2025-01-08,2459
986,550,2023-09-27,2463
987,390,2024-06-07,2463
988,360,2024-01-10,2463
989,360,2025-01-18,2463
990,400,2024-06-17,2463
991,420,2024-01-12,2463
992,430,2025-01-11,2463
993,510,2024-09-23,2463
994,390,2024-06-07,2463
995,360,2024-01-13,2463
996,,2025-01-08,2463
997,400,2024-06-14,2463
998,420,2024-01-16,2463
999,430,2025-01-17,2463
1000,520,2023-09-26,2463
1001,390,2024-06-12,2463
1002,360,2024-01-07,2463
1003,360,2025-01-16,2463
1004,400,2024-06-17,2463
1005,420,2024-01-13,2463
1006,430,2025-01-09,2463
1007,520,2023-09-29,2465
1008,400,2024-06-18,2465
1009,420,2024-01-11,2465
1010,430,2025-01-07,2465
1011,29.99,2024-12-25,2468
1012,590,2023-09-30,2468
1013,420,2024-06-12,2468
1014,410,2024-01-07,2468
1015,320,2025-01-09,2468
1016,420,2024-01-17,2468
1017,430,2025-01-13,2468
1018,450,2024-09-23,2472
1019,410,2024-09-24,2473
1020,450,2023-09-25,2475
1021,390,2024-06-13,2475
1022,360,2024-01-13,2475
1023,360,2025-01-09,2475
1024,29.99,2024-12-23,2478
1025,590,2023-09-27,2478
1026,390,2024-06-09,2478
1027,340,2024-01-15,2478
1028,310,2025-01-13,2478
1029,29.99,2024-12-28,2479
1030,520,2024-09-21,2482
1031,450,2024-09-22,2488
1032,390,2024-01-11,2488
1033,390,2025-01-06,2488
1034,,2025-01-08,2491
1035,590,2023-09-25,2492
1036,420,2024-06-18,2492
1037,410,2024-01-06,2492
1038,320,2025-01-11,2492
1039,999,2024-11-04,2493
1040,,2025-01-08,2495
1041,999,2024-12-06,2495
1042,520,2024-09-28,2498
1043,999,2024-10-25,2501
1044,410,2024-09-21,2505
1045,420,2024-01-13,2505
1046,430,2025-01-18,2505
1047,590,2023-09-22,2508
1048,420,2024-06-07,2508
1049,410,2024-01-18,2508
1050,320,2025-01-15,2508
1051,29.99,2024-12-18,2511
1052,,2025-01-08,2517
1053,410,2024-09-24,2522
1054,999,2024-10-08,2523
1055,410,2023-09-27,2524
1056,340,2024-06-06,2524
1057,390,2024-01-14,2524
1058,390,2025-01-14,2524
1059,590,2024-09-26,2532
1060,590,2024-09-27,2534
1061,29.99,2024-12-21,2536
1062,410,2023-09-29,2547
1063,340,2024-06-11,2547
1064,390,2024-01-08,2547
1065,390,2025-01-12,2547
1066,4999,2024-11-22,2548
1067,,2025-01-08,2549
1068,590,2023-09-25,2549
1069,420,2024-06-17,2549
1070,410,2024-01-15,2549
1071,320,2025-01-15,2549
1072,999,2024-10-01,2552
1073,520,2024-09-25,2554
1074,999,2024-12-06,2563
1075,450,2023-09-24,2565
1076,390,2024-06-06,2565
1077,360,2024-01-10,2565
1078,360,2025-01-12,2565
1079,590,2024-09-28,2569
1080,420,2024-01-13,2569
1081,430,2025-01-12,2569
1082,999,2024-11-07,2576
1083,590,2023-09-25,2579
1084,390,2024-06-11,2579
1085,340,2024-01-11,2579
1086,310,2025-01-16,2579
1087,,2025-01-08,2582
1088,590,2024-09-21,2583
1089,29.99,2024-12-03,2586
1090,999,2024-10-05,2594
1091,450,2023-09-22,2602
1092,390,2024-06-18,2602
1093,360,2024-01-07,2602
1094,360,2025-01-10,2602
1095,,2025-01-08,2610
1096,520,2023-09-25,2613
1097,400,2024-06-11,2613
1098,420,2024-01-11,2613
1099,430,2025-01-17,2613
1100,590,2024-09-25,2614
1101,410,2023-09-26,2617
1102,340,2024-06-11,2617
1103,390,2024-01-15,2617
1104,390,2025-01-10,2617
1105,450,2023-09-24,2621
1106,390,2024-06-17,2621
1107,360,2024-01-16,2621
1108,360,2025-01-16,2621
1109,29.99,2024-12-31,2625
1110,,2025-01-08,2629
1111,520,2024-09-27,2633
1112,99,2025-01-06,2634
1113,,2025-01-08,2634
1114,520,2023-09-28,2634
1115,400,2024-06-16,2634
1116,420,2024-01-08,2634
1117,,2025-01-08,2634
1118,999,2024-11-08,2637
1119,520,2024-09-30,2637
1120,520,2023-09-28,2641
1121,400,2024-06-09,2641
1122,420,2024-01-17,2641
1123,430,2025-01-17,2641
1124,,2025-01-08,2642
1125,450,2023-09-22,2642
1126,390,2024-06-15,2642
1127,360,2024-01-06,2642
1128,360,2025-01-10,2642
1129,520,2024-09-28,2643
1130,,2025-01-08,2645
1131,999,2024-11-03,2649
1132,,2025-01-08,2652
1133,410,2023-09-22,2655
1134,340,2024-06-13,2655
1135,390,2024-01-18,2655
1136,390,2025-01-18,2655
1137,590,2023-09-30,2658
1138,390,2024-06-10,2658
1139,340,2024-01-07,2658
1140,310,2025-01-12,2658
1141,590,2023-09-21,2660
1142,390,2024-06-06,2660
1143,340,2024-01-06,2660
1144,310,2025-01-10,2660
1145,450,2023-09-24,2661
1146,390,2024-06-17,2661
1147,360,2024-01-18,2661
1148,360,2025-01-18,2661
1149,999,2024-12-01,2663
1150,29.99,2025-01-04,2665
1151,590,2023-09-26,2666
1152,390,2024-06-06,2666
1153,340,2024-01-08,2666
1154,310,2025-01-18,2666
1155,420,2024-01-06,2666
1156,430,2025-01-14,2666
1157,99,2025-01-05,2667
1158,999,2024-11-03,2667
1159,999,2024-12-01,2670
1160,,2025-01-08,2672
1161,520,2024-09-23,2675
1162,590,2023-09-30,2676
1163,390,2024-06-18,2676
1164,340,2024-01-12,2676
1165,310,2025-01-16,2676
1166,29.99,2025-01-07,2677
1167,4999,2024-11-24,2677
1168,520,2024-09-28,2685
1169,590,2023-09-25,2687
1170,420,2024-06-12,2687
1171,410,2024-01-06,2687
1172,320,2025-01-12,2687
1173,520,2024-09-23,2688
1174,29.99,2025-01-03,2690
1175,590,2024-09-29,2693
1176,999,2024-12-07,2695
1177,29.99,2025-01-05,2696
1178,,2025-01-08,2696
1179,,2025-01-08,2700
1180,590,2023-09-27,2704
1181,420,2024-06-08,2704
1182,410,2024-01-14,2704
1183,,2025-01-08,2704
1184,,2025-01-08,2708
1185,29.99,2025-01-01,2708
1186,999,2024-12-06,2711
1187,29.99,2024-12-22,2713
1188,410,2023-09-29,2718
1189,360,2024-01-06,2718
1190,360,2025-01-10,2718
1191,340,2024-06-13,2718
1192,390,2024-01-17,2718
1193,390,2025-01-14,2718
1194,29.99,2024-12-25,2719
1195,590,2023-09-26,2719
1196,390,2024-06-14,2719
1197,340,2024-01-08,2719
1198,310,2025-01-15,2719
1199,410,2024-09-22,2724
1200,,2025-01-08,2727
1201,999,2024-12-03,2728
1202,450,2023-09-24,2728
1203,390,2024-06-10,2728
1204,360,2024-01-06,2728
1205,360,2025-01-14,2728
1206,340,2024-06-06,2728
1207,390,2024-01-10,2728
1208,390,2025-01-17,2728
1209,410,2023-09-28,2728
1210,390,2024-06-13,2728
1211,360,2024-01-16,2728
1212,360,2025-01-17,2728
1213,340,2024-06-10,2728
1214,390,2024-01-11,2728
1215,390,2025-01-13,2728
1216,450,2023-09-26,2730
1217,390,2024-06-13,2730
1218,360,2024-01-08,2730
1219,360,2025-01-14,2730
1220,149,2025-01-05,2733
1221,580,2024-09-21,2738
1222,400,2024-06-13,2738
1223,420,2024-01-17,2738
1224,430,2025-01-07,2738
1225,520,2023-09-23,2738
1226,400,2024-06-07,2738
1227,420,2024-01-17,2738
1228,430,2025-01-10,2738
1229,,2025-01-08,2739
1230,410,2024-09-24,2739
1231,,2025-01-08,2748
1232,590,2024-09-30,2749
1233,,2025-01-08,2751
1234,450,2024-09-22,2773
1235,29.99,2025-01-01,2776
1236,580,2023-09-24,2778
1237,420,2024-06-10,2778
1238,410,2024-01-13,2778
1239,,2025-01-08,2778
1240,520,2024-09-28,2778
1241,420,2024-06-15,2778
1242,410,2024-01-14,2778
1243,320,2025-01-09,2778
1244,29.99,2024-12-31,2782
1245,29.99,2025-01-07,2783
1246,,2025-01-08,2785
1247,29.99,2024-12-13,2785
1248,999,2024-11-05,2789
1249,29.99,2024-12-23,2795
1250,520,2024-09-28,2798
1251,590,2024-09-25,2801
1252,590,2024-09-28,2803
1253,590,2024-09-25,2808
1254,999,2024-10-05,2811
1255,,2025-01-08,2812
1256,,2025-01-08,2817
1257,999,2024-10-25,2823
1258,520,2023-09-26,2825
1259,400,2024-06-08,2825
1260,420,2024-01-18,2825
1261,430,2025-01-15,2825
1262,590,2023-09-22,2830
1263,420,2024-06-16,2830
1264,410,2024-01-06,2830
1265,320,2025-01-14,2830
1266,590,2024-09-24,2834
1267,520,2024-09-28,2836
1268,590,2024-09-30,2837
1269,,2025-01-08,2841
1270,,2025-01-08,2842
1271,410,2024-09-26,2842
1272,,2025-01-08,2843
1273,,2025-01-08,2844
1274,590,2024-09-26,2849
1275,450,2023-09-25,2850
1276,390,2024-06-06,2850
1277,360,2024-01-11,2850
1278,,2025-01-08,2850
1279,590,2023-09-28,2853
1280,390,2024-06-06,2853
1281,340,2024-01-10,2853
1282,310,2025-01-15,2853
1283,520,2024-09-29,2853
1284,390,2024-06-14,2853
1285,340,2024-01-11,2853
1286,310,2025-01-07,2853
1287,999,2024-11-11,2859
1288,99,2025-01-05,2861
1289,999,2024-12-07,2866
1290,29.99,2025-01-06,2867
1291,410,2024-09-21,2873
1292,590,2024-09-24,2878
1293,99,2025-01-02,2879
1294,520,2023-09-30,2885
1295,400,2024-06-16,2885
1296,420,2024-01-07,2885
1297,430,2025-01-16,2885
1298,4999,2024-11-19,2886
1299,410,2024-09-25,2889
1300,520,2023-09-28,2896
1301,390,2024-01-10,2896
1302,390,2025-01-09,2896
1303,400,2024-06-07,2896
1304,420,2024-01-12,2896
1305,430,2025-01-16,2896
1306,29.99,2024-12-27,2898
1307,590,2024-09-29,2898
1308,999,2024-10-23,2901
1309,590,2024-09-21,2906
1310,590,2023-09-22,2907
1311,390,2024-06-12,2907
1312,340,2024-01-15,2907
1313,310,2025-01-10,2907
1314,450,2023-09-21,2910
1315,390,2024-06-17,2910
1316,360,2024-01-09,2910
1317,360,2025-01-06,2910
1318,4999,2024-11-25,2919
1319,999,2024-10-26,2921
1320,520,2024-09-29,2921
1321,999,2024-12-07,2924
1322,999,2024-11-07,2926
1323,999,2024-11-02,2929
1324,999,2024-11-30,2929
1325,590,2023-09-27,2934
1326,420,2024-06-11,2934
1327,410,2024-01-15,2934
1328,320,2025-01-17,2934
1329,,2025-01-08,2935
1330,99,2025-01-03,2940
1331,590,2024-09-30,2947
1332,,2025-01-08,2953
1333,,2025-01-08,2954
1334,480,2024-09-27,2955
1335,410,2024-09-21,2955
1336,,2025-01-08,2956
1337,999,2024-12-03,2957
1338,,2025-01-08,2958
1339,590,2023-09-24,2958
1340,390,2024-06-16,2958
1341,340,2024-01-15,2958
1342,310,2025-01-14,2958
1343,590,2024-09-24,2961
1344,29.99,2024-12-24,2964
1345,600,2024-09-24,2964
1346,420,2024-06-11,2964
1347,410,2024-01-13,2964
1348,320,2025-01-13,2964
1349,590,2023-09-27,2964
1350,420,2024-06-16,2964
1351,410,2024-01-17,2964
1352,,2025-01-08,2964
1353,999,2024-10-19,2965
1354,520,2024-09-25,2965
1355,450,2024-09-23,2970
1356,450,2024-09-28,2985
1357,29.99,2024-12-12,2990
1358,,2025-01-08,2997
1359,999,2024-12-02,3000
1360,999,2024-11-04,3003
1361,29.99,2025-01-07,3012
1362,520,2024-09-25,3014
1363,999,2024-10-20,3019
1364,450,2024-09-24,3026
1365,410,2024-01-06,3026
1366,320,2025-01-10,3026
1367,,2025-01-08,3029
1368,520,2023-09-24,3032
1369,400,2024-06-16,3032
1370,420,2024-01-15,3032
1371,430,2025-01-06,3032
1372,29.99,2024-12-27,3034
1373,410,2023-09-22,3042
1374,340,2024-06-17,3042
1375,390,2024-01-18,3042
1376,390,2025-01-07,3042
1377,999,2024-10-04,3043
1378,,2025-01-08,3049
1379,520,2023-09-28,3059
1380,400,2024-06-11,3059
1381,420,2024-01-09,3059
1382,430,2025-01-18,3059
1383,410,2024-09-25,3060
1384,999,2024-10-07,3063
1385,450,2024-09-27,3063
1386,999,2024-11-09,3068
1387,520,2024-09-29,3068
1388,999,2024-11-30,3071
1389,999,2024-12-06,3075
1390,590,2023-09-22,3075
1391,420,2024-06-17,3075
1392,410,2024-01-17,3075
1393,320,2025-01-18,3075
1394,520,2023-09-29,3076
1395,400,2024-06-14,3076
1396,420,2024-01-18,3076
1397,430,2025-01-14,3076
1398,,2025-01-08,3079
1399,999,2024-10-06,3080
1400,520,2024-09-26,3080
1401,390,2024-01-08,3080
1402,390,2025-01-09,3080
1403,,2025-01-08,3082
1404,999,2024-12-07,3085
1405,410,2023-09-24,3087
1406,340,2024-06-14,3087
1407,390,2024-01-09,3087
1408,390,2025-01-13,3087
1409,999,2024-11-11,3092
1410,999,2024-10-01,3096
1411,29.99,2025-01-06,3100
1412,510,2024-09-23,3100
1413,520,2024-09-21,3100
1414,590,2024-09-30,3102
1415,999,2024-12-09,3104
1416,4999,2024-11-21,3110
1417,520,2023-09-27,3112
1418,400,2024-06-08,3112
1419,420,2024-01-10,3112
1420,430,2025-01-09,3112
1421,999,2024-11-04,3126
1422,450,2024-09-25,3127
1423,590,2023-09-25,3129
1424,390,2024-06-06,3129
1425,340,2024-01-15,3129
1426,,2025-01-08,3129
1427,29.99,2025-01-04,3131
1428,590,2024-09-23,3131
1429,590,2023-09-29,3139
1430,420,2024-06-18,3139
1431,410,2024-01-15,3139
1432,320,2025-01-10,3139
1433,29.99,2025-01-04,3142
1434,520,2023-09-24,3142
1435,400,2024-06-13,3142
1436,420,2024-01-08,3142
1437,430,2025-01-07,3142
1438,590,2023-09-23,3145
1439,420,2024-06-10,3145
1440,410,2024-01-17,3145
1441,,2025-01-08,3145
1442,420,2024-01-09,3145
1443,430,2025-01-18,3145
1444,590,2024-09-24,3149
1445,29.99,2025-01-03,3153
1446,,2025-01-08,3153
1447,450,2023-09-26,3159
1448,390,2024-06-09,3159
1449,360,2024-01-15,3159
1450,360,2025-01-11,3159
1451,590,2023-09-24,3161
1452,420,2024-06-10,3161
1453,410,2024-01-13,3161
1454,320,2025-01-15,3161
1455,580,2023-09-25,3163
1456,420,2024-06-13,3163
1457,410,2024-01-11,3163
1458,320,2025-01-07,3163
1459,520,2024-09-27,3163
1460,420,2024-06-16,3163
1461,410,2024-01-16,3163
1462,320,2025-01-07,3163
1463,520,2024-09-22,3164
1464,580,2023-09-24,3165
1465,420,2024-06-16,3165
1466,410,2024-01-15,3165
1467,320,2025-01-16,3165
1468,400,2024-06-06,3165
1469,420,2024-01-15,3165
1470,430,2025-01-17,3165
1471,520,2023-09-26,3165
1472,420,2024-06-14,3165
1473,410,2024-01-06,3165
1474,320,2025-01-06,3165
1475,400,2024-06-16,3165
1476,420,2024-01-18,3165
1477,430,2025-01-14,3165
1478,590,2024-09-23,3167
1479,360,2024-01-12,3167
1480,360,2025-01-14,3167
1481,520,2024-09-21,3167
1482,360,2024-01-11,3167
1483,360,2025-01-13,3167
1484,590,2024-09-28,3173
1485,,2025-01-08,3179
1486,,2025-01-08,3179
1487,410,2023-09-28,3180
1488,340,2024-06-06,3180
1489,390,2024-01-16,3180
1490,390,2025-01-11,3180
1491,410,2023-09-21,3183
1492,340,2024-06-16,3183
1493,390,2024-01-06,3183
1494,390,2025-01-12,3183
1495,999,2024-09-30,3192
1496,,2025-01-08,3203
1497,410,2024-09-30,3203
1498,420,2024-01-12,3203
1499,,2025-01-08,3203
1500,410,2024-09-30,3206
1501,410,2023-09-24,3216
1502,340,2024-06-13,3216
1503,390,2024-01-13,3216
1504,,2025-01-08,3216
1505,590,2024-09-21,3218
1506,390,2024-01-16,3218
1507,390,2025-01-18,3218
1508,510,2024-09-22,3221
1509,520,2024-09-30,3221
1510,4999,2024-11-25,3223
1511,999,2024-10-25,3225
1512,410,2024-09-24,3225
1513,410,2024-09-22,3228
1514,520,2024-09-24,3229
1515,,2025-01-08,3231
1516,,2025-01-08,3236
1517,590,2024-09-26,3236
1518,590,2024-09-30,3240
1519,,2025-01-08,3242
1520,,2025-01-08,3246
1521,590,2024-09-22,3247
1522,590,2024-09-30,3249
1523,,2025-01-08,3252
1524,29.99,2024-12-31,3254
1525,,2025-01-08,3259
1526,4999,2024-11-26,3259
1527,,2025-01-08,3267
1528,410,2024-09-23,3267
1529,29.99,2024-12-29,3271
1530,590,2023-09-26,3273
1531,420,2024-06-15,3273
1532,410,2024-01-08,3273
1533,320,2025-01-07,3273
1534,4999,2024-11-25,3277
1535,590,2023-09-22,3284
1536,420,2024-06-08,3284
1537,410,2024-01-10,3284
1538,320,2025-01-14,3284
1539,590,2024-09-27,3285
1540,99,2025-01-03,3289
1541,590,2024-09-30,3290
1542,999,2024-10-04,3291
1543,520,2024-09-29,3294
1544,590,2024-09-25,3295
1545,520,2023-09-27,3296
1546,400,2024-06-18,3296
1547,420,2024-01-08,3296
1548,430,2025-01-14,3296
1549,4999,2024-11-19,3297
1550,29.99,2024-12-17,3302
1551,520,2023-09-27,3303
1552,400,2024-06-07,3303
1553,420,2024-01-12,3303
1554,430,2025-01-12,3303
1555,520,2024-09-30,3313
1556,999,2024-10-21,3315
1557,450,2024-09-28,3315
1558,450,2023-09-23,3319
1559,390,2024-06-11,3319
1560,360,2024-01-06,3319
1561,360,2025-01-09,3319
1562,,2025-01-08,3324
1563,99,2025-01-05,3329
1564,999,2024-12-08,3329
1565,,2025-01-08,3330
1566,590,2024-09-27,3332
1567,999,2024-10-24,3333
1568,4999,2024-11-17,3341
1569,590,2023-09-24,3343
1570,420,2024-06-13,3343
1571,410,2024-01-09,3343
1572,320,2025-01-07,3343
1573,410,2023-09-25,3345
1574,340,2024-06-16,3345
1575,390,2024-01-07,3345
1576,390,2025-01-15,3345
1577,99,2024-12-31,3347
1578,999,2024-12-03,3347
1579,410,2023-09-26,3348
1580,360,2024-01-10,3348
1581,360,2025-01-10,3348
1582,340,2024-06-07,3348
1583,390,2024-01-07,3348
1584,390,2025-01-12,3348
1585,,2025-01-08,3349
1586,29.99,2024-12-26,3352
1587,,2025-01-08,3352
1588,520,2023-09-21,3357
1589,400,2024-06-13,3357
1590,420,2024-01-16,3357
1591,430,2025-01-07,3357
1592,149,2025-01-03,3359
1593,4999,2024-11-17,3360
1594,4999,2024-11-23,3361
1595,520,2024-09-30,3366
1596,410,2024-09-30,3367
1597,410,2024-01-07,3367
1598,320,2025-01-18,3367
1599,520,2023-09-28,3371
1600,400,2024-06-18,3371
1601,420,2024-01-12,3371
1602,430,2025-01-09,3371
1603,,2025-01-08,3375
1604,,2025-01-08,3378
1605,,2025-01-08,3379
1606,520,2024-09-23,3379
1607,520,2023-09-29,3385
1608,400,2024-06-14,3385
1609,420,2024-01-13,3385
1610,430,2025-01-17,3385
1611,29.99,2025-01-01,3389
1612,,2025-01-08,3389
1613,,2025-01-08,3393
1614,520,2023-09-28,3395
1615,400,2024-06-16,3395
1616,420,2024-01-10,3395
1617,430,2025-01-09,3395
1618,590,2024-09-27,3401
1619,29.99,2024-12-30,3404
1620,999,2024-11-03,3404
1621,450,2023-09-28,3411
1622,390,2024-06-18,3411
1623,360,2024-01-08,3411
1624,360,2025-01-15,3411
1625,4999,2024-11-21,3413
1626,450,2024-09-21,3413
1627,420,2024-01-11,3413
1628,430,2025-01-15,3413
1629,450,2024-09-23,3415
1630,,2025-01-08,3420
1631,590,2024-09-30,3421
1632,520,2023-09-22,3426
1633,400,2024-06-12,3426
1634,420,2024-01-09,3426
1635,430,2025-01-18,3426
1636,520,2024-09-23,3428
1637,99,2025-01-02,3429
1638,,2025-01-08,3432
1639,410,2024-09-28,3432
1640,,2025-01-08,3442
1641,29.99,2024-12-11,3446
1642,590,2023-09-22,3450
1643,390,2024-06-09,3450
1644,340,2024-01-06,3450
1645,,2025-01-08,3450
1646,600,2023-09-28,3451
1647,390,2024-06-10,3451
1648,340,2024-01-18,3451
1649,310,2025-01-11,3451
1650,590,2024-09-22,3451
1651,390,2024-06-16,3451
1652,340,2024-01-18,3451
1653,310,2025-01-18,3451
1654,410,2023-09-23,3456
1655,340,2024-06-16,3456
1656,390,2024-01-16,3456
1657,390,2025-01-14,3456
1658,410,2024-09-28,3460
1659,520,2024-09-28,3476
1660,,2025-01-08,3477
1661,520,2023-09-21,3481
1662,400,2024-06-10,3481
1663,420,2024-01-17,3481
1664,430,2025-01-15,3481
1665,999,2024-10-07,3483
1666,590,2024-09-24,3493
1667,999,2024-10-21,3495
1668,410,2023-09-22,3495
1669,340,2024-06-13,3495
1670,390,2024-01-13,3495
1671,390,2025-01-11,3495
1672,99,2025-01-04,3496
1673,590,2023-09-21,3500
1674,420,2024-06-18,3500
1675,410,2024-01-12,3500
1676,320,2025-01-18,3500
1677,410,2024-09-29,3505
1678,590,2024-09-21,3509
1679,999,2024-10-02,3513
1680,590,2023-09-23,3515
1681,390,2024-06-07,3515
1682,340,2024-01-08,3515
1683,310,2025-01-14,3515
1684,,2025-01-08,3525
1685,,2025-01-08,3531
1686,590,2024-09-24,3536
1687,410,2024-09-24,3545
1688,29.99,2024-12-18,3546
1689,590,2023-09-27,3546
1690,420,2024-06-07,3546
1691,410,2024-01-10,3546
1692,,2025-01-08,3546
1693,590,2023-09-28,3548
1694,420,2024-06-13,3548
1695,410,2024-01-16,3548
1696,320,2025-01-09,3548
1697,520,2023-09-21,3549
1698,400,2024-06-17,3549
1699,420,2024-01-13,3549
1700,430,2025-01-06,3549
1701,999,2024-12-02,3550
1702,410,2024-09-26,3550
1703,999,2024-11-07,3555
1704,99,2025-01-05,3565
1705,450,2024-09-25,3565
1706,590,2023-09-24,3566
1707,420,2024-06-07,3566
1708,410,2024-01-14,3566
1709,320,2025-01-15,3566
1710,,2025-01-08,3567
1711,520,2024-09-22,3568
1712,29.99,2024-12-28,3569
1713,590,2023-09-26,3574
1714,390,2024-06-10,3574
1715,340,2024-01-16,3574
1716,310,2025-01-13,3574
1717,520,2023-09-21,3583
1718,400,2024-06-13,3583
1719,420,2024-01-14,3583
1720,430,2025-01-11,3583
1721,,2025-01-08,3588
1722,600,2024-09-27,3598
1723,420,2024-06-13,3598
1724,410,2024-01-12,3598
1725,320,2025-01-15,3598
1726,590,2023-09-24,3598
1727,420,2024-06-13,3598
1728,410,2024-01-07,3598
1729,320,2025-01-12,3598
1730,999,2024-12-04,3604
1731,410,2024-09-21,3607
1732,520,2023-09-21,3610
1733,400,2024-06-08,3610
1734,420,2024-01-10,3610
1735,430,2025-01-10,3610
1736,,2025-01-08,3612
1737,4999,2024-11-20,3619
1738,999,2024-11-08,3624
1739,,2025-01-08,3627
1740,,2025-01-08,3627
1741,99,2025-01-05,3630
1742,590,2023-09-23,3631
1743,420,2024-06-11,3631
1744,410,2024-01-08,3631
1745,320,2025-01-06,3631
1746,590,2023-09-27,3637
1747,420,2024-06-07,3637
1748,410,2024-01-09,3637
1749,320,2025-01-14,3637
1750,490,2024-09-24,3638
1751,390,2024-06-16,3638
1752,360,2024-01-10,3638
1753,360,2025-01-16,3638
1754,450,2023-09-25,3638
1755,390,2024-06-13,3638
1756,360,2024-01-12,3638
1757,360,2025-01-14,3638
1758,590,2024-09-30,3640
1759,450,2024-09-22,3644
1760,590,2023-09-27,3646
1761,420,2024-06-14,3646
1762,410,2024-01-12,3646
1763,320,2025-01-11,3646
1764,999,2024-12-07,3647
1765,590,2024-09-23,3651
1766,999,2024-11-02,3657
1767,590,2024-09-30,3659
1768,4999,2024-11-19,3665
1769,590,2024-09-24,3665
1770,999,2024-10-08,3669
1771,,2025-01-08,3670
1772,520,2024-09-24,3671
1773,590,2024-09-23,3677
1774,590,2023-09-28,3678
1775,390,2024-06-10,3678
1776,340,2024-01-08,3678
1777,310,2025-01-11,3678
1778,520,2024-09-23,3687
1779,410,2024-09-21,3696
1780,,2025-01-08,3698
1781,999,2024-11-08,3702
1782,99,2024-12-29,3707
1783,590,2024-09-30,3717
1784,,2025-01-08,3718
1785,4999,2024-11-17,3721
1786,520,2024-09-29,3725
1787,590,2023-09-25,3727
1788,420,2024-06-12,3727
1789,410,2024-01-17,3727
1790,320,2025-01-13,3727
1791,,2025-01-08,3730
1792,450,2024-09-23,3736
1793,590,2023-09-27,3745
1794,420,2024-06-17,3745
1795,410,2024-01-07,3745
1796,320,2025-01-12,3745
1797,,2025-01-08,3759
1798,590,2024-09-23,3764
1799,,2025-01-08,3767
1800,590,2023-09-28,3770
1801,420,2024-06-17,3770
1802,410,2024-01-13,3770
1803,320,2025-01-09,3770
1804,999,2024-12-01,3777
1805,520,2024-09-24,3781
1806,999,2024-12-03,3782
1807,590,2024-09-24,3786
1808,999,2024-10-02,3794
1809,590,2023-09-26,3794
1810,390,2024-06-14,3794
1811,340,2024-01-15,3794
1812,310,2025-01-18,3794
1813,590,2023-09-24,3797
1814,390,2024-06-07,3797
1815,340,2024-01-12,3797
1816,310,2025-01-10,3797
1817,4999,2024-11-24,3800
1818,410,2024-09-24,3800
1819,590,2023-09-23,3803
1820,390,2024-06-06,3803
1821,340,2024-01-15,3803
1822,310,2025-01-17,3803
1823,590,2024-09-29,3805
1824,29.99,2025-01-05,3807
1825,480,2024-09-21,3809
1826,410,2024-09-29,3809
1827,520,2024-09-22,3810
1828,29.99,2024-12-18,3814
1829,149,2025-01-04,3815
1830,999,2024-10-19,3816
1831,580,2023-09-30,3816
1832,420,2024-06-10,3816
1833,410,2024-01-13,3816
1834,320,2025-01-10,3816
1835,400,2024-06-15,3816
1836,420,2024-01-06,3816
1837,430,2025-01-15,3816
1838,520,2023-09-28,3816
1839,420,2024-06-07,3816
1840,410,2024-01-11,3816
1841,320,2025-01-18,3816
1842,400,2024-06-14,3816
1843,420,2024-01-08,3816
1844,430,2025-01-11,3816
1845,410,2023-09-23,3818
1846,340,2024-06-07,3818
1847,390,2024-01-12,3818
1848,390,2025-01-11,3818
1849,999,2024-12-08,3823
1850,,2025-01-08,3825
1851,450,2023-09-25,3826
1852,390,2024-06-13,3826
1853,360,2024-01-08,3826
1854,360,2025-01-14,3826
1855,410,2024-09-23,3826
1856,390,2024-06-06,3826
1857,360,2024-01-16,3826
1858,360,2025-01-11,3826
1859,,2025-01-08,3830
1860,999,2024-10-19,3832
1861,410,2023-09-23,3835
1862,340,2024-06-18,3835
1863,390,2024-01-12,3835
1864,390,2025-01-11,3835
1865,29.99,2024-12-29,3843
1866,590,2024-09-28,3847
1867,520,2024-09-29,3851
1868,999,2024-10-06,3855
1869,410,2024-09-29,3861
1870,29.99,2024-12-29,3862
1871,,2025-01-08,3866
1872,590,2023-09-28,3866
1873,420,2024-06-16,3866
1874,410,2024-01-16,3866
1875,320,2025-01-10,3866
1876,999,2024-11-30,3868
1877,410,2024-09-22,3869
1878,999,2024-10-06,3878
1879,29.99,2025-01-02,3879
1880,520,2024-09-22,3882
1881,99,2024-12-29,3883
1882,,2025-01-08,3883
1883,29.99,2025-01-01,3888
1884,410,2023-09-22,3903
1885,340,2024-06-18,3903
1886,390,2024-01-09,3903
1887,390,2025-01-17,3903
1888,999,2024-11-02,3909
1889,29.99,2024-12-31,3912
1890,99,2025-01-05,3913
1891,590,2024-09-26,3918
1892,450,2023-09-27,3928
1893,390,2024-06-09,3928
1894,360,2024-01-17,3928
1895,360,2025-01-14,3928
1896,29.99,2024-12-17,3929
1897,520,2023-09-22,3930
1898,400,2024-06-06,3930
1899,420,2024-01-18,3930
1900,430,2025-01-17,3930
1901,999,2024-10-04,3942
1902,,2025-01-08,3943
1903,,2025-01-08,3944
1904,999,2024-10-04,3947
1905,4999,2024-11-17,3951
1906,600,2024-09-22,3954
1907,590,2024-09-30,3954
1908,999,2024-10-18,3955
1909,590,2023-09-27,3960
1910,420,2024-06-18,3960
1911,410,2024-01-18,3960
1912,320,2025-01-11,3960
1913,,2025-01-08,3962
1914,590,2024-09-22,3964
1915,149,2025-01-04,3966
1916,590,2023-09-22,3966
1917,420,2024-06-17,3966
1918,410,2024-01-08,3966
1919,320,2025-01-12,3966
1920,600,2023-09-28,3967
1921,390,2024-06-12,3967
1922,340,2024-01-15,3967
1923,310,2025-01-09,3967
1924,590,2024-09-21,3967
1925,390,2024-06-08,3967
1926,340,2024-01-10,3967
1927,310,2025-01-14,3967
1928,999,2024-12-04,3969
1929,590,2024-09-28,3970
1930,99,2025-01-05,3971
1931,410,2023-09-26,3975
1932,340,2024-06-16,3975
1933,390,2024-01-09,3975
1934,390,2025-01-07,3975
1935,149,2025-01-01,3977
1936,99,2025-01-06,3979
1937,590,2023-09-29,3979
1938,420,2024-06-12,3979
1939,410,2024-01-18,3979
1940,320,2025-01-07,3979
1941,999,2024-11-03,3981
1942,450,2024-09-21,3985
1943,99,2025-01-06,3990
1944,29.99,2024-12-20,3991
1945,999,2024-12-06,3994
1946,590,2024-09-30,3998
1947,410,2024-01-07,3998
1948,320,2025-01-18,3998
1949,590,2023-09-22,3999
1950,390,2024-06-12,3999
1951,340,2024-01-07,3999
1952,310,2025-01-14,3999
1953,999,2024-10-26,4007
1954,4999,2024-11-18,4014
1955,520,2024-09-26,4016
1956,450,2024-09-26,4017
1957,590,2024-09-25,4022
1958,450,2024-09-29,4023
1959,,2025-01-08,4026
1960,999,2024-12-02,4032
1961,450,2023-09-24,4037
1962,390,2024-06-09,4037
1963,360,2024-01-11,4037
1964,360,2025-01-12,4037
1965,4999,2024-11-24,4050
1966,999,2024-10-03,4057
1967,4999,2024-11-26,4057
1968,490,2023-09-23,4059
1969,390,2024-06-18,4059
1970,340,2024-01-11,4059
1971,310,2025-01-15,4059
1972,410,2024-09-25,4059
1973,390,2024-06-17,4059
1974,340,2024-01-06,4059
1975,310,2025-01-16,4059
1976,,2025-01-08,4061
1977,999,2024-11-06,4062
1978,,2025-01-08,4069
1979,590,2024-09-22,4078
1980,450,2024-09-29,4079
1981,590,2024-09-23,4083
1982,999,2024-10-03,4087
1983,410,2024-09-29,4089
1984,,2025-01-08,4090
1985,999,2024-10-23,4091
1986,,2025-01-08,4092
1987,590,2024-09-23,4097
1988,450,2024-09-23,4099
1989,,2025-01-08,4104
1990,520,2024-09-24,4104
1991,29.99,2025-01-06,4105
1992,,2025-01-08,4107
1993,590,2024-09-28,4108
1994,520,2023-09-21,4118
1995,400,2024-06-17,4118
1996,420,2024-01-06,4118
1997,430,2025-01-17,4118
1998,590,2024-09-27,4119
1999,4999,2024-11-25,4122
2000,,2025-01-08,4124
2001,99,2024-12-30,4131
2002,450,2024-09-30,4140
2003,,2025-01-08,4141
2004,999,2024-11-05,4141
2005,590,2023-09-24,4141
2006,420,2024-06-16,4141
2007,410,2024-01-10,4141
2008,320,2025-01-10,4141
2009,999,2024-12-06,4142
2010,999,2024-12-01,4144
2011,149,2025-01-07,4149
2012,999,2024-12-04,4150
2013,520,2023-09-28,4150
2014,400,2024-06-14,4150
2015,420,2024-01-13,4150
2016,430,2025-01-13,4150
2017,999,2024-10-25,4158
2018,410,2023-09-22,4158
2019,340,2024-06-10,4158
2020,390,2024-01-12,4158
2021,390,2025-01-14,4158
2022,4999,2024-11-23,4159
2023,29.99,2025-01-05,4163
2024,99,2025-01-05,4165
2025,590,2024-09-21,4166
2026,590,2024-09-25,4172
2027,450,2023-09-21,4174
2028,390,2024-06-17,4174
2029,360,2024-01-08,4174
2030,360,2025-01-10,4174
2031,,2025-01-08,4176
2032,520,2024-09-21,4182
2033,999,2024-12-05,4187
2034,4999,2024-11-21,4192
2035,590,2023-09-27,4196
2036,420,2024-06-09,4196
2037,410,2024-01-10,4196
2038,320,2025-01-12,4196
2039,,2025-01-08,4197
2040,510,2023-09-30,4197
2041,340,2024-06-10,4197
2042,390,2024-01-14,4197
2043,390,2025-01-18,4197
2044,520,2024-09-24,4197
2045,340,2024-06-08,4197
2046,390,2024-01-14,4197
2047,390,2025-01-09,4197
2048,450,2024-09-30,4198
2049,410,2023-09-25,4203
2050,340,2024-06-09,4203
2051,390,2024-01-14,4203
2052,390,2025-01-17,4203
2053,,2025-01-08,4204
2054,590,2024-09-22,4212
2055,590,2024-09-27,4215
2056,999,2024-10-22,4216
2057,99,2025-01-05,4222
2058,590,2023-09-30,4222
2059,420,2024-06-16,4222
2060,410,2024-01-07,4222
2061,320,2025-01-07,4222
2062,410,2023-09-30,4223
2063,340,2024-06-18,4223
2064,390,2024-01-09,4223
2065,390,2025-01-17,4223
2066,410,2023-09-29,4227
2067,340,2024-06-14,4227
2068,390,2024-01-15,4227
2069,390,2025-01-17,4227
2070,29.99,2024-12-22,4228
2071,,2025-01-08,4233
2072,,2025-01-08,4238
2073,520,2023-09-30,4238
2074,400,2024-06-16,4238
2075,420,2024-01-18,4238
2076,430,2025-01-06,4238
2077,99,2025-01-07,4239
2078,590,2023-09-25,4239
2079,390,2024-06-14,4239
2080,340,2024-01-16,4239
2081,,2025-01-08,4239
2082,590,2024-09-24,4241
2083,999,2024-11-10,4242
2084,450,2024-09-24,4242
2085,,2025-01-08,4243
2086,4999,2024-11-20,4245
2087,590,2024-09-21,4247
2088,29.99,2024-12-21,4251
2089,590,2024-09-29,4251
2090,999,2024-10-04,4258
2091,450,2023-09-27,4262
2092,390,2024-06-17,4262
2093,360,2024-01-18,4262
2094,360,2025-01-14,4262
2095,590,2024-09-25,4265
2096,999,2024-10-21,4266
2097,590,2024-09-22,4269
2098,999,2024-12-02,4270
2099,560,2024-09-23,4271
2100,590,2024-09-25,4271
2101,,2025-01-08,4281
2102,590,2023-09-25,4282
2103,390,2024-06-18,4282
2104,340,2024-01-07,4282
2105,310,2025-01-06,4282
2106,590,2024-09-26,4283
2107,999,2024-10-21,4284
2108,410,2023-09-25,4286
2109,340,2024-06-18,4286
2110,390,2024-01-07,4286
2111,390,2025-01-14,4286
2112,520,2023-09-26,4287
2113,400,2024-06-09,4287
2114,420,2024-01-13,4287
2115,430,2025-01-15,4287
2116,510,2023-09-21,4289
2117,340,2024-06-17,4289
2118,390,2024-01-11,4289
2119,390,2025-01-18,4289
2120,400,2024-06-11,4289
2121,420,2024-01-14,4289
2122,430,2025-01-11,4289
2123,520,2023-09-22,4289
2124,340,2024-06-17,4289
2125,390,2024-01-14,4289
2126,390,2025-01-16,4289
2127,400,2024-06-08,4289
2128,420,2024-01-12,4289
2129,430,2025-01-10,4289
2130,450,2024-09-27,4292
2131,590,2024-09-28,4293
2132,520,2023-09-21,4294
2133,400,2024-06-07,4294
2134,420,2024-01-08,4294
2135,430,2025-01-06,4294
2136,590,2023-09-26,4298
2137,390,2024-06-17,4298
2138,340,2024-01-13,4298
2139,310,2025-01-15,4298
2140,590,2023-09-26,4301
2141,390,2024-06-14,4301
2142,340,2024-01-17,4301
2143,310,2025-01-18,4301
2144,520,2023-09-24,4311
2145,400,2024-06-09,4311
2146,420,2024-01-13,4311
2147,430,2025-01-12,4311
2148,,2025-01-08,4312
2149,,2025-01-08,4323
2150,520,2023-09-22,4325
2151,400,2024-06-17,4325
2152,420,2024-01-17,4325
2153,,2025-01-08,4325
2154,590,2024-09-23,4328
2155,520,2024-09-24,4335
2156,29.99,2025-01-05,4337
2157,999,2024-11-10,4341
2158,590,2023-09-24,4345
2159,390,2024-06-16,4345
2160,340,2024-01-14,4345
2161,310,2025-01-09,4345
2162,400,2024-06-18,4345
2163,420,2024-01-16,4345
2164,430,2025-01-16,4345
2165,520,2023-09-25,4345
2166,390,2024-06-13,4345
2167,340,2024-01-06,4345
2168,310,2025-01-17,4345
2169,400,2024-06-11,4345
2170,420,2024-01-14,4345
2171,430,2025-01-11,4345
2172,999,2024-12-04,4346
2173,999,2024-10-21,4351
2174,,2025-01-08,4362
2175,410,2023-09-30,4371
2176,340,2024-06-10,4371
2177,390,2024-01-18,4371
2178,390,2025-01-18,4371
2179,4999,2024-11-26,4373
2180,,2025-01-08,4380
2181,999,2024-11-03,4383
2182,520,2023-09-30,4391
2183,400,2024-06-06,4391
2184,420,2024-01-15,4391
2185,430,2025-01-12,4391
2186,,2025-01-08,4394
2187,450,2023-09-23,4394
2188,390,2024-06-12,4394
2189,360,2024-01-06,4394
2190,360,2025-01-11,4394
2191,,2025-01-08,4395
2192,410,2023-09-29,4396
2193,340,2024-06-17,4396
2194,390,2024-01-17,4396
2195,390,2025-01-12,4396
2196,4999,2024-11-26,4398
2197,29.99,2025-01-07,4399
2198,99,2025-01-06,4404
2199,520,2023-09-30,4412
2200,400,2024-06-06,4412
2201,420,2024-01-09,4412
2202,430,2025-01-14,4412
2203,,2025-01-08,4413
2204,,2025-01-08,4416
2205,999,2024-12-07,4419
2206,410,2023-09-25,4425
2207,340,2024-06-07,4425
2208,390,2024-01-16,4425
2209,390,2025-01-18,4425
2210,590,2023-09-21,4428
2211,420,2024-06-16,4428
2212,410,2024-01-10,4428
2213,320,2025-01-07,4428
2214,999,2024-10-23,4430
2215,,2025-01-08,4436
2216,410,2023-09-26,4441
2217,340,2024-06-14,4441
2218,390,2024-01-09,4441
2219,390,2025-01-09,4441
2220,29.99,2025-01-03,4447
2221,29.99,2024-12-16,4451
2222,999,2024-11-07,4456
2223,999,2024-10-19,4456
2224,149,2025-01-05,4457
2225,99,2024-12-28,4459
2226,520,2023-09-22,4463
2227,400,2024-06-13,4463
2228,420,2024-01-13,4463
2229,430,2025-01-16,4463
2230,590,2024-09-30,4465
2231,999,2024-11-10,4468
2232,520,2023-09-22,4469
2233,400,2024-06-10,4469
2234,420,2024-01-11,4469
2235,430,2025-01-15,4469
2236,450,2024-09-23,4470
2237,29.99,2024-12-31,4474
2238,410,2024-09-26,4475
2239,410,2024-09-26,4476
2240,410,2024-01-06,4476
2241,320,2025-01-10,4476
2242,99,2024-12-29,4477
2243,,2025-01-08,4477
2244,520,2024-09-26,4478
2245,520,2023-09-23,4481
2246,400,2024-06-14,4481
2247,420,2024-01-11,4481
2248,430,2025-01-07,4481
2249,29.99,2024-12-30,4482
2250,590,2023-09-28,4484
2251,390,2024-06-15,4484
2252,340,2024-01-06,4484
2253,310,2025-01-13,4484
2254,590,2023-09-28,4488
2255,420,2024-06-17,4488
2256,410,2024-01-16,4488
2257,320,2025-01-07,4488
2258,,2025-01-08,4489
2259,,2025-01-08,4490
2260,29.99,2025-01-01,4493
2261,,2025-01-08,4501
2262,590,2023-09-21,4502
2263,420,2024-06-10,4502
2264,410,2024-01-13,4502
2265,320,2025-01-13,4502
2266,450,2024-09-27,4508
2267,4999,2024-11-18,4510
2268,590,2023-09-30,4512
2269,420,2024-06-11,4512
2270,410,2024-01-13,4512
2271,320,2025-01-18,4512
2272,520,2023-09-27,4515
2273,400,2024-06-10,4515
2274,420,2024-01-14,4515
2275,430,2025-01-14,4515
2276,,2025-01-08,4519
2277,,2025-01-08,4523
2278,999,2024-11-30,4524
2279,600,2023-09-26,4527
2280,390,2024-06-08,4527
2281,340,2024-01-10,4527
2282,310,2025-01-18,4527
2283,420,2024-06-16,4527
2284,410,2024-01-13,4527
2285,320,2025-01-09,4527
2286,590,2023-09-23,4527
2287,390,2024-06-15,4527
2288,340,2024-01-12,4527
2289,310,2025-01-15,4527
2290,420,2024-06-09,4527
2291,410,2024-01-18,4527
2292,320,2025-01-14,4527
2293,520,2023-09-21,4529
2294,340,2024-01-15,4529
2295,310,2025-01-15,4529
2296,400,2024-06-09,4529
2297,420,2024-01-08,4529
2298,430,2025-01-15,4529
2299,999,2024-10-26,4531
2300,520,2023-09-29,4533
2301,400,2024-06-17,4533
2302,420,2024-01-09,4533
2303,430,2025-01-06,4533
2304,520,2024-09-22,4538
2305,590,2023-09-21,4540
2306,420,2024-06-14,4540
2307,410,2024-01-15,4540
2308,320,2025-01-12,4540
2309,,2025-01-08,4541
2310,410,2023-09-23,4543
2311,340,2024-06-11,4543
2312,390,2024-01-14,4543
2313,390,2025-01-14,4543
2314,590,2023-09-23,4544
2315,420,2024-06-08,4544
2316,410,2024-01-09,4544
2317,320,2025-01-10,4544
2318,520,2024-09-24,4553
2319,520,2024-09-27,4556
2320,29.99,2024-12-23,4561
2321,580,2023-09-30,4562
2322,420,2024-06-12,4562
2323,410,2024-01-17,4562
2324,320,2025-01-14,4562
2325,520,2024-09-29,4562
2326,420,2024-06-11,4562
2327,410,2024-01-13,4562
2328,320,2025-01-09,4562
2329,149,2025-01-05,4571
2330,590,2024-09-21,4573
2331,410,2024-09-26,4581
2332,590,2024-09-24,4584
2333,410,2024-09-23,4585
2334,590,2024-09-29,4592
2335,360,2024-01-17,4592
2336,360,2025-01-10,4592
2337,410,2023-09-28,4596
2338,340,2024-06-12,4596
2339,390,2024-01-14,4596
2340,390,2025-01-06,4596
2341,4999,2024-11-18,4598
2342,590,2024-09-25,4604
2343,450,2024-09-29,4608
2344,999,2024-11-06,4609
2345,4999,2024-11-21,4612
2346,590,2024-09-22,4612
2347,590,2024-09-29,4613
2348,520,2024-09-29,4621
2349,,2025-01-08,4622
2350,,2025-01-08,4624
2351,,2025-01-08,4626
2352,590,2024-09-28,4626
2353,580,2024-09-26,4627
2354,400,2024-06-08,4627
2355,420,2024-01-11,4627
2356,430,2025-01-17,4627
2357,520,2023-09-29,4627
2358,400,2024-06-07,4627
2359,420,2024-01-10,4627
2360,430,2025-01-18,4627
2361,590,2023-09-23,4628
2362,390,2024-06-18,4628
2363,340,2024-01-09,4628
2364,310,2025-01-09,4628
2365,,2025-01-08,4634
2366,450,2024-09-23,4634
2367,590,2024-09-24,4648
2368,,2025-01-08,4649
2369,4999,2024-11-21,4650
2370,410,2024-09-23,4650
2371,410,2024-01-12,4650
2372,320,2025-01-14,4650
2373,,2025-01-08,4655
2374,450,2023-09-27,4663
2375,390,2024-06-09,4663
2376,360,2024-01-11,4663
2377,,2025-01-08,4663
2378,999,2024-10-04,4665
2379,590,2024-09-28,4670
2380,410,2024-01-09,4670
2381,320,2025-01-15,4670
2382,590,2023-09-21,4671
2383,420,2024-06-13,4671
2384,410,2024-01-08,4671
2385,320,2025-01-12,4671
2386,29.99,2025-01-06,4672
2387,520,2023-09-29,4674
2388,400,2024-06-06,4674
2389,420,2024-01-07,4674
2390,430,2025-01-18,4674
2391,29.99,2025-01-02,4678
2392,999,2024-10-18,4682
2393,999,2024-11-05,4691
2394,590,2024-09-26,4692
2395,410,2024-09-23,4694
2396,590,2024-09-25,4698
2397,999,2024-10-20,4702
2398,410,2024-09-24,4709
2399,450,2024-09-30,4714
2400,4999,2024-11-17,4716
2401,999,2024-12-06,4718
2402,560,2024-09-21,4719
2403,420,2024-06-08,4719
2404,410,2024-01-07,4719
2405,320,2025-01-09,4719
2406,590,2023-09-30,4719
2407,420,2024-06-12,4719
2408,410,2024-01-12,4719
2409,320,2025-01-11,4719
2410,,2025-01-08,4720
2411,590,2024-09-28,4722
2412,450,2024-09-24,4725
2413,999,2024-11-02,4729
2414,999,2024-10-05,4731
2415,590,2024-09-27,4731
2416,450,2024-09-25,4732
2417,,2025-01-08,4733
2418,149,2024-12-28,4735
2419,999,2024-11-02,4735
2420,999,2024-10-05,4735
2421,,2025-01-08,4737
2422,520,2024-09-26,4737
2423,520,2023-09-21,4738
2424,400,2024-06-08,4738
2425,420,2024-01-09,4738
2426,430,2025-01-15,4738
2427,29.99,2024-12-31,4739
2428,999,2024-12-01,4741
2429,520,2024-09-21,4743
2430,999,2024-10-23,4745
2431,999,2024-10-08,4745
2432,590,2023-09-21,4746
2433,390,2024-06-06,4746
2434,340,2024-01-17,4746
2435,310,2025-01-18,4746
2436,590,2024-09-25,4749
2437,390,2024-01-06,4749
2438,390,2025-01-07,4749
2439,520,2024-09-30,4754
2440,590,2023-09-30,4755
2441,390,2024-06-18,4755
2442,340,2024-01-09,4755
2443,310,2025-01-16,4755
2444,,2025-01-08,4756
2445,999,2024-10-23,4756
2446,999,2024-10-01,4761
2447,590,2024-09-30,4762
2448,520,2024-09-29,4763
2449,410,2024-01-06,4763
2450,320,2025-01-11,4763
2451,590,2024-09-21,4764
2452,590,2023-09-30,4765
2453,420,2024-06-15,4765
2454,410,2024-01-15,4765
2455,320,2025-01-12,4765
2456,410,2023-09-28,4766
2457,340,2024-06-09,4766
2458,390,2024-01-13,4766
2459,390,2025-01-17,4766
2460,590,2024-09-21,4769
2461,999,2024-10-02,4776
2462,450,2023-09-27,4776
2463,390,2024-06-16,4776
2464,360,2024-01-10,4776
2465,,2025-01-08,4776
2466,,2025-01-08,4781
2467,999,2024-09-29,4783
2468,590,2024-09-28,4790
2469,,2025-01-08,4791
2470,520,2024-09-23,4794
2471,410,2024-01-16,4794
2472,320,2025-01-07,4794
2473,99,2025-01-03,4795
2474,,2025-01-08,4795
2475,,2025-01-08,4798
2476,999,2024-11-03,4800
2477,999,2024-12-05,4801
2478,4999,2024-11-19,4810
2479,590,2023-09-21,4812
2480,390,2024-06-08,4812
2481,340,2024-01-10,4812
2482,310,2025-01-11,4812
2483,999,2024-10-03,4815
2484,590,2024-09-26,4815
2485,520,2024-09-25,4819
2486,520,2024-09-26,4821
2487,520,2023-09-29,4824
2488,400,2024-06-18,4824
2489,420,2024-01-10,4824
2490,430,2025-01-16,4824
2491,590,2023-09-22,4828
2492,420,2024-06-08,4828
2493,410,2024-01-13,4828
2494,320,2025-01-12,4828
2495,,2025-01-08,4830
2496,590,2024-09-24,4830
2497,410,2024-01-15,4830
2498,320,2025-01-16,4830
2499,29.99,2024-12-30,4831
2500,590,2023-09-29,4831
2501,390,2024-06-14,4831
2502,340,2024-01-14,4831
2503,310,2025-01-13,4831
2504,999,2024-10-24,4835
2505,,2025-01-08,4836
2506,29.99,2024-12-29,4838
2507,,2025-01-08,4841
2508,590,2024-09-23,4846
2509,410,2024-09-23,4853
2510,,2025-01-08,4858
2511,410,2023-09-29,4859
2512,340,2024-06-13,4859
2513,390,2024-01-07,4859
2514,390,2025-01-11,4859
2515,590,2023-09-23,4863
2516,420,2024-06-17,4863
2517,410,2024-01-10,4863
2518,320,2025-01-12,4863
2519,450,2023-09-27,4865
2520,390,2024-06-13,4865
2521,360,2024-01-08,4865
2522,360,2025-01-06,4865
2523,999,2024-12-05,4866
2524,590,2023-09-29,4870
2525,390,2024-06-15,4870
2526,340,2024-01-12,4870
2527,310,2025-01-12,4870
2528,999,2024-10-26,4876
2529,29.99,2025-01-07,4879
2530,999,2024-10-07,4881
2531,600,2023-09-30,4881
2532,390,2024-06-18,4881
2533,340,2024-01-11,4881
2534,310,2025-01-07,4881
2535,590,2024-09-24,4881
2536,390,2024-06-06,4881
2537,340,2024-01-18,4881
2538,310,2025-01-12,4881
2539,590,2024-09-29,4888
2540,590,2024-09-24,4890
2541,999,2024-10-04,4892
2542,410,2023-09-29,4893
2543,340,2024-06-15,4893
2544,390,2024-01-10,4893
2545,390,2025-01-17,4893
2546,999,2024-10-17,4894
2547,,2025-01-08,4898
2548,29.99,2024-12-14,4898
2549,590,2024-09-25,4899
2550,450,2024-09-29,4901
2551,,2025-01-08,4902
2552,999,2024-10-24,4908
2553,410,2023-09-22,4913
2554,340,2024-06-08,4913
2555,390,2024-01-08,4913
2556,390,2025-01-12,4913
2557,520,2024-09-30,4925
2558,560,2024-09-29,4926
2559,420,2024-06-15,4926
2560,410,2024-01-18,4926
2561,320,2025-01-18,4926
2562,590,2023-09-30,4926
2563,420,2024-06-15,4926
2564,410,2024-01-08,4926
2565,320,2025-01-07,4926
2566,410,2024-09-21,4928
2567,999,2024-10-22,4930
2568,,2025-01-08,4934
2569,,2025-01-08,4939
2570,,2025-01-08,4944
2571,,2025-01-08,4950
2572,520,2024-09-29,4951
2573,520,2023-09-27,4954
2574,400,2024-06-14,4954
2575,420,2024-01-08,4954
2576,430,2025-01-17,4954
2577,410,2023-09-22,4957
2578,340,2024-06-11,4957
2579,390,2024-01-18,4957
2580,390,2025-01-10,4957
2581,999,2024-11-08,4959
2582,29.99,2024-12-15,4960
2583,99,2025-01-05,4961
2584,520,2023-09-22,4965
2585,400,2024-06-08,4965
2586,420,2024-01-16,4965
2587,430,2025-01-09,4965
2588,29.99,2025-01-02,4966
2589,410,2024-09-27,4968
2590,29.99,2025-01-02,4970
2591,590,2024-09-29,4970
2592,,2025-01-08,4973
2593,410,2024-09-29,4974
2594,450,2024-09-29,4975
2595,590,2024-09-30,4978
2596,999,2024-10-21,4981
2597,490,2024-09-23,4981
2598,390,2024-06-15,4981
2599,360,2024-01-11,4981
2600,360,2025-01-07,4981
2601,450,2023-09-24,4981
2602,390,2024-06-16,4981
2603,360,2024-01-06,4981
2604,,2025-01-08,4981
2605,590,2024-09-24,4982
2606,4999,2024-11-26,4984
2607,520,2023-09-24,4985
2608,400,2024-06-17,4985
2609,420,2024-01-17,4985
2610,430,2025-01-07,4985
2611,,2025-01-08,4987
2612,450,2023-09-30,4987
2613,390,2024-06-09,4987
2614,360,2024-01-17,4987
2615,360,2025-01-09,4987
2616,149,2025-01-06,4988
2617,149,2025-01-01,4996
2618,,2025-01-08,4996
2619,520,2023-09-28,4996
2620,400,2024-06-10,4996
2621,420,2024-01-07,4996
2622,430,2025-01-09,4996
2623,590,2023-09-25,4997
2624,420,2024-06-06,4997
2625,410,2024-01-07,4997
2626,320,2025-01-06,4997
2627,590,2024-09-23,4998
2628,4999,2024-11-17,5003
2629,,2025-01-08,5012
2630,149,2025-01-02,5014
2631,520,2024-09-21,5014
2632,,2025-01-08,5015
2633,999,2024-10-01,5015
2634,999,2024-12-01,5016
2635,999,2024-11-06,5020
2636,4999,2024-11-18,5041
2637,590,2023-09-21,5044
2638,420,2024-06-08,5044
2639,410,2024-01-16,5044
2640,320,2025-01-06,5044
2641,590,2023-09-26,5045
2642,390,2024-06-06,5045
2643,340,2024-01-16,5045
2644,310,2025-01-12,5045
2645,999,2024-09-30,5046
2646,590,2024-09-30,5046
2647,450,2023-09-25,5048
2648,390,2024-06-07,5048
2649,360,2024-01-07,5048
2650,360,2025-01-16,5048
2651,,2025-01-08,5052
2652,999,2024-11-08,5059
2653,580,2023-09-24,5059
2654,420,2024-06-17,5059
2655,410,2024-01-11,5059
2656,,2025-01-08,5059
2657,520,2024-09-29,5059
2658,420,2024-06-17,5059
2659,410,2024-01-09,5059
2660,320,2025-01-11,5059
2661,999,2024-10-04,5060
2662,410,2023-09-21,5061
2663,340,2024-06-08,5061
2664,390,2024-01-13,5061
2665,390,2025-01-09,5061
2666,999,2024-11-05,5062
2667,410,2023-09-23,5070
2668,340,2024-06-16,5070
2669,390,2024-01-08,5070
2670,390,2025-01-15,5070
2671,999,2024-11-02,5074
2672,520,2023-09-26,5075
2673,400,2024-06-11,5075
2674,420,2024-01-14,5075
2675,430,2025-01-16,5075
2676,410,2023-09-25,5079
2677,340,2024-06-17,5079
2678,390,2024-01-16,5079
2679,390,2025-01-15,5079
2680,450,2024-09-23,5081
2681,520,2024-09-25,5083
2682,29.99,2024-12-18,5088
2683,,2025-01-08,5090
2684,590,2024-09-22,5094
2685,520,2023-09-29,5095
2686,400,2024-06-13,5095
2687,420,2024-01-06,5095
2688,430,2025-01-14,5095
2689,410,2023-09-24,5100
2690,340,2024-06-10,5100
2691,390,2024-01-17,5100
2692,390,2025-01-17,5100
2693,29.99,2025-01-06,5104
2694,4999,2024-11-24,5106
2695,999,2024-10-25,5108
2696,410,2023-09-21,5112
2697,340,2024-06-09,5112
2698,390,2024-01-10,5112
2699,390,2025-01-09,5112
2700,590,2024-09-22,5117
2701,420,2024-01-18,5117
2702,430,2025-01-14,5117
2703,590,2023-09-22,5121
2704,390,2024-06-14,5121
2705,340,2024-01-08,5121
2706,310,2025-01-12,5121
2707,590,2023-09-24,5123
2708,390,2024-06-07,5123
2709,340,2024-01-15,5123
2710,310,2025-01-10,5123
2711,,2025-01-08,5126
2712,29.99,2024-12-29,5126
2713,,2025-01-08,5127
2714,29.99,2024-12-16,5140
2715,,2025-01-08,5142
2716,99,2025-01-02,5143
2717,590,2023-09-22,5145
2718,390,2024-06-06,5145
2719,340,2024-01-10,5145
2720,310,2025-01-11,5145
2721,999,2024-10-17,5147
2722,,2025-01-08,5149
2723,99,2025-01-07,5152
2724,590,2023-09-26,5156
2725,390,2024-06-16,5156
2726,340,2024-01-09,5156
2727,,2025-01-08,5156
2728,590,2023-09-30,5159
2729,420,2024-06-08,5159
2730,410,2024-01-07,5159
2731,320,2025-01-18,5159
2732,29.99,2024-12-31,5160
2733,590,2024-09-22,5160
2734,410,2023-09-26,5169
2735,340,2024-06-10,5169
2736,390,2024-01-16,5169
2737,390,2025-01-07,5169
2738,,2025-01-08,5170
2739,,2025-01-08,5171
2740,999,2024-10-04,5176
2741,580,2023-09-23,5180
2742,420,2024-06-14,5180
2743,410,2024-01-13,5180
2744,320,2025-01-13,5180
2745,520,2024-09-26,5180
2746,420,2024-06-13,5180
2747,410,2024-01-10,5180
2748,320,2025-01-10,5180
2749,999,2024-10-04,5182
2750,,2025-01-08,5184
2751,29.99,2025-01-04,5189
2752,29.99,2024-12-30,5192
2753,999,2024-10-07,5194
2754,,2025-01-08,5196
2755,999,2024-11-07,5200
2756,410,2024-09-25,5200
2757,600,2023-09-23,5203
2758,390,2024-06-12,5203
2759,340,2024-01-18,5203
2760,310,2025-01-17,5203
2761,420,2024-06-13,5203
2762,410,2024-01-11,5203
2763,320,2025-01-15,5203
2764,590,2023-09-23,5203
2765,390,2024-06-12,5203
2766,340,2024-01-11,5203
2767,310,2025-01-16,5203
2768,420,2024-06-14,5203
2769,410,2024-01-18,5203
2770,320,2025-01-15,5203
2771,,2025-01-08,5209
2772,490,2023-09-29,5210
2773,390,2024-06-18,5210
2774,340,2024-01-07,5210
2775,310,2025-01-06,5210
2776,450,2024-09-24,5210
2777,390,2024-06-13,5210
2778,340,2024-01-15,5210
2779,310,2025-01-18,5210
2780,450,2024-09-24,5214
2781,590,2023-09-26,5217
2782,390,2024-06-17,5217
2783,340,2024-01-12,5217
2784,,2025-01-08,5217
2785,29.99,2025-01-04,5221
2786,,2025-01-08,5221
2787,999,2024-10-19,5221
2788,520,2024-09-21,5221
2789,29.99,2024-12-27,5225
2790,490,2023-09-21,5229
2791,390,2024-06-15,5229
2792,340,2024-01-17,5229
2793,,2025-01-08,5229
2794,390,2024-06-12,5229
2795,360,2024-01-06,5229
2796,360,2025-01-11,5229
2797,450,2023-09-26,5229
2798,390,2024-06-07,5229
2799,340,2024-01-15,5229
2800,310,2025-01-18,5229
2801,390,2024-06-08,5229
2802,360,2024-01-15,5229
2803,360,2025-01-09,5229
2804,999,2024-11-08,5230
2805,520,2024-09-21,5231
2806,480,2023-09-24,5235
2807,420,2024-06-08,5235
2808,410,2024-01-18,5235
2809,,2025-01-08,5235
2810,410,2024-09-30,5235
2811,420,2024-06-14,5235
2812,410,2024-01-18,5235
2813,320,2025-01-06,5235
2814,29.99,2024-12-25,5238
2815,590,2023-09-26,5261
2816,420,2024-06-10,5261
2817,410,2024-01-13,5261
2818,320,2025-01-07,5261
2819,,2025-01-08,5266
2820,410,2024-09-26,5267
2821,410,2024-01-09,5267
2822,320,2025-01-09,5267
2823,590,2024-09-22,5269
2824,450,2023-09-30,5275
2825,390,2024-06-15,5275
2826,360,2024-01-13,5275
2827,360,2025-01-07,5275
2828,99,2025-01-03,5282
2829,520,2024-09-24,5283
2830,590,2023-09-29,5288
2831,420,2024-06-06,5288
2832,410,2024-01-08,5288
2833,320,2025-01-14,5288
2834,,2025-01-08,5293
2835,,2025-01-08,5293
2836,29.99,2024-12-30,5295
2837,450,2023-09-25,5297
2838,390,2024-06-09,5297
2839,360,2024-01-08,5297
2840,360,2025-01-11,5297
2841,520,2023-09-26,5298
2842,400,2024-06-16,5298
2843,420,2024-01-10,5298
2844,430,2025-01-06,5298
2845,590,2024-09-26,5301
2846,520,2023-09-24,5306
2847,410,2024-01-13,5306
2848,320,2025-01-14,5306
2849,400,2024-06-16,5306
2850,420,2024-01-17,5306
2851,430,2025-01-16,5306
2852,999,2024-11-10,5308
2853,520,2023-09-21,5309
2854,400,2024-06-13,5309
2855,420,2024-01-07,5309
2856,430,2025-01-14,5309
2857,29.99,2025-01-05,5310
2858,520,2023-09-26,5313
2859,400,2024-06-11,5313
2860,420,2024-01-07,5313
2861,430,2025-01-16,5313
2862,,2025-01-08,5315
2863,,2025-01-08,5315
2864,4999,2024-11-18,5315
2865,590,2024-09-27,5318
2866,410,2023-09-21,5319
2867,340,2024-06-06,5319
2868,390,2024-01-07,5319
2869,390,2025-01-16,5319
2870,,2025-01-08,5322
2871,590,2023-09-30,5322
2872,390,2024-06-16,5322
2873,340,2024-01-10,5322
2874,310,2025-01-09,5322
2875,,2025-01-08,5323
2876,590,2024-09-24,5323
2877,,2025-01-08,5325
2878,590,2024-09-22,5327
2879,410,2024-09-22,5328
2880,4999,2024-11-20,5341
2881,999,2024-10-02,5358
2882,4999,2024-11-18,5363
2883,520,2023-09-21,5363
2884,400,2024-06-09,5363
2885,420,2024-01-16,5363
2886,430,2025-01-18,5363
2887,149,2025-01-01,5368
2888,450,2024-09-23,5368
2889,149,2025-01-05,5371
2890,4999,2024-11-21,5373
2891,520,2023-09-24,5381
2892,400,2024-06-15,5381
2893,420,2024-01-16,5381
2894,430,2025-01-14,5381
2895,4999,2024-11-24,5382
2896,,2025-01-08,5383
2897,999,2024-10-18,5386
2898,410,2023-09-24,5390
2899,340,2024-06-16,5390
2900,390,2024-01-16,5390
2901,390,2025-01-18,5390
2902,29.99,2024-12-14,5394
2903,520,2024-09-30,5398
2904,450,2024-09-26,5402
2905,999,2024-12-04,5403
2906,450,2024-09-22,5405
2907,590,2024-09-23,5407
2908,450,2023-09-30,5409
2909,390,2024-06-13,5409
2910,360,2024-01-13,5409
2911,360,2025-01-07,5409
2912,450,2024-09-21,5412
2913,410,2024-01-15,5412
2914,320,2025-01-10,5412
2915,590,2024-09-29,5415
2916,,2025-01-08,5417
2917,590,2024-09-27,5419
2918,,2025-01-08,5425
2919,520,2023-09-27,5425
2920,400,2024-06-14,5425
2921,420,2024-01-07,5425
2922,430,2025-01-06,5425
2923,,2025-01-08,5427
2924,999,2024-10-01,5428
2925,450,2024-09-23,5429
2926,590,2023-09-29,5431
2927,390,2024-06-17,5431
2928,340,2024-01-12,5431
2929,310,2025-01-10,5431
2930,,2025-01-08,5434
2931,999,2024-12-03,5439
2932,560,2023-09-26,5458
2933,390,2024-06-13,5458
2934,360,2024-01-18,5458
2935,360,2025-01-12,5458
2936,420,2024-06-15,5458
2937,410,2024-01-09,5458
2938,320,2025-01-06,5458
2939,590,2023-09-27,5458
2940,390,2024-06-17,5458
2941,360,2024-01-16,5458
2942,360,2025-01-15,5458
2943,420,2024-06-08,5458
2944,410,2024-01-15,5458
2945,320,2025-01-17,5458
2946,999,2024-11-30,5469
2947,99,2024-12-31,5470
2948,149,2024-12-24,5476
2949,450,2024-09-30,5477
2950,520,2023-09-29,5479
2951,390,2024-01-14,5479
2952,390,2025-01-06,5479
2953,400,2024-06-15,5479
2954,420,2024-01-18,5479
2955,430,2025-01-07,5479
2956,590,2023-09-23,5482
2957,390,2024-06-13,5482
2958,340,2024-01-06,5482
2959,310,2025-01-14,5482
2960,450,2023-09-28,5483
2961,390,2024-06-07,5483
2962,360,2024-01-09,5483
2963,360,2025-01-07,5483
2964,410,2024-09-26,5488
2965,520,2024-09-26,5490
2966,,2025-01-08,5491
2967,,2025-01-08,5493
2968,590,2023-09-29,5497
2969,420,2024-06-10,5497
2970,410,2024-01-06,5497
2971,320,2025-01-15,5497
2972,590,2023-09-24,5503
2973,390,2024-06-07,5503
2974,340,2024-01-13,5503
2975,310,2025-01-11,5503
2976,,2025-01-08,5508
2977,999,2024-12-04,5509
2978,590,2024-09-28,5509
2979,29.99,2025-01-05,5513
2980,,2025-01-08,5514
2981,590,2023-09-30,5518
2982,390,2024-06-09,5518
2983,340,2024-01-08,5518
2984,,2025-01-08,5518
2985,590,2024-09-21,5525
2986,520,2024-09-24,5525
2987,590,2024-09-29,5528
2988,590,2024-09-26,5529
2989,999,2024-11-07,5532
2990,4999,2024-11-19,5534
2991,590,2024-09-24,5535
2992,,2025-01-08,5537
2993,,2025-01-08,5538
2994,4999,2024-11-19,5539
2995,,2025-01-08,5540
2996,450,2023-09-23,5540
2997,390,2024-06-10,5540
2998,360,2024-01-11,5540
2999,360,2025-01-07,5540
3000,590,2024-09-21,5543
3001,29.99,2024-12-30,5545
3002,590,2024-09-22,5547
3003,520,2023-09-27,5550
3004,400,2024-06-13,5550
3005,420,2024-01-14,5550
3006,430,2025-01-12,5550
3007,450,2023-09-24,5552
3008,390,2024-06-09,5552
3009,360,2024-01-06,5552
3010,360,2025-01-18,5552
3011,590,2024-09-25,5554
3012,520,2023-09-30,5559
3013,400,2024-06-15,5559
3014,420,2024-01-14,5559
3015,430,2025-01-17,5559
3016,999,2024-11-30,5563
3017,410,2024-09-28,5569
3018,590,2024-09-24,5571
3019,999,2024-11-03,5574
3020,999,2024-12-05,5575
3021,149,2025-01-07,5576
3022,999,2024-12-07,5580
3023,999,2024-10-04,5582
3024,410,2023-09-23,5587
3025,340,2024-06-10,5587
3026,390,2024-01-14,5587
3027,390,2025-01-06,5587
3028,410,2023-09-22,5589
3029,340,2024-06-12,5589
3030,390,2024-01-17,5589
3031,390,2025-01-07,5589
3032,590,2023-09-29,5590
3033,390,2024-06-07,5590
3034,340,2024-01-08,5590
3035,310,2025-01-18,5590
3036,29.99,2024-12-30,5591
3037,590,2023-09-21,5592
3038,390,2024-06-08,5592
3039,340,2024-01-13,5592
3040,310,2025-01-07,5592
3041,590,2024-09-30,5594
3042,450,2023-09-21,5595
3043,390,2024-06-17,5595
3044,360,2024-01-13,5595
3045,360,2025-01-17,5595
3046,420,2024-01-10,5595
3047,430,2025-01-09,5595
3048,,2025-01-08,5601
3049,590,2024-09-29,5601
3050,520,2023-09-24,5602
3051,400,2024-06-12,5602
3052,420,2024-01-11,5602
3053,430,2025-01-18,5602
3054,410,2023-09-22,5606
3055,340,2024-06-17,5606
3056,390,2024-01-18,5606
3057,390,2025-01-17,5606
3058,520,2023-09-21,5607
3059,400,2024-06-17,5607
3060,420,2024-01-17,5607
3061,430,2025-01-17,5607
3062,590,2023-09-21,5612
3063,390,2024-06-14,5612
3064,340,2024-01-08,5612
3065,310,2025-01-15,5612
3066,,2025-01-08,5615
3067,,2025-01-08,5615
3068,,2025-01-08,5623
3069,999,2024-11-05,5625
3070,,2025-01-08,5630
3071,520,2023-09-27,5630
3072,400,2024-06-13,5630
3073,420,2024-01-08,5630
3074,430,2025-01-09,5630
3075,999,2024-12-03,5639
3076,590,2024-09-30,5640
3077,,2025-01-08,5645
3078,,2025-01-08,5648
3079,,2025-01-08,5650
3080,999,2024-10-18,5650
3081,,2025-01-08,5651
3082,29.99,2024-12-25,5651
3083,,2025-01-08,5652
3084,450,2023-09-21,5654
3085,390,2024-06-09,5654
3086,360,2024-01-09,5654
3087,360,2025-01-16,5654
3088,340,2024-06-09,5654
3089,390,2024-01-09,5654
3090,390,2025-01-06,5654
3091,410,2023-09-24,5654
3092,390,2024-06-15,5654
3093,360,2024-01-16,5654
3094,360,2025-01-18,5654
3095,340,2024-06-17,5654
3096,390,2024-01-08,5654
3097,390,2025-01-07,5654
3098,590,2024-09-27,5661
3099,410,2024-09-29,5667
3100,520,2023-09-22,5668
3101,400,2024-06-08,5668
3102,420,2024-01-08,5668
3103,430,2025-01-07,5668
3104,520,2024-09-22,5672
3105,,2025-01-08,5674
3106,,2025-01-08,5678
3107,590,2023-09-27,5679
3108,390,2024-06-12,5679
3109,340,2024-01-06,5679
3110,310,2025-01-07,5679
3111,99,2025-01-04,5686
3112,590,2023-09-21,5692
3113,390,2024-06-09,5692
3114,340,2024-01-17,5692
3115,310,2025-01-18,5692
3116,520,2023-09-26,5693
3117,400,2024-06-10,5693
3118,420,2024-01-16,5693
3119,430,2025-01-15,5693
3120,999,2024-11-11,5697
3121,999,2024-10-07,5699
3122,600,2024-09-30,5701
3123,420,2024-06-17,5701
3124,410,2024-01-15,5701
3125,320,2025-01-18,5701
3126,590,2023-09-26,5701
3127,420,2024-06-11,5701
3128,410,2024-01-09,5701
3129,320,2025-01-18,5701
3130,410,2023-09-22,5707
3131,340,2024-06-06,5707
3132,390,2024-01-12,5707
3133,390,2025-01-18,5707
3134,,2025-01-08,5708
3135,450,2023-09-26,5722
3136,390,2024-06-07,5722
3137,360,2024-01-17,5722
3138,360,2025-01-15,5722
3139,590,2024-09-23,5724
3140,410,2023-09-26,5725
3141,340,2024-06-13,5725
3142,390,2024-01-16,5725
3143,390,2025-01-07,5725
3144,590,2023-09-26,5726
3145,420,2024-06-11,5726
3146,410,2024-01-18,5726
3147,320,2025-01-12,5726
3148,590,2023-09-25,5731
3149,420,2024-06-07,5731
3150,410,2024-01-07,5731
3151,320,2025-01-11,5731
3152,,2025-01-08,5733
3153,29.99,2024-12-28,5741
3154,999,2024-11-02,5750
3155,999,2024-12-05,5755
3156,410,2024-09-30,5757
3157,450,2023-09-26,5765
3158,390,2024-06-11,5765
3159,360,2024-01-10,5765
3160,360,2025-01-10,5765
3161,,2025-01-08,5766
3162,590,2024-09-29,5770
3163,,2025-01-08,5771
3164,450,2024-09-28,5773
3165,29.99,2024-12-11,5779
3166,999,2024-11-10,5781
3167,450,2023-09-21,5784
3168,390,2024-06-09,5784
3169,360,2024-01-07,5784
3170,360,2025-01-17,5784
3171,590,2023-09-24,5785
3172,390,2024-06-08,5785
3173,340,2024-01-14,5785
3174,310,2025-01-15,5785
3175,999,2024-10-21,5786
3176,590,2024-09-23,5792
3177,590,2024-09-30,5793
3178,149,2024-12-29,5801
3179,999,2024-10-08,5801
3180,410,2023-09-28,5807
3181,340,2024-01-07,5807
3182,310,2025-01-07,5807
3183,340,2024-06-18,5807
3184,390,2024-01-13,5807
3185,390,2025-01-11,5807
3186,999,2024-11-03,5809
3187,410,2024-09-24,5810
3188,420,2024-01-10,5810
3189,430,2025-01-09,5810
3190,999,2024-10-19,5820
3191,590,2024-09-25,5821
3192,520,2024-09-24,5822
3193,29.99,2024-12-13,5825
3194,29.99,2024-12-26,5825
3195,590,2024-09-29,5825
3196,590,2023-09-26,5831
3197,420,2024-06-08,5831
3198,410,2024-01-17,5831
3199,320,2025-01-12,5831
3200,29.99,2025-01-02,5832
3201,29.99,2024-12-22,5840
3202,520,2024-09-27,5840
3203,999,2024-10-03,5841
3204,,2025-01-08,5842
3205,999,2024-11-04,5846
3206,29.99,2024-12-24,5850
3207,999,2024-10-23,5855
3208,,2025-01-08,5858
3209,520,2023-09-25,5860
3210,400,2024-06-15,5860
3211,420,2024-01-09,5860
3212,430,2025-01-17,5860
3213,,2025-01-08,5862
3214,520,2024-09-30,5862
3215,550,2023-09-27,5867
3216,390,2024-06-06,5867
3217,360,2024-01-18,5867
3218,360,2025-01-06,5867
3219,400,2024-06-07,5867
3220,420,2024-01-08,5867
3221,,2025-01-08,5867
3222,520,2023-09-21,5867
3223,390,2024-06-16,5867
3224,360,2024-01-09,5867
3225,360,2025-01-09,5867
3226,400,2024-06-07,5867
3227,420,2024-01-06,5867
3228,430,2025-01-09,5867
3229,450,2023-09-24,5872
3230,390,2024-06-14,5872
3231,360,2024-01-14,5872
3232,,2025-01-08,5872
3233,590,2023-09-29,5873
3234,390,2024-06-09,5873
3235,340,2024-01-10,5873
3236,310,2025-01-17,5873
3237,,2025-01-08,5874
3238,590,2024-09-23,5881
3239,410,2023-09-25,5888
3240,340,2024-06-18,5888
3241,390,2024-01-14,5888
3242,390,2025-01-14,5888
3243,999,2024-11-05,5893
3244,590,2023-09-22,5894
3245,390,2024-06-14,5894
3246,340,2024-01-16,5894
3247,310,2025-01-12,5894
3248,,2025-01-08,5898
3249,999,2024-10-03,5899
3250,999,2024-11-02,5906
3251,590,2024-09-26,5906
3252,999,2024-10-03,5909
3253,,2025-01-08,5912
3254,999,2024-10-01,5914
3255,999,2024-10-26,5914
3256,999,2024-11-03,5931
3257,,2025-01-08,5935
3258,29.99,2025-01-01,5937
3259,590,2023-09-30,5938
3260,390,2024-06-09,5938
3261,340,2024-01-11,5938
3262,310,2025-01-12,5938
3263,999,2024-12-07,5943
3264,450,2024-09-29,5954
3265,999,2024-11-04,5955
3266,520,2023-09-21,5957
3267,400,2024-06-10,5957
3268,420,2024-01-15,5957
3269,430,2025-01-15,5957
3270,999,2024-10-01,5958
3271,,2025-01-08,5962
3272,410,2023-09-29,5974
3273,340,2024-06-08,5974
3274,390,2024-01-16,5974
3275,390,2025-01-15,5974
3276,560,2024-09-28,5977
3277,420,2024-06-13,5977
3278,410,2024-01-06,5977
3279,320,2025-01-09,5977
3280,420,2024-01-13,5977
3281,430,2025-01-18,5977
3282,590,2023-09-29,5977
3283,420,2024-06-06,5977
3284,410,2024-01-16,5977
3285,320,2025-01-09,5977
3286,420,2024-01-10,5977
3287,430,2025-01-11,5977
3288,590,2024-09-29,5986
3289,450,2024-09-22,5987
3290,520,2024-09-24,5989
3291,590,2023-09-28,5993
3292,390,2024-06-06,5993
3293,340,2024-01-15,5993
3294,310,2025-01-13,5993
3295,29.99,2024-12-30,5995
3296,4999,2024-11-19,5997
3297,590,2024-09-30,5997
3298,170,2025-01-21,4133
3299,170,2023-12-02,3741
3300,170,2024-12-30,5881
3301,170,2024-01-21,1574
3302,170,2024-01-23,2849
3303,170,2024-10-17,3152
3304,170,2025-01-27,4411
3305,170,2025-01-04,5466
3306,170,2025-01-27,5390
3307,170,2024-01-19,2688
3308,170,2024-03-29,3202
3309,170,2025-01-17,5604
3310,170,2025-01-09,1030
3311,170,2024-01-22,5196
3312,170,2023-10-11,5478
3313,170,2023-11-09,4867
3314,170,2024-10-17,1157
3315,170,2023-12-02,5473
3316,170,2023-11-15,5291
3317,170,2023-12-02,4361
