0,,0,1
1,2023-09-29,1,0
2,2023-09-29,1,0
3,2024-06-07,2,0
4,2024-01-15,3,0
5,2025-01-12,4,0
6,2024-09-29,5,0
7,2024-09-29,5,0
8,2024-06-14,6,0
9,2024-01-15,7,0
10,2025-01-15,8,0
11,2023-09-27,9,0
12,2023-09-27,9,0
13,2024-06-12,10,0
14,2024-01-11,11,0
15,2025-01-11,12,0
16,2024-09-30,13,0
17,2024-09-30,13,0
18,2024-09-25,14,0
19,2024-09-25,14,0
20,2024-10-15,15,1
21,2024-09-30,16,0
22,2024-09-30,16,0
23,,17,1
24,2023-09-27,18,0
25,2023-09-27,18,0
26,2024-06-16,19,0
27,2024-01-12,20,0
28,2025-01-14,21,0
29,2024-10-13,22,1
30,2024-10-12,23,1
31,2024-10-07,24,1
32,2024-10-16,25,1
33,2024-09-28,26,1
34,2024-09-25,27,0
35,2024-09-25,27,0
36,2024-09-27,28,0
37,2024-09-27,28,0
38,,29,1
39,2023-09-26,30,0
40,2023-09-26,30,0
41,2024-06-13,31,0
42,2024-01-15,32,0
43,2025-01-11,33,0
44,2023-09-28,34,0
45,2023-09-28,34,0
46,2024-06-09,35,0
47,2024-01-11,36,0
48,2025-01-13,37,0
49,2024-10-08,38,1
50,,39,1
51,2024-09-28,40,1
52,2024-10-08,41,1
53,2024-09-27,42,0
54,2024-09-27,42,0
55,,43,1
56,,44,1
57,,45,1
58,2023-09-30,46,0
59,2023-09-30,46,0
60,2024-06-17,47,0
61,2024-01-14,48,0
62,2025-01-16,49,0
63,2024-10-17,50,1
64,2024-10-15,51,1
65,2024-09-30,52,0
66,2024-09-30,52,0
67,2023-09-26,53,0
68,2023-09-26,53,0
69,2024-06-08,54,0
70,2024-01-09,55,0
71,2025-01-12,56,0
72,2024-09-30,57,0
73,2024-09-30,57,0
74,2024-06-14,58,0
75,2024-01-18,59,0
76,2025-01-13,60,0
77,2023-09-27,61,0
78,2023-09-27,61,0
79,2024-06-16,62,0
80,2024-01-15,63,0
81,2025-01-06,64,0
82,2023-09-30,65,0
83,2023-09-30,65,0
84,2024-06-12,66,0
85,2024-01-17,67,0
86,2025-01-06,68,0
87,2024-10-08,69,1
88,2023-09-28,70,0
89,2023-09-28,70,0
90,2024-06-09,71,0
91,2024-01-10,72,0
92,2025-01-13,73,0
93,2023-09-21,74,0
94,2023-09-21,74,0
95,2024-06-10,75,0
96,2024-01-12,76,0
97,2025-01-12,77,0
98,2024-10-05,78,1
99,2023-09-22,79,0
100,2023-09-22,79,0
101,2024-06-08,80,0
102,2024-01-12,81,0
103,2025-01-18,82,0
104,,83,1
105,2024-09-30,84,1
106,,85,1
107,2023-09-29,86,0
108,2023-09-29,86,0
109,2024-06-14,87,0
110,2024-01-09,88,0
111,2025-01-18,89,0
112,2024-09-28,90,0
113,2024-09-28,90,0
114,2024-10-15,91,1
115,2024-10-15,92,1
116,,93,1
117,,94,1
118,2023-09-29,95,0
119,2023-09-29,95,0
120,2024-06-10,96,0
121,2024-01-07,97,0
122,2025-01-12,98,0
123,2024-10-08,99,1
124,2024-09-27,100,0
125,2024-09-27,100,0
126,,101,1
127,2024-10-10,102,1
128,2024-12-26,103,1
129,2023-09-25,104,0
130,2023-09-25,104,0
131,2024-01-09,105,0
132,2025-01-10,106,0
133,2024-06-17,107,0
134,2024-01-08,108,0
135,2025-01-16,109,0
136,2025-01-07,110,1
137,,111,1
138,2024-10-11,112,1
139,2024-09-25,113,1
140,2024-10-14,114,1
141,,115,1
142,2023-09-22,116,0
143,2023-09-22,116,0
144,2024-06-08,117,0
145,2024-01-07,118,0
146,2025-01-12,119,0
147,2024-10-17,120,1
148,,121,1
149,2024-09-23,122,0
150,2024-09-23,122,0
151,2024-10-12,123,1
152,2024-10-18,124,1
153,2024-09-24,125,0
154,2024-09-24,125,0
155,,126,1
156,2024-10-13,127,1
157,2025-01-04,128,1
158,,129,1
159,2024-10-05,130,1
160,2024-10-08,131,1
161,,132,1
162,2024-10-13,133,1
163,,134,1
164,2024-09-26,135,0
165,2024-09-26,135,0
166,2024-09-24,136,0
167,2024-09-24,136,0
168,,137,1
169,2024-09-28,138,0
170,2024-09-28,138,0
171,2024-10-15,139,1
172,2025-01-05,140,1
173,2023-09-24,141,0
174,2023-09-24,141,0
175,2024-06-14,142,0
176,2024-01-07,143,0
177,2025-01-18,144,0
178,2023-09-27,145,0
179,2023-09-27,145,0
180,2024-06-14,146,0
181,2024-01-06,147,0
182,2025-01-12,148,0
183,,149,1
184,,150,1
185,2023-09-29,151,0
186,2023-09-29,151,0
187,2024-06-06,152,0
188,2024-01-07,153,0
189,2025-01-07,154,0
190,2024-01-09,155,0
191,2025-01-17,156,0
192,,157,1
193,2024-09-22,158,0
194,2024-09-22,158,0
195,2024-09-23,159,0
196,2024-09-23,159,0
197,2023-09-25,160,0
198,2023-09-25,160,0
199,2024-06-15,161,0
200,2024-01-06,162,0
201,2025-01-18,163,0
202,2024-06-06,164,0
203,2024-01-16,165,0
204,2025-01-10,166,0
205,2023-09-21,167,0
206,2023-09-21,167,0
207,2024-06-10,168,0
208,2024-01-13,169,0
209,2025-01-10,170,0
210,2024-06-13,171,0
211,2024-01-18,172,0
212,2025-01-16,173,0
213,2024-10-15,174,1
214,2024-09-22,175,0
215,2024-09-22,175,0
216,2023-09-28,176,0
217,2023-09-28,176,0
218,2024-06-09,177,0
219,2024-01-06,178,0
220,2025-01-07,179,0
221,2024-01-06,180,0
222,2025-01-14,181,0
223,,182,1
224,2024-09-24,183,0
225,2024-09-24,183,0
226,2024-01-07,184,0
227,2025-01-16,185,0
228,2024-12-31,186,1
229,2024-09-26,187,0
230,2024-09-26,187,0
231,2024-09-29,188,0
232,2024-09-29,188,0
233,2024-09-27,189,1
234,2024-09-23,190,0
235,2024-09-23,190,0
236,2023-09-21,191,0
237,2023-09-21,191,0
238,2024-06-13,192,0
239,2024-01-15,193,0
240,2025-01-16,194,0
241,2024-09-28,195,0
242,2024-09-28,195,0
243,2023-09-28,196,0
244,2023-09-28,196,0
245,2024-06-15,197,0
246,2024-01-11,198,0
247,2025-01-16,199,0
248,2024-10-08,200,1
249,,201,1
250,,202,1
251,2024-09-30,203,0
252,2024-09-30,203,0
253,2023-09-26,204,0
254,2023-09-26,204,0
255,2024-06-15,205,0
256,2024-01-06,206,0
257,2025-01-11,207,0
258,,208,1
259,,209,1
260,2024-10-14,210,1
261,2023-09-30,211,0
262,2023-09-30,211,0
263,2024-06-14,212,0
264,2024-01-13,213,0
265,2025-01-18,214,0
266,2023-09-28,215,0
267,2023-09-28,215,0
268,2024-06-18,216,0
269,2024-01-17,217,0
270,2025-01-07,218,0
271,2024-09-29,219,0
272,2024-09-29,219,0
273,,220,1
274,2023-09-21,221,0
275,2023-09-21,221,0
276,2024-06-11,222,0
277,2024-01-06,223,0
278,2025-01-15,224,0
279,2024-09-25,225,0
280,2024-09-25,225,0
281,2024-06-15,226,0
282,2024-01-16,227,0
283,2025-01-12,228,0
284,2024-09-29,229,0
285,2024-09-29,229,0
286,2023-09-27,230,0
287,2023-09-27,230,0
288,2024-06-10,231,0
289,2024-01-14,232,0
290,2025-01-18,233,0
291,,234,1
292,2023-09-28,235,0
293,2023-09-28,235,0
294,2024-06-15,236,0
295,2024-01-13,237,0
296,2025-01-10,238,0
297,2024-09-21,239,0
298,2024-09-21,239,0
299,2023-09-28,240,0
300,2023-09-28,240,0
301,2024-06-11,241,0
302,2024-01-13,242,0
303,2025-01-11,243,0
304,2024-10-11,244,1
305,,245,1
306,2023-09-28,246,0
307,2023-09-28,246,0
308,2024-06-11,247,0
309,2024-01-12,248,0
310,2025-01-06,249,0
311,2024-06-11,250,0
312,2024-01-16,251,0
313,2025-01-11,252,0
314,2023-09-24,253,0
315,2023-09-24,253,0
316,2024-06-12,254,0
317,2024-01-11,255,0
318,2025-01-12,256,0
319,2024-06-18,257,0
320,2024-01-06,258,0
321,2025-01-17,259,0
322,2023-09-23,260,0
323,2023-09-23,260,0
324,2024-06-18,261,0
325,2024-01-12,262,0
326,2025-01-10,263,0
327,2025-01-04,264,1
328,2023-09-30,265,0
329,2023-09-30,265,0
330,2024-06-09,266,0
331,2024-01-11,267,0
332,2025-01-14,268,0
333,,269,1
334,2025-01-05,270,1
335,2024-12-19,271,1
336,2024-10-07,272,1
337,,273,1
338,2024-10-13,274,1
339,2023-09-27,275,0
340,2023-09-27,275,0
341,2024-06-13,276,0
342,2024-01-14,277,0
343,2025-01-16,278,0
344,2024-09-25,279,0
345,2024-09-25,279,0
346,2024-10-16,280,1
347,2024-10-14,281,1
348,2023-09-23,282,0
349,2023-09-23,282,0
350,2024-06-13,283,0
351,2024-01-15,284,0
352,2025-01-10,285,0
353,2024-09-22,286,0
354,2024-09-22,286,0
355,2024-06-17,287,0
356,2024-01-09,288,0
357,2025-01-07,289,0
358,2023-09-22,290,0
359,2023-09-22,290,0
360,2024-06-09,291,0
361,2024-01-08,292,0
362,2025-01-07,293,0
363,2023-09-22,294,0
364,2023-09-22,294,0
365,2024-06-11,295,0
366,2024-01-12,296,0
367,2025-01-09,297,0
368,2024-09-25,298,0
369,2024-09-25,298,0
370,2024-09-25,299,1
371,2024-09-21,300,0
372,2024-09-21,300,0
373,2024-10-20,301,1
374,2024-09-28,302,1
375,2024-09-30,303,0
376,2024-09-30,303,0
377,,304,1
378,2023-09-29,305,0
379,2023-09-29,305,0
380,2024-06-11,306,0
381,2024-01-06,307,0
382,2025-01-15,308,0
383,2024-10-07,309,1
384,2023-09-26,310,0
385,2023-09-26,310,0
386,2024-06-18,311,0
387,2024-01-09,312,0
388,2025-01-11,313,0
389,2025-01-02,314,1
390,,315,1
391,,316,1
392,2023-09-26,317,0
393,2023-09-26,317,0
394,2024-06-06,318,0
395,2024-01-09,319,0
396,2025-01-06,320,0
397,,321,1
398,,322,1
399,2023-09-23,323,0
400,2023-09-23,323,0
401,2024-06-06,324,0
402,2024-01-11,325,0
403,2025-01-13,326,0
404,2024-09-23,327,0
405,2024-09-23,327,0
406,2024-06-07,328,0
407,2024-01-18,329,0
408,2025-01-18,330,0
409,2024-09-28,331,1
410,,332,1
411,2023-09-22,333,0
412,2023-09-22,333,0
413,2024-06-14,334,0
414,2024-01-08,335,0
415,2025-01-17,336,0
416,2024-09-25,337,0
417,2024-09-25,337,0
418,2024-09-21,338,0
419,2024-09-21,338,0
420,2025-01-05,339,1
421,2024-10-13,340,1
422,2024-09-26,341,0
423,2024-09-26,341,0
424,2024-10-10,342,1
425,2024-12-30,343,1
426,2023-09-30,344,0
427,2023-09-30,344,0
428,2024-06-17,345,0
429,2024-01-08,346,0
430,2025-01-18,347,0
431,2025-01-02,348,1
432,2024-09-29,349,0
433,2024-09-29,349,0
434,2024-10-12,350,1
435,2024-10-19,351,1
436,,352,1
437,2024-09-27,353,0
438,2024-09-27,353,0
439,2024-09-21,354,0
440,2024-09-21,354,0
441,2024-09-29,355,0
442,2024-09-29,355,0
443,2024-10-14,356,1
444,,357,1
445,2023-09-23,358,0
446,2023-09-23,358,0
447,2024-06-18,359,0
448,2024-01-11,360,0
449,2025-01-06,361,0
450,2023-09-25,362,0
451,2023-09-25,362,0
452,2024-06-14,363,0
453,2024-01-08,364,0
454,2025-01-11,365,0
455,2024-09-26,366,0
456,2024-09-26,366,0
457,2024-09-29,367,0
458,2024-09-29,367,0
459,2024-10-31,368,1
460,2023-09-22,369,0
461,2023-09-22,369,0
462,2024-06-06,370,0
463,2024-01-15,371,0
464,2025-01-10,372,0
465,,373,1
466,2024-09-24,374,1
467,2023-09-23,375,0
468,2023-09-23,375,0
469,2024-06-11,376,0
470,2024-01-15,377,0
471,2025-01-11,378,0
472,2024-10-23,379,1
473,2024-10-01,380,1
474,2024-09-30,381,1
475,2024-09-29,382,1
476,2024-10-29,383,1
477,2024-09-27,384,0
478,2024-09-27,384,0
479,2024-01-09,385,0
480,2025-01-14,386,0
481,2024-10-07,387,1
482,2024-09-24,388,1
483,,389,1
484,2023-09-30,390,0
485,2023-09-30,390,0
486,2024-06-14,391,0
487,2024-01-10,392,0
488,2025-01-10,393,0
489,2025-01-05,394,1
490,2024-09-30,395,0
491,2024-09-30,395,0
492,,396,1
493,2023-09-23,397,0
494,2023-09-23,397,0
495,2024-06-18,398,0
496,2024-01-10,399,0
497,2025-01-15,400,0
498,2024-12-27,401,1
499,2024-10-16,402,1
500,2024-12-27,403,1
501,2023-09-23,404,0
502,2023-09-23,404,0
503,2024-06-12,405,0
504,2024-01-09,406,0
505,2025-01-06,407,0
506,2023-09-28,408,0
507,2023-09-28,408,0
508,2024-06-06,409,0
509,2024-01-18,410,0
510,2025-01-11,411,0
511,2024-09-26,412,0
512,2024-09-26,412,0
513,2023-09-29,413,0
514,2023-09-29,413,0
515,2024-06-13,414,0
516,2024-01-07,415,0
517,2025-01-18,416,0
518,2024-09-26,417,0
519,2024-09-26,417,0
520,2024-09-27,418,0
521,2024-09-27,418,0
522,2023-09-26,419,0
523,2023-09-26,419,0
524,2024-06-11,420,0
525,2024-01-06,421,0
526,2025-01-14,422,0
527,,423,1
528,2023-09-22,424,0
529,2023-09-22,424,0
530,2024-06-09,425,0
531,2024-01-18,426,0
532,2025-01-11,427,0
533,2023-09-23,428,0
534,2023-09-23,428,0
535,2024-06-06,429,0
536,2024-01-06,430,0
537,2025-01-11,431,0
538,,432,1
539,2023-09-22,433,0
540,2023-09-22,433,0
541,2024-06-11,434,0
542,2024-01-12,435,0
543,2025-01-10,436,0
544,2024-10-10,437,1
545,,438,1
546,2024-09-24,439,0
547,2024-09-24,439,0
548,,440,1
549,,441,1
550,2024-10-27,442,1
551,2024-09-24,443,1
552,2023-09-27,444,0
553,2023-09-27,444,0
554,2024-06-17,445,0
555,2024-01-06,446,0
556,2025-01-11,447,0
557,,448,1
558,2023-09-22,449,0
559,2023-09-22,449,0
560,2024-06-07,450,0
561,2024-01-09,451,0
562,2025-01-12,452,0
563,2023-09-27,453,0
564,2023-09-27,453,0
565,2024-06-09,454,0
566,2024-01-17,455,0
567,2025-01-10,456,0
568,2024-09-22,457,0
569,2024-09-22,457,0
570,2023-09-24,458,0
571,2023-09-24,458,0
572,2024-01-10,459,0
573,2025-01-10,460,0
574,2024-06-09,461,0
575,2024-01-18,462,0
576,2025-01-10,463,0
577,2024-12-31,464,1
578,,465,1
579,,466,1
580,2025-01-06,467,1
581,,468,1
582,2024-09-24,469,0
583,2024-09-24,469,0
584,,470,1
585,,471,1
586,2023-09-29,472,0
587,2023-09-29,472,0
588,2024-06-14,473,0
589,2024-01-13,474,0
590,2025-01-14,475,0
591,2024-09-24,476,0
592,2024-09-24,476,0
593,,477,1
594,2023-09-23,478,0
595,2023-09-23,478,0
596,2024-06-09,479,0
597,2024-01-08,480,0
598,2025-01-16,481,0
599,2024-09-25,482,0
600,2024-09-25,482,0
601,,483,1
602,2023-09-24,484,0
603,2023-09-24,484,0
604,2024-06-11,485,0
605,2024-01-15,486,0
606,,487,0
607,2024-09-22,488,0
608,2024-09-22,488,0
609,2023-09-22,489,0
610,2023-09-22,489,0
611,2024-06-18,490,0
612,2024-01-13,491,0
613,,492,0
614,,493,1
615,2024-10-10,494,1
616,2024-10-15,495,1
617,2024-10-30,496,1
618,2024-09-25,497,0
619,2024-09-25,497,0
620,2025-01-06,498,1
621,2024-10-16,499,1
622,2024-12-25,500,1
623,2024-09-29,501,0
624,2024-09-29,501,0
625,2024-10-13,502,1
626,2023-09-24,503,0
627,2023-09-24,503,0
628,2024-06-16,504,0
629,2024-01-15,505,0
630,2025-01-07,506,0
631,,507,1
632,2024-10-28,508,1
633,2024-09-30,509,0
634,2024-09-30,509,0
635,2024-09-28,510,0
636,2024-09-28,510,0
637,2024-09-24,511,0
638,2024-09-24,511,0
639,2023-09-23,512,0
640,2023-09-23,512,0
641,2024-06-06,513,0
642,2024-01-07,514,0
643,2025-01-14,515,0
644,2024-01-17,516,0
645,2025-01-16,517,0
646,2024-01-16,518,0
647,2025-01-06,519,0
648,,520,1
649,2024-12-30,521,1
650,2024-10-11,522,1
651,2024-10-11,523,1
652,,524,1
653,2024-09-26,525,0
654,2024-09-26,525,0
655,2024-12-14,526,1
656,2024-09-27,527,0
657,2024-09-27,527,0
658,2023-09-25,528,0
659,2023-09-25,528,0
660,2024-06-16,529,0
661,2024-01-13,530,0
662,2025-01-06,531,0
663,2024-12-26,532,1
664,2024-09-23,533,0
665,2024-09-23,533,0
666,2024-09-21,534,0
667,2024-09-21,534,0
668,2024-10-29,535,1
669,2024-09-21,536,0
670,2024-09-21,536,0
671,2023-09-25,537,0
672,2023-09-25,537,0
673,2024-06-14,538,0
674,2024-01-07,539,0
675,2025-01-14,540,0
676,2023-09-27,541,0
677,2023-09-27,541,0
678,2024-06-13,542,0
679,2024-01-16,543,0
680,2025-01-10,544,0
681,2023-09-28,545,0
682,2023-09-28,545,0
683,2024-06-14,546,0
684,2024-01-08,547,0
685,2025-01-09,548,0
686,2024-09-25,549,0
687,2024-09-25,549,0
688,2024-06-17,550,0
689,2024-01-13,551,0
690,2025-01-09,552,0
691,2023-09-22,553,0
692,2023-09-22,553,0
693,2024-06-06,554,0
694,2024-01-11,555,0
695,2025-01-10,556,0
696,2023-09-22,557,0
697,2023-09-22,557,0
698,2024-06-07,558,0
699,2024-01-11,559,0
700,2025-01-07,560,0
701,,561,1
702,2024-10-28,562,1
703,2024-10-14,563,1
704,2023-09-22,564,0
705,2023-09-22,564,0
706,2024-06-16,565,0
707,2024-01-09,566,0
708,2025-01-13,567,0
709,2024-09-25,568,0
710,2024-09-25,568,0
711,2024-10-08,569,1
712,,570,1
713,2024-09-21,571,0
714,2024-09-21,571,0
715,,572,1
716,2023-09-24,573,0
717,2023-09-24,573,0
718,2024-06-14,574,0
719,2024-01-12,575,0
720,2025-01-09,576,0
721,2024-10-13,577,1
722,2024-09-22,578,0
723,2024-09-22,578,0
724,2024-10-12,579,1
725,2023-09-30,580,0
726,2023-09-30,580,0
727,2024-06-11,581,0
728,2024-01-16,582,0
729,2025-01-11,583,0
730,2024-10-08,584,1
731,2025-01-02,585,1
732,2024-09-25,586,1
733,2023-09-21,587,0
734,2023-09-21,587,0
735,2024-06-14,588,0
736,2024-01-10,589,0
737,,590,0
738,2024-12-26,591,1
739,2023-09-22,592,0
740,2023-09-22,592,0
741,2024-06-11,593,0
742,2024-01-12,594,0
743,2025-01-17,595,0
744,,596,1
745,2024-10-07,597,1
746,2024-12-27,598,1
747,2024-09-22,599,0
748,2024-09-22,599,0
749,2024-01-16,600,0
750,2025-01-15,601,0
751,2025-01-07,602,1
752,2023-09-27,603,0
753,2023-09-27,603,0
754,2024-06-18,604,0
755,2024-01-17,605,0
756,2025-01-15,606,0
757,2023-09-28,607,0
758,2023-09-28,607,0
759,2024-06-12,608,0
760,2024-01-06,609,0
761,2025-01-16,610,0
762,2023-09-27,611,0
763,2023-09-27,611,0
764,2024-06-06,612,0
765,2024-01-07,613,0
766,2025-01-11,614,0
767,,615,1
768,,616,1
769,2024-12-29,617,1
770,,618,1
771,2024-10-24,619,1
772,2023-09-24,620,0
773,2023-09-24,620,0
774,2024-06-18,621,0
775,2024-01-11,622,0
776,2025-01-09,623,0
777,2023-09-30,624,0
778,2023-09-30,624,0
779,2024-06-16,625,0
780,2024-01-16,626,0
781,2025-01-07,627,0
782,,628,1
783,2024-10-11,629,1
784,2024-09-30,630,0
785,2024-09-30,630,0
786,2023-09-30,631,0
787,2023-09-30,631,0
788,2024-06-17,632,0
789,2024-01-07,633,0
790,2025-01-06,634,0
791,,635,1
792,,636,1
793,2024-10-07,637,1
794,2024-09-23,638,0
795,2024-09-23,638,0
796,2024-10-01,639,1
797,2024-09-29,640,0
798,2024-09-29,640,0
799,,641,1
800,2024-09-24,642,0
801,2024-09-24,642,0
802,,643,1
803,2024-10-14,644,1
804,2023-09-30,645,0
805,2023-09-30,645,0
806,2024-06-07,646,0
807,2024-01-07,647,0
808,2025-01-07,648,0
809,2023-09-26,649,0
810,2023-09-26,649,0
811,2024-06-06,650,0
812,2024-01-11,651,0
813,2025-01-11,652,0
814,2024-09-25,653,0
815,2024-09-25,653,0
816,2024-10-11,654,1
817,2024-10-23,655,1
818,2025-01-02,656,1
819,2023-09-25,657,0
820,2023-09-25,657,0
821,2024-06-07,658,0
822,2024-01-08,659,0
823,2025-01-09,660,0
824,,661,1
825,2024-09-29,662,0
826,2024-09-29,662,0
827,2024-09-22,663,0
828,2024-09-22,663,0
829,2023-09-21,664,0
830,2023-09-21,664,0
831,2024-06-18,665,0
832,2024-01-09,666,0
833,2025-01-06,667,0
834,2023-09-23,668,0
835,2023-09-23,668,0
836,2024-06-09,669,0
837,2024-01-16,670,0
838,2025-01-12,671,0
839,2024-06-07,672,0
840,2024-01-13,673,0
841,2025-01-06,674,0
842,2023-09-28,675,0
843,2023-09-28,675,0
844,2024-06-08,676,0
845,2024-01-08,677,0
846,2025-01-15,678,0
847,2024-06-16,679,0
848,2024-01-07,680,0
849,2025-01-16,681,0
850,2024-09-29,682,0
851,2024-09-29,682,0
852,2024-06-11,683,0
853,2024-01-11,684,0
854,2025-01-13,685,0
855,2024-06-12,686,0
856,2024-01-07,687,0
857,2025-01-16,688,0
858,2025-01-04,689,1
859,2024-09-27,690,0
860,2024-09-27,690,0
861,2023-09-29,691,0
862,2023-09-29,691,0
863,2024-06-13,692,0
864,2024-01-13,693,0
865,2025-01-11,694,0
866,,695,1
867,2024-10-11,696,1
868,2024-09-26,697,0
869,2024-09-26,697,0
870,2023-09-24,698,0
871,2023-09-24,698,0
872,2024-06-13,699,0
873,2024-01-11,700,0
874,2025-01-14,701,0
875,2023-09-29,702,0
876,2023-09-29,702,0
877,2024-06-13,703,0
878,2024-01-16,704,0
879,2025-01-13,705,0
880,2023-09-29,706,0
881,2023-09-29,706,0
882,2024-06-16,707,0
883,2024-01-09,708,0
884,2025-01-17,709,0
885,2023-09-21,710,0
886,2023-09-21,710,0
887,2024-06-11,711,0
888,2024-01-09,712,0
889,2025-01-15,713,0
890,2024-09-29,714,0
891,2024-09-29,714,0
892,2023-09-26,715,0
893,2023-09-26,715,0
894,2024-06-11,716,0
895,2024-01-06,717,0
896,2025-01-13,718,0
897,2024-09-21,719,0
898,2024-09-21,719,0
899,2023-09-28,720,0
900,2023-09-28,720,0
901,2024-06-16,721,0
902,2024-01-09,722,0
903,2025-01-12,723,0
904,2024-09-30,724,0
905,2024-09-30,724,0
906,2023-09-26,725,0
907,2023-09-26,725,0
908,2024-06-16,726,0
909,2024-01-16,727,0
910,2025-01-09,728,0
911,2023-09-25,729,0
912,2023-09-25,729,0
913,2024-06-12,730,0
914,2024-01-11,731,0
915,2025-01-11,732,0
916,2024-10-18,733,1
917,2024-09-25,734,1
918,2024-09-23,735,0
919,2024-09-23,735,0
920,2025-01-05,736,1
921,2023-09-29,737,0
922,2023-09-29,737,0
923,2024-06-06,738,0
924,2024-01-11,739,0
925,2025-01-12,740,0
926,2024-09-30,741,0
927,2024-09-30,741,0
928,2024-09-26,742,0
929,2024-09-26,742,0
930,2023-09-21,743,0
931,2023-09-21,743,0
932,2024-06-09,744,0
933,2024-01-06,745,0
934,2025-01-17,746,0
935,2024-10-29,747,1
936,,748,1
937,2023-09-21,749,0
938,2023-09-21,749,0
939,2024-06-18,750,0
940,2024-01-17,751,0
941,2025-01-07,752,0
942,,753,1
943,2025-01-01,754,1
944,2023-09-22,755,0
945,2023-09-22,755,0
946,2024-06-12,756,0
947,2024-01-08,757,0
948,2025-01-14,758,0
949,,759,1
950,2023-09-22,760,0
951,2023-09-22,760,0
952,2024-06-15,761,0
953,2024-01-18,762,0
954,,763,0
955,2024-10-08,764,1
956,,765,1
957,2024-10-13,766,1
958,,767,1
959,2024-10-31,768,1
960,2023-09-27,769,0
961,2023-09-27,769,0
962,2024-06-09,770,0
963,2024-01-09,771,0
964,2025-01-16,772,0
965,,773,1
966,2024-09-21,774,0
967,2024-09-21,774,0
968,2024-09-29,775,0
969,2024-09-29,775,0
970,2024-09-29,776,0
971,2024-09-29,776,0
972,2023-09-30,777,0
973,2023-09-30,777,0
974,2024-06-08,778,0
975,2024-01-14,779,0
976,2025-01-11,780,0
977,2024-09-30,781,1
978,2023-09-28,782,0
979,2023-09-28,782,0
980,2024-01-13,783,0
981,2025-01-18,784,0
982,2024-06-09,785,0
983,2024-01-16,786,0
984,2025-01-15,787,0
985,2024-12-14,788,1
986,2024-11-01,789,1
987,2024-09-26,790,0
988,2024-09-26,790,0
989,2024-09-24,791,0
990,2024-09-24,791,0
991,2024-12-22,792,1
992,2023-09-26,793,0
993,2023-09-26,793,0
994,2024-06-06,794,0
995,2024-01-09,795,0
996,2025-01-14,796,0
997,2024-10-23,797,1
998,,798,1
999,2024-10-11,799,1
1000,2024-10-09,800,1
1001,2023-09-28,801,0
1002,2023-09-28,801,0
1003,2024-06-18,802,0
1004,2024-01-16,803,0
1005,2025-01-17,804,0
1006,2024-09-28,805,0
1007,2024-09-28,805,0
1008,2024-09-27,806,0
1009,2024-09-27,806,0
1010,,807,1
1011,2024-10-16,808,1
1012,,809,1
1013,2024-10-11,810,1
1014,2024-10-13,811,1
1015,2024-10-29,812,1
1016,2024-09-26,813,1
1017,2023-09-24,814,0
1018,2023-09-24,814,0
1019,2024-06-07,815,0
1020,2024-01-17,816,0
1021,2025-01-16,817,0
1022,2024-10-19,818,1
1023,,819,1
1024,,820,1
1025,,821,1
1026,2024-09-25,822,0
1027,2024-09-25,822,0
1028,2024-09-26,823,0
1029,2024-09-26,823,0
1030,,824,1
1031,2024-10-12,825,1
1032,2023-09-27,826,0
1033,2023-09-27,826,0
1034,2024-06-13,827,0
1035,2024-01-11,828,0
1036,2025-01-07,829,0
1037,2024-06-08,830,0
1038,2024-01-08,831,0
1039,2025-01-12,832,0
1040,2023-09-21,833,0
1041,2023-09-21,833,0
1042,2024-06-18,834,0
1043,2024-01-18,835,0
1044,2025-01-15,836,0
1045,2024-06-14,837,0
1046,2024-01-08,838,0
1047,2025-01-17,839,0
1048,2023-09-30,840,0
1049,2023-09-30,840,0
1050,2024-06-12,841,0
1051,2024-01-17,842,0
1052,2025-01-15,843,0
1053,2023-09-30,844,0
1054,2023-09-30,844,0
1055,2024-06-18,845,0
1056,2024-01-11,846,0
1057,2025-01-16,847,0
1058,2023-09-26,848,0
1059,2023-09-26,848,0
1060,2024-01-15,849,0
1061,2025-01-10,850,0
1062,2024-06-09,851,0
1063,2024-01-16,852,0
1064,2025-01-07,853,0
1065,,854,1
1066,2024-09-21,855,0
1067,2024-09-21,855,0
1068,2023-09-27,856,0
1069,2023-09-27,856,0
1070,2024-06-18,857,0
1071,2024-01-16,858,0
1072,2025-01-16,859,0
1073,,860,1
1074,,861,1
1075,2025-01-02,862,1
1076,,863,1
1077,,864,1
1078,,865,1
1079,2024-09-22,866,0
1080,2024-09-22,866,0
1081,2023-09-25,867,0
1082,2023-09-25,867,0
1083,2024-06-08,868,0
1084,2024-01-17,869,0
1085,2025-01-14,870,0
1086,2023-09-24,871,0
1087,2023-09-24,871,0
1088,2024-06-06,872,0
1089,2024-01-08,873,0
1090,2025-01-07,874,0
1091,2024-09-27,875,1
1092,2025-01-03,876,1
1093,2024-09-27,877,0
1094,2024-09-27,877,0
1095,2024-09-25,878,0
1096,2024-09-25,878,0
1097,2024-09-30,879,1
1098,2024-09-27,880,0
1099,2024-09-27,880,0
1100,2024-09-28,881,0
1101,2024-09-28,881,0
1102,2024-10-10,882,1
1103,,883,1
1104,2024-09-30,884,0
1105,2024-09-30,884,0
1106,2024-09-23,885,0
1107,2024-09-23,885,0
1108,2024-10-12,886,1
1109,2024-09-23,887,0
1110,2024-09-23,887,0
1111,2024-09-24,888,0
1112,2024-09-24,888,0
1113,2024-10-09,889,1
1114,2024-10-11,890,1
1115,2024-12-28,891,1
1116,2025-01-03,892,1
1117,2024-10-11,893,1
1118,2023-09-30,894,0
1119,2023-09-30,894,0
1120,2024-06-18,895,0
1121,2024-01-18,896,0
1122,2025-01-17,897,0
1123,2023-09-23,898,0
1124,2023-09-23,898,0
1125,2024-06-10,899,0
1126,2024-01-07,900,0
1127,2025-01-12,901,0
1128,2023-09-27,902,0
1129,2023-09-27,902,0
1130,2024-06-18,903,0
1131,2024-01-13,904,0
1132,2025-01-06,905,0
1133,2024-09-25,906,0
1134,2024-09-25,906,0
1135,2024-10-15,907,1
1136,2024-10-12,908,1
1137,2024-12-26,909,1
1138,,910,1
1139,2023-09-27,911,0
1140,2023-09-27,911,0
1141,2024-06-09,912,0
1142,2024-01-10,913,0
1143,2025-01-11,914,0
1144,2023-09-29,915,0
1145,2023-09-29,915,0
1146,2024-06-06,916,0
1147,2024-01-18,917,0
1148,2025-01-17,918,0
1149,2024-09-26,919,0
1150,2024-09-26,919,0
1151,2023-09-24,920,0
1152,2023-09-24,920,0
1153,2024-06-18,921,0
1154,2024-01-08,922,0
1155,,923,0
1156,,924,1
1157,2025-01-06,925,1
1158,,926,1
1159,2024-10-12,927,1
1160,,928,1
1161,2024-09-27,929,0
1162,2024-09-27,929,0
1163,2023-09-22,930,0
1164,2023-09-22,930,0
1165,2024-06-14,931,0
1166,2024-01-18,932,0
1167,,933,0
1168,,934,1
1169,,935,1
1170,2023-09-27,936,0
1171,2023-09-27,936,0
1172,2024-06-17,937,0
1173,2024-01-15,938,0
1174,2025-01-16,939,0
1175,2023-09-21,940,0
1176,2023-09-21,940,0
1177,2024-06-17,941,0
1178,2024-01-12,942,0
1179,2025-01-15,943,0
1180,2024-01-06,944,0
1181,2025-01-09,945,0
1182,2024-09-29,946,0
1183,2024-09-29,946,0
1184,2024-06-06,947,0
1185,2024-01-16,948,0
1186,2025-01-10,949,0
1187,2024-01-08,950,0
1188,2025-01-16,951,0
1189,2024-10-19,952,1
1190,2024-09-30,953,0
1191,2024-09-30,953,0
1192,2024-06-11,954,0
1193,2024-01-16,955,0
1194,2025-01-07,956,0
1195,2023-09-21,957,0
1196,2023-09-21,957,0
1197,2024-06-15,958,0
1198,2024-01-12,959,0
1199,2025-01-11,960,0
1200,2023-09-27,961,0
1201,2023-09-27,961,0
1202,2024-06-15,962,0
1203,2024-01-09,963,0
1204,2025-01-17,964,0
1205,,965,1
1206,2024-10-30,966,1
1207,,967,1
1208,2023-09-29,968,0
1209,2023-09-29,968,0
1210,2024-06-14,969,0
1211,2024-01-14,970,0
1212,2025-01-07,971,0
1213,2024-01-10,972,0
1214,,973,0
1215,2024-09-21,974,0
1216,2024-09-21,974,0
1217,2024-09-24,975,1
1218,2023-09-29,976,0
1219,2023-09-29,976,0
1220,2024-06-10,977,0
1221,2024-01-13,978,0
1222,2025-01-18,979,0
1223,2024-09-29,980,0
1224,2024-09-29,980,0
1225,2024-01-07,981,0
1226,2025-01-14,982,0
1227,2024-09-23,983,1
1228,2024-09-29,984,0
1229,2024-09-29,984,0
1230,2023-09-29,985,0
1231,2023-09-29,985,0
1232,2024-06-14,986,0
1233,2024-01-17,987,0
1234,2025-01-15,988,0
1235,,989,1
1236,,990,1
1237,2024-09-29,991,1
1238,2024-09-22,992,0
1239,2024-09-22,992,0
1240,2025-01-02,993,1
1241,,994,1
1242,,995,1
1243,2024-10-29,996,1
1244,2024-09-28,997,0
1245,2024-09-28,997,0
1246,2024-09-29,998,0
1247,2024-09-29,998,0
1248,2024-09-22,999,0
1249,2024-09-22,999,0
1250,,1000,1
1251,2023-09-23,1001,0
1252,2023-09-23,1001,0
1253,2024-06-08,1002,0
1254,2024-01-09,1003,0
1255,2025-01-16,1004,0
1256,2024-06-10,1005,0
1257,2024-01-11,1006,0
1258,2025-01-09,1007,0
1259,2023-09-27,1008,0
1260,2023-09-27,1008,0
1261,2024-06-16,1009,0
1262,2024-01-15,1010,0
1263,2025-01-10,1011,0
1264,2024-06-08,1012,0
1265,2024-01-15,1013,0
1266,2025-01-11,1014,0
1267,2023-09-21,1015,0
1268,2023-09-21,1015,0
1269,2024-06-16,1016,0
1270,2024-01-18,1017,0
1271,2025-01-12,1018,0
1272,2023-09-26,1019,0
1273,2023-09-26,1019,0
1274,2024-06-15,1020,0
1275,2024-01-06,1021,0
1276,2025-01-11,1022,0
1277,2024-09-28,1023,1
1278,2024-10-09,1024,1
1279,,1025,1
1280,,1026,1
1281,2024-09-26,1027,0
1282,2024-09-26,1027,0
1283,2023-09-29,1028,0
1284,2023-09-29,1028,0
1285,2024-06-11,1029,0
1286,2024-01-16,1030,0
1287,2025-01-11,1031,0
1288,,1032,1
1289,2023-09-22,1033,0
1290,2023-09-22,1033,0
1291,2024-06-12,1034,0
1292,2024-01-11,1035,0
1293,2025-01-14,1036,0
1294,2024-09-22,1037,0
1295,2024-09-22,1037,0
1296,,1038,1
1297,2023-09-25,1039,0
1298,2023-09-25,1039,0
1299,2024-06-14,1040,0
1300,2024-01-17,1041,0
1301,2025-01-13,1042,0
1302,2024-09-23,1043,1
1303,2023-09-21,1044,0
1304,2023-09-21,1044,0
1305,2024-06-17,1045,0
1306,2024-01-14,1046,0
1307,2025-01-16,1047,0
1308,2024-11-01,1048,1
1309,2024-09-29,1049,0
1310,2024-09-29,1049,0
1311,2024-10-10,1050,1
1312,2024-12-26,1051,1
1313,2024-09-29,1052,0
1314,2024-09-29,1052,0
1315,,1053,1
1316,2024-09-26,1054,0
1317,2024-09-26,1054,0
1318,2024-10-11,1055,1
1319,2024-09-29,1056,1
1320,2023-09-22,1057,0
1321,2023-09-22,1057,0
1322,2024-06-10,1058,0
1323,2024-01-15,1059,0
1324,2025-01-13,1060,0
1325,,1061,1
1326,2024-10-23,1062,1
1327,,1063,1
1328,,1064,1
1329,2025-01-03,1065,1
1330,2024-09-23,1066,0
1331,2024-09-23,1066,0
1332,2024-09-24,1067,0
1333,2024-09-24,1067,0
1334,2025-01-03,1068,1
1335,2024-09-26,1069,0
1336,2024-09-26,1069,0
1337,2024-01-11,1070,0
1338,2025-01-18,1071,0
1339,2024-10-05,1072,1
1340,2024-10-11,1073,1
1341,2024-10-18,1074,1
1342,2023-09-24,1075,0
1343,2023-09-24,1075,0
1344,2024-06-16,1076,0
1345,2024-01-14,1077,0
1346,2025-01-14,1078,0
1347,,1079,1
1348,,1080,1
1349,,1081,1
1350,2024-10-13,1082,1
1351,2024-09-23,1083,0
1352,2024-09-23,1083,0
1353,2024-10-19,1084,1
1354,,1085,1
1355,,1086,1
1356,2023-09-30,1087,0
1357,2023-09-30,1087,0
1358,2024-06-15,1088,0
1359,2024-01-17,1089,0
1360,2025-01-07,1090,0
1361,2024-09-24,1091,0
1362,2024-09-24,1091,0
1363,2024-06-13,1092,0
1364,2024-01-17,1093,0
1365,2025-01-15,1094,0
1366,2023-09-23,1095,0
1367,2023-09-23,1095,0
1368,2024-06-07,1096,0
1369,2024-01-14,1097,0
1370,2025-01-06,1098,0
1371,2024-10-07,1099,1
1372,2023-09-25,1100,0
1373,2023-09-25,1100,0
1374,2024-06-10,1101,0
1375,2024-01-09,1102,0
1376,2025-01-18,1103,0
1377,2024-09-30,1104,1
1378,,1105,1
1379,2024-09-27,1106,0
1380,2024-09-27,1106,0
1381,2024-10-11,1107,1
1382,2024-09-29,1108,0
1383,2024-09-29,1108,0
1384,2023-09-22,1109,0
1385,2023-09-22,1109,0
1386,2024-06-08,1110,0
1387,2024-01-17,1111,0
1388,2025-01-09,1112,0
1389,2024-10-11,1113,1
1390,2025-01-03,1114,1
1391,2024-12-18,1115,1
1392,2024-09-26,1116,0
1393,2024-09-26,1116,0
1394,2024-09-22,1117,0
1395,2024-09-22,1117,0
1396,2024-09-29,1118,0
1397,2024-09-29,1118,0
1398,2023-09-22,1119,0
1399,2023-09-22,1119,0
1400,2024-01-14,1120,0
1401,2025-01-13,1121,0
1402,2024-06-09,1122,0
1403,2024-01-14,1123,0
1404,2025-01-11,1124,0
1405,,1125,1
1406,2024-09-24,1126,0
1407,2024-09-24,1126,0
1408,2024-01-17,1127,0
1409,2025-01-12,1128,0
1410,,1129,1
1411,2024-09-22,1130,0
1412,2024-09-22,1130,0
1413,2024-09-27,1131,0
1414,2024-09-27,1131,0
1415,2023-09-26,1132,0
1416,2023-09-26,1132,0
1417,2024-06-12,1133,0
1418,2024-01-10,1134,0
1419,2025-01-09,1135,0
1420,2024-10-17,1136,1
1421,2023-09-21,1137,0
1422,2023-09-21,1137,0
1423,2024-06-15,1138,0
1424,2024-01-08,1139,0
1425,2025-01-14,1140,0
1426,2024-12-22,1141,1
1427,2025-01-04,1142,1
1428,2024-10-14,1143,1
1429,2025-01-02,1144,1
1430,,1145,1
1431,2024-09-29,1146,0
1432,2024-09-29,1146,0
1433,2024-09-30,1147,0
1434,2024-09-30,1147,0
1435,,1148,1
1436,2024-11-01,1149,1
1437,2023-09-25,1150,0
1438,2023-09-25,1150,0
1439,2024-06-15,1151,0
1440,2024-01-14,1152,0
1441,2025-01-06,1153,0
1442,2023-09-30,1154,0
1443,2023-09-30,1154,0
1444,2024-06-12,1155,0
1445,2024-01-14,1156,0
1446,2025-01-14,1157,0
1447,2024-10-12,1158,1
1448,2023-09-24,1159,0
1449,2023-09-24,1159,0
1450,2024-06-15,1160,0
1451,2024-01-17,1161,0
1452,2025-01-07,1162,0
1453,2024-10-19,1163,1
1454,2023-09-26,1164,0
1455,2023-09-26,1164,0
1456,2024-06-13,1165,0
1457,2024-01-15,1166,0
1458,2025-01-16,1167,0
1459,2024-09-28,1168,0
1460,2024-09-28,1168,0
1461,2024-01-11,1169,0
1462,2025-01-14,1170,0
1463,,1171,1
1464,,1172,1
1465,2023-09-28,1173,0
1466,2023-09-28,1173,0
1467,2024-06-07,1174,0
1468,2024-01-06,1175,0
1469,2025-01-10,1176,0
1470,2024-06-12,1177,0
1471,2024-01-16,1178,0
1472,2025-01-13,1179,0
1473,2023-09-22,1180,0
1474,2023-09-22,1180,0
1475,2024-06-17,1181,0
1476,2024-01-14,1182,0
1477,2025-01-10,1183,0
1478,2024-06-13,1184,0
1479,2024-01-06,1185,0
1480,2025-01-18,1186,0
1481,,1187,1
1482,2023-09-28,1188,0
1483,2023-09-28,1188,0
1484,2024-06-17,1189,0
1485,2024-01-18,1190,0
1486,2025-01-10,1191,0
1487,2023-09-27,1192,0
1488,2023-09-27,1192,0
1489,2024-06-08,1193,0
1490,2024-01-09,1194,0
1491,2025-01-13,1195,0
1492,2023-09-24,1196,0
1493,2023-09-24,1196,0
1494,2024-06-10,1197,0
1495,2024-01-11,1198,0
1496,2025-01-14,1199,0
1497,2024-06-17,1200,0
1498,2024-01-11,1201,0
1499,2025-01-09,1202,0
1500,2023-09-21,1203,0
1501,2023-09-21,1203,0
1502,2024-06-10,1204,0
1503,2024-01-17,1205,0
1504,2025-01-10,1206,0
1505,2024-06-14,1207,0
1506,2024-01-08,1208,0
1507,2025-01-10,1209,0
1508,,1210,1
1509,,1211,1
1510,2024-09-23,1212,0
1511,2024-09-23,1212,0
1512,2024-12-14,1213,1
1513,,1214,1
1514,2024-09-29,1215,1
1515,,1216,1
1516,2024-10-10,1217,1
1517,2024-09-24,1218,0
1518,2024-09-24,1218,0
1519,2023-09-26,1219,0
1520,2023-09-26,1219,0
1521,2024-06-14,1220,0
1522,2024-01-08,1221,0
1523,2025-01-18,1222,0
1524,2024-09-27,1223,1
1525,2024-09-24,1224,0
1526,2024-09-24,1224,0
1527,,1225,1
1528,2024-10-16,1226,1
1529,2023-09-24,1227,0
1530,2023-09-24,1227,0
1531,2024-06-06,1228,0
1532,2024-01-14,1229,0
1533,2025-01-14,1230,0
1534,,1231,1
1535,2023-09-21,1232,0
1536,2023-09-21,1232,0
1537,2024-06-10,1233,0
1538,2024-01-06,1234,0
1539,2025-01-11,1235,0
1540,2024-09-27,1236,0
1541,2024-09-27,1236,0
1542,2024-09-30,1237,0
1543,2024-09-30,1237,0
1544,2024-09-21,1238,0
1545,2024-09-21,1238,0
1546,2024-09-29,1239,0
1547,2024-09-29,1239,0
1548,2024-12-30,1240,1
1549,2023-09-21,1241,0
1550,2023-09-21,1241,0
1551,2024-06-18,1242,0
1552,2024-01-06,1243,0
1553,2025-01-13,1244,0
1554,2023-09-30,1245,0
1555,2023-09-30,1245,0
1556,2024-01-13,1246,0
1557,2025-01-10,1247,0
1558,2024-06-15,1248,0
1559,2024-01-07,1249,0
1560,2025-01-07,1250,0
1561,2024-09-27,1251,1
1562,2024-10-29,1252,1
1563,,1253,1
1564,,1254,1
1565,2024-12-26,1255,1
1566,2024-09-27,1256,0
1567,2024-09-27,1256,0
1568,2023-09-28,1257,0
1569,2023-09-28,1257,0
1570,2024-06-14,1258,0
1571,2024-01-13,1259,0
1572,2025-01-06,1260,0
1573,2023-09-28,1261,0
1574,2023-09-28,1261,0
1575,2024-06-07,1262,0
1576,2024-01-12,1263,0
1577,2025-01-12,1264,0
1578,2024-09-22,1265,0
1579,2024-09-22,1265,0
1580,2024-10-18,1266,1
1581,2024-10-05,1267,1
1582,2024-10-14,1268,1
1583,,1269,1
1584,2024-10-24,1270,1
1585,2023-09-24,1271,0
1586,2023-09-24,1271,0
1587,2024-06-13,1272,0
1588,2024-01-07,1273,0
1589,2025-01-12,1274,0
1590,2024-09-28,1275,0
1591,2024-09-28,1275,0
1592,2024-06-12,1276,0
1593,2024-01-15,1277,0
1594,2025-01-12,1278,0
1595,2024-10-18,1279,1
1596,2024-09-29,1280,0
1597,2024-09-29,1280,0
1598,2024-12-29,1281,1
1599,2024-09-23,1282,0
1600,2024-09-23,1282,0
1601,2024-01-12,1283,0
1602,2025-01-18,1284,0
1603,2025-01-06,1285,1
1604,2023-09-26,1286,0
1605,2023-09-26,1286,0
1606,2024-06-08,1287,0
1607,2024-01-11,1288,0
1608,2025-01-13,1289,0
1609,2023-09-27,1290,0
1610,2023-09-27,1290,0
1611,2024-06-09,1291,0
1612,2024-01-10,1292,0
1613,2025-01-16,1293,0
1614,2024-10-11,1294,1
1615,2024-10-13,1295,1
1616,,1296,1
1617,,1297,1
1618,2024-12-31,1298,1
1619,2024-09-27,1299,0
1620,2024-09-27,1299,0
1621,2024-01-07,1300,0
1622,2025-01-09,1301,0
1623,2024-09-29,1302,0
1624,2024-09-29,1302,0
1625,2024-01-10,1303,0
1626,2025-01-07,1304,0
1627,2023-09-25,1305,0
1628,2023-09-25,1305,0
1629,2024-06-15,1306,0
1630,2024-01-07,1307,0
1631,2025-01-09,1308,0
1632,,1309,1
1633,,1310,1
1634,,1311,1
1635,2023-09-26,1312,0
1636,2023-09-26,1312,0
1637,2024-06-10,1313,0
1638,2024-01-08,1314,0
1639,2025-01-06,1315,0
1640,2025-01-02,1316,1
1641,2024-09-30,1317,0
1642,2024-09-30,1317,0
1643,2024-09-22,1318,0
1644,2024-09-22,1318,0
1645,,1319,1
1646,2024-09-24,1320,0
1647,2024-09-24,1320,0
1648,2024-09-22,1321,1
1649,2024-09-27,1322,0
1650,2024-09-27,1322,0
1651,2024-09-28,1323,0
1652,2024-09-28,1323,0
1653,2024-09-29,1324,1
1654,2024-09-25,1325,0
1655,2024-09-25,1325,0
1656,2023-09-27,1326,0
1657,2023-09-27,1326,0
1658,2024-01-11,1327,0
1659,2025-01-12,1328,0
1660,2024-06-12,1329,0
1661,2024-01-18,1330,0
1662,,1331,0
1663,2024-10-11,1332,1
1664,2024-12-26,1333,1
1665,2025-01-02,1334,1
1666,,1335,1
1667,2024-12-31,1336,1
1668,,1337,1
1669,,1338,1
1670,2023-09-28,1339,0
1671,2023-09-28,1339,0
1672,2024-06-18,1340,0
1673,2024-01-09,1341,0
1674,2025-01-16,1342,0
1675,2024-10-13,1343,1
1676,2024-09-24,1344,0
1677,2024-09-24,1344,0
1678,2024-10-27,1345,1
1679,2025-01-02,1346,1
1680,2024-10-05,1347,1
1681,2024-09-29,1348,1
1682,2023-09-23,1349,0
1683,2023-09-23,1349,0
1684,2024-06-18,1350,0
1685,2024-01-15,1351,0
1686,,1352,0
1687,,1353,1
1688,2024-09-30,1354,0
1689,2024-09-30,1354,0
1690,2024-12-26,1355,1
1691,2024-09-26,1356,0
1692,2024-09-26,1356,0
1693,2023-09-30,1357,0
1694,2023-09-30,1357,0
1695,2024-06-12,1358,0
1696,2024-01-17,1359,0
1697,2025-01-06,1360,0
1698,2024-12-29,1361,1
1699,2024-09-30,1362,0
1700,2024-09-30,1362,0
1701,2024-12-28,1363,1
1702,2023-09-25,1364,0
1703,2023-09-25,1364,0
1704,2024-06-10,1365,0
1705,2024-01-16,1366,0
1706,,1367,0
1707,2024-09-27,1368,1
1708,2024-09-27,1369,0
1709,2024-09-27,1369,0
1710,2024-12-23,1370,1
1711,2024-10-06,1371,1
1712,2024-09-24,1372,0
1713,2024-09-24,1372,0
1714,2025-01-07,1373,1
1715,2024-09-30,1374,0
1716,2024-09-30,1374,0
1717,2024-09-24,1375,0
1718,2024-09-24,1375,0
1719,2023-09-24,1376,0
1720,2023-09-24,1376,0
1721,2024-06-16,1377,0
1722,2024-01-09,1378,0
1723,2025-01-17,1379,0
1724,2025-01-02,1380,1
1725,2024-09-22,1381,0
1726,2024-09-22,1381,0
1727,2023-09-28,1382,0
1728,2023-09-28,1382,0
1729,2024-06-07,1383,0
1730,2024-01-16,1384,0
1731,2025-01-18,1385,0
1732,2024-09-23,1386,1
1733,2023-09-27,1387,0
1734,2023-09-27,1387,0
1735,2024-06-08,1388,0
1736,2024-01-09,1389,0
1737,2025-01-13,1390,0
1738,2023-09-29,1391,0
1739,2023-09-29,1391,0
1740,2024-06-12,1392,0
1741,2024-01-10,1393,0
1742,2025-01-14,1394,0
1743,2024-12-29,1395,1
1744,,1396,1
1745,2024-09-26,1397,0
1746,2024-09-26,1397,0
1747,2024-09-23,1398,0
1748,2024-09-23,1398,0
1749,2024-09-30,1399,0
1750,2024-09-30,1399,0
1751,2024-10-14,1400,1
1752,2023-09-25,1401,0
1753,2023-09-25,1401,0
1754,2024-06-17,1402,0
1755,2024-01-13,1403,0
1756,2025-01-06,1404,0
1757,,1405,1
1758,,1406,1
1759,,1407,1
1760,,1408,1
1761,2023-09-30,1409,0
1762,2023-09-30,1409,0
1763,2024-06-14,1410,0
1764,2024-01-18,1411,0
1765,2025-01-13,1412,0
1766,,1413,1
1767,,1414,1
1768,2023-09-21,1415,0
1769,2023-09-21,1415,0
1770,2024-06-13,1416,0
1771,2024-01-16,1417,0
1772,2025-01-11,1418,0
1773,2023-09-24,1419,0
1774,2023-09-24,1419,0
1775,2024-06-11,1420,0
1776,2024-01-07,1421,0
1777,2025-01-15,1422,0
1778,2023-09-23,1423,0
1779,2023-09-23,1423,0
1780,2024-06-16,1424,0
1781,2024-01-18,1425,0
1782,2025-01-13,1426,0
1783,2024-09-26,1427,0
1784,2024-09-26,1427,0
1785,2024-09-29,1428,0
1786,2024-09-29,1428,0
1787,2023-09-24,1429,0
1788,2023-09-24,1429,0
1789,2024-06-12,1430,0
1790,2024-01-17,1431,0
1791,2025-01-14,1432,0
1792,2024-10-11,1433,1
1793,2023-09-23,1434,0
1794,2023-09-23,1434,0
1795,2024-06-11,1435,0
1796,2024-01-12,1436,0
1797,2025-01-16,1437,0
1798,2024-09-21,1438,0
1799,2024-09-21,1438,0
1800,2024-09-22,1439,0
1801,2024-09-22,1439,0
1802,,1440,1
1803,2023-09-21,1441,0
1804,2023-09-21,1441,0
1805,2024-06-14,1442,0
1806,2024-01-06,1443,0
1807,2025-01-17,1444,0
1808,2023-09-25,1445,0
1809,2023-09-25,1445,0
1810,2024-01-18,1446,0
1811,2025-01-09,1447,0
1812,2024-06-06,1448,0
1813,2024-01-18,1449,0
1814,2025-01-17,1450,0
1815,2023-09-27,1451,0
1816,2023-09-27,1451,0
1817,2024-06-11,1452,0
1818,2024-01-12,1453,0
1819,2025-01-18,1454,0
1820,,1455,1
1821,2023-09-27,1456,0
1822,2023-09-27,1456,0
1823,2024-06-16,1457,0
1824,2024-01-09,1458,0
1825,2025-01-09,1459,0
1826,2024-10-11,1460,1
1827,2024-10-09,1461,1
1828,2024-10-15,1462,1
1829,2023-09-28,1463,0
1830,2023-09-28,1463,0
1831,2024-06-14,1464,0
1832,2024-01-15,1465,0
1833,2025-01-18,1466,0
1834,2024-09-23,1467,1
1835,2024-09-22,1468,0
1836,2024-09-22,1468,0
1837,,1469,1
1838,2024-09-22,1470,0
1839,2024-09-22,1470,0
1840,2024-12-20,1471,1
1841,2023-09-28,1472,0
1842,2023-09-28,1472,0
1843,2024-06-15,1473,0
1844,2024-01-13,1474,0
1845,2025-01-17,1475,0
1846,2024-09-22,1476,0
1847,2024-09-22,1476,0
1848,2024-12-29,1477,1
1849,2023-09-25,1478,0
1850,2023-09-25,1478,0
1851,2024-06-11,1479,0
1852,2024-01-12,1480,0
1853,2025-01-09,1481,0
1854,,1482,1
1855,2024-09-30,1483,1
1856,,1484,1
1857,2024-10-07,1485,1
1858,2023-09-30,1486,0
1859,2023-09-30,1486,0
1860,2024-06-09,1487,0
1861,2024-01-10,1488,0
1862,2025-01-09,1489,0
1863,2023-09-29,1490,0
1864,2023-09-29,1490,0
1865,2024-06-07,1491,0
1866,2024-01-13,1492,0
1867,2025-01-16,1493,0
1868,,1494,1
1869,2024-10-07,1495,1
1870,2024-09-26,1496,0
1871,2024-09-26,1496,0
1872,2024-09-21,1497,0
1873,2024-09-21,1497,0
1874,2024-06-10,1498,0
1875,2024-01-08,1499,0
1876,2025-01-09,1500,0
1877,2023-09-29,1501,0
1878,2023-09-29,1501,0
1879,2024-06-17,1502,0
1880,2024-01-07,1503,0
1881,2025-01-16,1504,0
1882,2024-10-29,1505,1
1883,2023-09-30,1506,0
1884,2023-09-30,1506,0
1885,2024-06-09,1507,0
1886,2024-01-09,1508,0
1887,2025-01-06,1509,0
1888,2024-10-18,1510,1
1889,2023-09-21,1511,0
1890,2023-09-21,1511,0
1891,2024-06-08,1512,0
1892,2024-01-16,1513,0
1893,2025-01-13,1514,0
1894,2024-09-30,1515,0
1895,2024-09-30,1515,0
1896,2024-09-30,1516,0
1897,2024-09-30,1516,0
1898,2024-10-13,1517,1
1899,2025-01-02,1518,1
1900,2024-09-22,1519,0
1901,2024-09-22,1519,0
1902,,1520,1
1903,,1521,1
1904,2023-09-30,1522,0
1905,2023-09-30,1522,0
1906,2024-06-12,1523,0
1907,2024-01-06,1524,0
1908,2025-01-06,1525,0
1909,2024-10-12,1526,1
1910,2024-09-22,1527,0
1911,2024-09-22,1527,0
1912,2024-09-25,1528,0
1913,2024-09-25,1528,0
1914,2024-12-30,1529,1
1915,2024-10-09,1530,1
1916,,1531,1
1917,2024-10-24,1532,1
1918,2025-01-02,1533,1
1919,2024-09-26,1534,0
1920,2024-09-26,1534,0
1921,2024-10-01,1535,1
1922,2024-09-30,1536,0
1923,2024-09-30,1536,0
1924,2024-12-24,1537,1
1925,2023-09-30,1538,0
1926,2023-09-30,1538,0
1927,2024-06-09,1539,0
1928,2024-01-13,1540,0
1929,2025-01-17,1541,0
1930,2024-10-17,1542,1
1931,2023-09-24,1543,0
1932,2023-09-24,1543,0
1933,2024-06-09,1544,0
1934,2024-01-08,1545,0
1935,,1546,0
1936,2024-12-22,1547,1
1937,2024-09-24,1548,0
1938,2024-09-24,1548,0
1939,2024-10-24,1549,1
1940,2024-09-28,1550,0
1941,2024-09-28,1550,0
1942,2024-09-23,1551,0
1943,2024-09-23,1551,0
1944,2024-10-11,1552,1
1945,2024-09-28,1553,0
1946,2024-09-28,1553,0
1947,2024-10-09,1554,1
1948,,1555,1
1949,2023-09-25,1556,0
1950,2023-09-25,1556,0
1951,2024-06-18,1557,0
1952,2024-01-07,1558,0
1953,2025-01-15,1559,0
1954,2023-09-30,1560,0
1955,2023-09-30,1560,0
1956,2024-01-06,1561,0
1957,2025-01-12,1562,0
1958,2024-06-06,1563,0
1959,2024-01-06,1564,0
1960,2025-01-07,1565,0
1961,2024-09-22,1566,0
1962,2024-09-22,1566,0
1963,2024-09-26,1567,0
1964,2024-09-26,1567,0
1965,2025-01-03,1568,1
1966,,1569,1
1967,2024-09-30,1570,0
1968,2024-09-30,1570,0
1969,2024-09-21,1571,0
1970,2024-09-21,1571,0
1971,,1572,1
1972,2023-09-21,1573,0
1973,2023-09-21,1573,0
1974,2024-06-06,1574,0
1975,2024-01-10,1575,0
1976,2025-01-12,1576,0
1977,,1577,1
1978,2023-09-21,1578,0
1979,2023-09-21,1578,0
1980,2024-06-12,1579,0
1981,2024-01-17,1580,0
1982,2025-01-09,1581,0
1983,2025-01-04,1582,1
1984,2024-09-27,1583,0
1985,2024-09-27,1583,0
1986,2024-09-29,1584,0
1987,2024-09-29,1584,0
1988,2024-09-23,1585,1
1989,,1586,1
1990,2023-09-24,1587,0
1991,2023-09-24,1587,0
1992,2024-06-09,1588,0
1993,2024-01-08,1589,0
1994,2025-01-14,1590,0
1995,,1591,1
1996,2024-09-25,1592,0
1997,2024-09-25,1592,0
1998,2024-09-29,1593,0
1999,2024-09-29,1593,0
2000,2023-09-21,1594,0
2001,2023-09-21,1594,0
2002,2024-01-15,1595,0
2003,2025-01-15,1596,0
2004,2024-06-15,1597,0
2005,2024-01-10,1598,0
2006,2025-01-09,1599,0
2007,2023-09-22,1600,0
2008,2023-09-22,1600,0
2009,2024-06-14,1601,0
2010,2024-01-15,1602,0
2011,2025-01-10,1603,0
2012,,1604,1
2013,2023-09-28,1605,0
2014,2023-09-28,1605,0
2015,2024-06-10,1606,0
2016,2024-01-12,1607,0
2017,2025-01-09,1608,0
2018,2024-10-19,1609,1
2019,2023-09-22,1610,0
2020,2023-09-22,1610,0
2021,2024-06-07,1611,0
2022,2024-01-15,1612,0
2023,2025-01-11,1613,0
2024,2024-09-30,1614,0
2025,2024-09-30,1614,0
2026,2024-01-13,1615,0
2027,2025-01-10,1616,0
2028,2024-10-19,1617,1
2029,2023-09-24,1618,0
2030,2023-09-24,1618,0
2031,2024-06-12,1619,0
2032,2024-01-11,1620,0
2033,2025-01-18,1621,0
2034,,1622,1
2035,,1623,1
2036,2023-09-22,1624,0
2037,2023-09-22,1624,0
2038,2024-06-13,1625,0
2039,2024-01-07,1626,0
2040,2025-01-15,1627,0
2041,2023-09-25,1628,0
2042,2023-09-25,1628,0
2043,2024-06-12,1629,0
2044,2024-01-12,1630,0
2045,,1631,0
2046,2024-10-16,1632,1
2047,2024-09-21,1633,0
2048,2024-09-21,1633,0
2049,,1634,1
2050,2024-10-24,1635,1
2051,2024-12-30,1636,1
2052,,1637,1
2053,2024-09-28,1638,0
2054,2024-09-28,1638,0
2055,,1639,1
2056,2024-10-10,1640,1
2057,2024-10-25,1641,1
2058,2024-09-28,1642,0
2059,2024-09-28,1642,0
2060,2024-10-16,1643,1
2061,,1644,1
2062,2024-09-25,1645,0
2063,2024-09-25,1645,0
2064,2023-09-28,1646,0
2065,2023-09-28,1646,0
2066,2024-06-06,1647,0
2067,2024-01-14,1648,0
2068,2025-01-07,1649,0
2069,2023-09-21,1650,0
2070,2023-09-21,1650,0
2071,2024-06-15,1651,0
2072,2024-01-12,1652,0
2073,2025-01-11,1653,0
2074,2024-12-29,1654,1
2075,2023-09-27,1655,0
2076,2023-09-27,1655,0
2077,2024-06-18,1656,0
2078,2024-01-14,1657,0
2079,2025-01-12,1658,0
2080,2023-09-25,1659,0
2081,2023-09-25,1659,0
2082,2024-06-14,1660,0
2083,2024-01-09,1661,0
2084,2025-01-17,1662,0
2085,2023-09-26,1663,0
2086,2023-09-26,1663,0
2087,2024-06-17,1664,0
2088,2024-01-17,1665,0
2089,2025-01-14,1666,0
2090,2023-09-24,1667,0
2091,2023-09-24,1667,0
2092,2024-06-08,1668,0
2093,2024-01-17,1669,0
2094,2025-01-13,1670,0
2095,2024-09-28,1671,0
2096,2024-09-28,1671,0
2097,2024-10-05,1672,1
2098,2023-09-30,1673,0
2099,2023-09-30,1673,0
2100,2024-06-07,1674,0
2101,2024-01-07,1675,0
2102,2025-01-17,1676,0
2103,2023-09-25,1677,0
2104,2023-09-25,1677,0
2105,2024-06-18,1678,0
2106,2024-01-06,1679,0
2107,2025-01-09,1680,0
2108,2024-10-15,1681,1
2109,2025-01-03,1682,1
2110,2024-10-06,1683,1
2111,,1684,1
2112,2023-09-22,1685,0
2113,2023-09-22,1685,0
2114,2024-06-08,1686,0
2115,2024-01-09,1687,0
2116,2025-01-18,1688,0
2117,2024-09-23,1689,0
2118,2024-09-23,1689,0
2119,,1690,1
2120,2024-12-30,1691,1
2121,2023-09-29,1692,0
2122,2023-09-29,1692,0
2123,2024-06-07,1693,0
2124,2024-01-15,1694,0
2125,2025-01-09,1695,0
2126,2024-09-29,1696,1
2127,2023-09-26,1697,0
2128,2023-09-26,1697,0
2129,2024-06-08,1698,0
2130,2024-01-13,1699,0
2131,,1700,0
2132,2024-09-23,1701,0
2133,2024-09-23,1701,0
2134,2024-06-12,1702,0
2135,2024-01-12,1703,0
2136,2025-01-16,1704,0
2137,2023-09-24,1705,0
2138,2023-09-24,1705,0
2139,2024-06-12,1706,0
2140,2024-01-18,1707,0
2141,2025-01-06,1708,0
2142,2024-09-24,1709,0
2143,2024-09-24,1709,0
2144,2023-09-23,1710,0
2145,2023-09-23,1710,0
2146,2024-06-13,1711,0
2147,2024-01-12,1712,0
2148,2025-01-16,1713,0
2149,2024-09-27,1714,0
2150,2024-09-27,1714,0
2151,2024-10-01,1715,1
2152,2024-09-23,1716,0
2153,2024-09-23,1716,0
2154,2024-10-25,1717,1
2155,2023-09-29,1718,0
2156,2023-09-29,1718,0
2157,2024-06-06,1719,0
2158,2024-01-14,1720,0
2159,2025-01-10,1721,0
2160,2024-09-22,1722,0
2161,2024-09-22,1722,0
2162,2025-01-03,1723,1
2163,,1724,1
2164,2024-09-23,1725,0
2165,2024-09-23,1725,0
2166,2024-10-14,1726,1
2167,2024-10-07,1727,1
2168,2023-09-30,1728,0
2169,2023-09-30,1728,0
2170,2024-06-12,1729,0
2171,2024-01-07,1730,0
2172,2025-01-18,1731,0
2173,2024-09-25,1732,0
2174,2024-09-25,1732,0
2175,2024-10-11,1733,1
2176,2024-09-27,1734,0
2177,2024-09-27,1734,0
2178,2024-09-26,1735,0
2179,2024-09-26,1735,0
2180,2024-09-25,1736,1
2181,,1737,1
2182,2025-01-03,1738,1
2183,,1739,1
2184,2025-01-07,1740,1
2185,2024-12-29,1741,1
2186,,1742,1
2187,2024-10-17,1743,1
2188,2023-09-29,1744,0
2189,2023-09-29,1744,0
2190,2024-06-17,1745,0
2191,2024-01-10,1746,0
2192,2025-01-13,1747,0
2193,2024-10-01,1748,1
2194,2025-01-01,1749,1
2195,2023-09-22,1750,0
2196,2023-09-22,1750,0
2197,2024-06-10,1751,0
2198,2024-01-13,1752,0
2199,2025-01-06,1753,0
2200,,1754,1
2201,,1755,1
2202,,1756,1
2203,2024-09-28,1757,0
2204,2024-09-28,1757,0
2205,2024-12-28,1758,1
2206,2025-01-01,1759,1
2207,2023-09-25,1760,0
2208,2023-09-25,1760,0
2209,2024-06-13,1761,0
2210,2024-01-07,1762,0
2211,2025-01-11,1763,0
2212,,1764,1
2213,2023-09-28,1765,0
2214,2023-09-28,1765,0
2215,2024-06-06,1766,0
2216,2024-01-16,1767,0
2217,2025-01-06,1768,0
2218,2023-09-29,1769,0
2219,2023-09-29,1769,0
2220,2024-06-11,1770,0
2221,2024-01-12,1771,0
2222,2025-01-12,1772,0
2223,2024-12-26,1773,1
2224,2024-09-29,1774,0
2225,2024-09-29,1774,0
2226,2024-09-23,1775,0
2227,2024-09-23,1775,0
2228,2024-10-07,1776,1
2229,2023-09-25,1777,0
2230,2023-09-25,1777,0
2231,2024-06-16,1778,0
2232,2024-01-14,1779,0
2233,2025-01-16,1780,0
2234,2024-09-21,1781,0
2235,2024-09-21,1781,0
2236,2025-01-07,1782,1
2237,2023-09-23,1783,0
2238,2023-09-23,1783,0
2239,2024-06-15,1784,0
2240,2024-01-10,1785,0
2241,2025-01-15,1786,0
2242,,1787,1
2243,,1788,1
2244,2024-10-16,1789,1
2245,2024-09-27,1790,0
2246,2024-09-27,1790,0
2247,2024-01-11,1791,0
2248,2025-01-07,1792,0
2249,2023-09-26,1793,0
2250,2023-09-26,1793,0
2251,2024-06-12,1794,0
2252,2024-01-18,1795,0
2253,2025-01-09,1796,0
2254,2024-06-16,1797,0
2255,2024-01-06,1798,0
2256,2025-01-14,1799,0
2257,2023-09-23,1800,0
2258,2023-09-23,1800,0
2259,2024-06-13,1801,0
2260,2024-01-18,1802,0
2261,2025-01-09,1803,0
2262,2024-06-17,1804,0
2263,2024-01-07,1805,0
2264,2025-01-17,1806,0
2265,2024-09-23,1807,0
2266,2024-09-23,1807,0
2267,2024-09-28,1808,0
2268,2024-09-28,1808,0
2269,2024-01-10,1809,0
2270,2025-01-06,1810,0
2271,2023-09-25,1811,0
2272,2023-09-25,1811,0
2273,2024-06-13,1812,0
2274,2024-01-07,1813,0
2275,2025-01-15,1814,0
2276,2023-09-30,1815,0
2277,2023-09-30,1815,0
2278,2024-06-17,1816,0
2279,2024-01-16,1817,0
2280,2025-01-09,1818,0
2281,2023-09-29,1819,0
2282,2023-09-29,1819,0
2283,2024-06-17,1820,0
2284,2024-01-13,1821,0
2285,2025-01-18,1822,0
2286,,1823,1
2287,,1824,1
2288,,1825,1
2289,2024-09-22,1826,0
2290,2024-09-22,1826,0
2291,2023-09-28,1827,0
2292,2023-09-28,1827,0
2293,2024-06-16,1828,0
2294,2024-01-18,1829,0
2295,2025-01-17,1830,0
2296,2024-01-07,1831,0
2297,2025-01-18,1832,0
2298,2024-06-07,1833,0
2299,2024-01-18,1834,0
2300,2025-01-09,1835,0
2301,2023-09-27,1836,0
2302,2023-09-27,1836,0
2303,2024-06-08,1837,0
2304,2024-01-09,1838,0
2305,2025-01-13,1839,0
2306,2024-01-10,1840,0
2307,2025-01-14,1841,0
2308,2024-06-09,1842,0
2309,2024-01-12,1843,0
2310,2025-01-14,1844,0
2311,2024-09-25,1845,0
2312,2024-09-25,1845,0
2313,2024-10-12,1846,1
2314,2024-09-30,1847,0
2315,2024-09-30,1847,0
2316,,1848,1
2317,2024-12-19,1849,1
2318,,1850,1
2319,2024-09-24,1851,0
2320,2024-09-24,1851,0
2321,2024-12-26,1852,1
2322,2024-09-27,1853,0
2323,2024-09-27,1853,0
2324,2024-10-01,1854,1
2325,,1855,1
2326,2024-09-25,1856,0
2327,2024-09-25,1856,0
2328,2024-09-28,1857,0
2329,2024-09-28,1857,0
2330,2024-10-12,1858,1
2331,2024-09-26,1859,0
2332,2024-09-26,1859,0
2333,,1860,1
2334,2023-09-30,1861,0
2335,2023-09-30,1861,0
2336,2024-06-07,1862,0
2337,2024-01-11,1863,0
2338,2025-01-12,1864,0
2339,2023-09-28,1865,0
2340,2023-09-28,1865,0
2341,2024-06-15,1866,0
2342,2024-01-08,1867,0
2343,2025-01-12,1868,0
2344,2023-09-30,1869,0
2345,2023-09-30,1869,0
2346,2024-06-16,1870,0
2347,2024-01-15,1871,0
2348,2025-01-15,1872,0
2349,2024-09-26,1873,0
2350,2024-09-26,1873,0
2351,2024-01-16,1874,0
2352,2025-01-06,1875,0
2353,,1876,1
2354,2024-09-25,1877,0
2355,2024-09-25,1877,0
2356,2024-09-28,1878,0
2357,2024-09-28,1878,0
2358,,1879,1
2359,2025-01-05,1880,1
2360,2024-09-23,1881,0
2361,2024-09-23,1881,0
2362,2024-10-08,1882,1
2363,2024-09-25,1883,0
2364,2024-09-25,1883,0
2365,2024-12-20,1884,1
2366,2024-09-25,1885,0
2367,2024-09-25,1885,0
2368,2024-01-11,1886,0
2369,2025-01-12,1887,0
2370,2024-10-13,1888,1
2371,2023-09-22,1889,0
2372,2023-09-22,1889,0
2373,2024-06-08,1890,0
2374,2024-01-08,1891,0
2375,2025-01-13,1892,0
2376,2024-09-29,1893,0
2377,2024-09-29,1893,0
2378,2024-06-18,1894,0
2379,2024-01-17,1895,0
2380,2025-01-07,1896,0
2381,2023-09-25,1897,0
2382,2023-09-25,1897,0
2383,2024-06-11,1898,0
2384,2024-01-16,1899,0
2385,2025-01-09,1900,0
2386,,1901,1
2387,2024-10-14,1902,1
2388,2023-09-26,1903,0
2389,2023-09-26,1903,0
2390,2024-01-14,1904,0
2391,2025-01-15,1905,0
2392,2024-06-09,1906,0
2393,2024-01-09,1907,0
2394,2025-01-11,1908,0
2395,2023-09-26,1909,0
2396,2023-09-26,1909,0
2397,2024-06-09,1910,0
2398,2024-01-10,1911,0
2399,2025-01-16,1912,0
2400,,1913,1
2401,2024-10-15,1914,1
2402,2023-09-26,1915,0
2403,2023-09-26,1915,0
2404,2024-06-16,1916,0
2405,2024-01-10,1917,0
2406,2025-01-16,1918,0
2407,2024-09-24,1919,0
2408,2024-09-24,1919,0
2409,2024-09-26,1920,0
2410,2024-09-26,1920,0
2411,2024-10-28,1921,1
2412,2024-12-28,1922,1
2413,2023-09-26,1923,0
2414,2023-09-26,1923,0
2415,2024-06-08,1924,0
2416,2024-01-15,1925,0
2417,2025-01-07,1926,0
2418,2024-12-30,1927,1
2419,2024-09-21,1928,0
2420,2024-09-21,1928,0
2421,2024-09-25,1929,0
2422,2024-09-25,1929,0
2423,2023-09-22,1930,0
2424,2023-09-22,1930,0
2425,2024-06-08,1931,0
2426,2024-01-17,1932,0
2427,2025-01-17,1933,0
2428,2024-09-26,1934,0
2429,2024-09-26,1934,0
2430,2025-01-02,1935,1
2431,2025-01-05,1936,1
2432,,1937,1
2433,2023-09-28,1938,0
2434,2023-09-28,1938,0
2435,2024-06-10,1939,0
2436,2024-01-12,1940,0
2437,2025-01-09,1941,0
2438,2024-01-18,1942,0
2439,,1943,0
2440,,1944,1
2441,,1945,1
2442,2024-09-26,1946,0
2443,2024-09-26,1946,0
2444,2024-12-29,1947,1
2445,2024-09-25,1948,0
2446,2024-09-25,1948,0
2447,2024-09-24,1949,0
2448,2024-09-24,1949,0
2449,2025-01-04,1950,1
2450,,1951,1
2451,2024-10-17,1952,1
2452,2023-09-28,1953,0
2453,2023-09-28,1953,0
2454,2024-06-13,1954,0
2455,2024-01-18,1955,0
2456,2025-01-14,1956,0
2457,2024-10-13,1957,1
2458,,1958,1
2459,,1959,1
2460,,1960,1
2461,2024-10-24,1961,1
2462,2024-09-23,1962,0
2463,2024-09-23,1962,0
2464,2024-10-12,1963,1
2465,2023-09-30,1964,0
2466,2023-09-30,1964,0
2467,2024-06-11,1965,0
2468,2024-01-18,1966,0
2469,2025-01-07,1967,0
2470,,1968,1
2471,2023-09-26,1969,0
2472,2023-09-26,1969,0
2473,2024-06-14,1970,0
2474,2024-01-06,1971,0
2475,2025-01-13,1972,0
2476,2024-09-22,1973,1
2477,,1974,1
2478,,1975,1
2479,2024-09-27,1976,0
2480,2024-09-27,1976,0
2481,,1977,1
2482,2025-01-03,1978,1
2483,2024-09-30,1979,1
2484,,1980,1
2485,,1981,1
2486,,1982,1
2487,2023-09-21,1983,0
2488,2023-09-21,1983,0
2489,2024-06-11,1984,0
2490,2024-01-10,1985,0
2491,2025-01-10,1986,0
2492,2025-01-01,1987,1
2493,2024-09-26,1988,0
2494,2024-09-26,1988,0
2495,2024-10-20,1989,1
2496,2024-12-25,1990,1
2497,2024-09-23,1991,0
2498,2024-09-23,1991,0
2499,2023-09-23,1992,0
2500,2023-09-23,1992,0
2501,2024-06-18,1993,0
2502,2024-01-10,1994,0
2503,2025-01-16,1995,0
2504,2023-09-27,1996,0
2505,2023-09-27,1996,0
2506,2024-06-16,1997,0
2507,2024-01-06,1998,0
2508,2025-01-17,1999,0
2509,2023-09-30,2000,0
2510,2023-09-30,2000,0
2511,2024-06-17,2001,0
2512,2024-01-08,2002,0
2513,2025-01-14,2003,0
2514,2023-09-26,2004,0
2515,2023-09-26,2004,0
2516,2024-01-09,2005,0
2517,2025-01-13,2006,0
2518,2024-06-10,2007,0
2519,2024-01-08,2008,0
2520,2025-01-13,2009,0
2521,,2010,1
2522,2024-09-21,2011,0
2523,2024-09-21,2011,0
2524,2023-09-27,2012,0
2525,2023-09-27,2012,0
2526,2024-06-16,2013,0
2527,2024-01-13,2014,0
2528,2025-01-07,2015,0
2529,,2016,1
2530,2024-09-27,2017,0
2531,2024-09-27,2017,0
2532,2024-09-21,2018,0
2533,2024-09-21,2018,0
2534,,2019,1
2535,2024-09-21,2020,0
2536,2024-09-21,2020,0
2537,2024-09-25,2021,0
2538,2024-09-25,2021,0
2539,2024-09-29,2022,0
2540,2024-09-29,2022,0
2541,2024-09-30,2023,0
2542,2024-09-30,2023,0
2543,,2024,1
2544,2023-09-27,2025,0
2545,2023-09-27,2025,0
2546,2024-06-13,2026,0
2547,2024-01-06,2027,0
2548,2025-01-13,2028,0
2549,2024-09-22,2029,0
2550,2024-09-22,2029,0
2551,2024-06-06,2030,0
2552,2024-01-08,2031,0
2553,2025-01-07,2032,0
2554,2023-09-23,2033,0
2555,2023-09-23,2033,0
2556,2024-06-15,2034,0
2557,2024-01-18,2035,0
2558,2025-01-10,2036,0
2559,,2037,1
2560,,2038,1
2561,2024-09-30,2039,0
2562,2024-09-30,2039,0
2563,2024-01-12,2040,0
2564,,2041,0
2565,2023-09-25,2042,0
2566,2023-09-25,2042,0
2567,2024-06-12,2043,0
2568,2024-01-10,2044,0
2569,2025-01-17,2045,0
2570,2024-09-26,2046,0
2571,2024-09-26,2046,0
2572,,2047,1
2573,2024-09-28,2048,0
2574,2024-09-28,2048,0
2575,2024-09-29,2049,0
2576,2024-09-29,2049,0
2577,,2050,1
2578,,2051,1
2579,2024-09-28,2052,1
2580,2024-09-25,2053,1
2581,2024-09-25,2054,0
2582,2024-09-25,2054,0
2583,,2055,1
2584,2024-10-11,2056,1
2585,2023-09-26,2057,0
2586,2023-09-26,2057,0
2587,2024-06-06,2058,0
2588,2024-01-13,2059,0
2589,2025-01-18,2060,0
2590,,2061,1
2591,2024-09-30,2062,0
2592,2024-09-30,2062,0
2593,2023-09-24,2063,0
2594,2023-09-24,2063,0
2595,2024-06-11,2064,0
2596,2024-01-10,2065,0
2597,2025-01-07,2066,0
2598,2023-09-26,2067,0
2599,2023-09-26,2067,0
2600,2024-06-14,2068,0
2601,2024-01-10,2069,0
2602,2025-01-13,2070,0
2603,2023-09-30,2071,0
2604,2023-09-30,2071,0
2605,2024-06-14,2072,0
2606,2024-01-07,2073,0
2607,2025-01-17,2074,0
2608,2023-09-27,2075,0
2609,2023-09-27,2075,0
2610,2024-06-08,2076,0
2611,2024-01-10,2077,0
2612,2025-01-15,2078,0
2613,2024-09-29,2079,0
2614,2024-09-29,2079,0
2615,2024-10-31,2080,1
2616,2023-09-22,2081,0
2617,2023-09-22,2081,0
2618,2024-06-08,2082,0
2619,2024-01-11,2083,0
2620,2025-01-11,2084,0
2621,2023-09-23,2085,0
2622,2023-09-23,2085,0
2623,2024-06-10,2086,0
2624,2024-01-15,2087,0
2625,2025-01-14,2088,0
2626,2024-10-12,2089,1
2627,,2090,1
2628,2025-01-06,2091,1
2629,2023-09-29,2092,0
2630,2023-09-29,2092,0
2631,2024-06-10,2093,0
2632,2024-01-07,2094,0
2633,2025-01-09,2095,0
2634,,2096,1
2635,2024-10-30,2097,1
2636,2024-09-23,2098,0
2637,2024-09-23,2098,0
2638,2024-10-14,2099,1
2639,2023-09-28,2100,0
2640,2023-09-28,2100,0
2641,2024-06-17,2101,0
2642,2024-01-11,2102,0
2643,2025-01-16,2103,0
2644,,2104,1
2645,2024-10-25,2105,1
2646,2024-10-06,2106,1
2647,2023-09-22,2107,0
2648,2023-09-22,2107,0
2649,2024-06-06,2108,0
2650,2024-01-14,2109,0
2651,2025-01-18,2110,0
2652,2024-09-27,2111,0
2653,2024-09-27,2111,0
2654,,2112,1
2655,2024-09-26,2113,0
2656,2024-09-26,2113,0
2657,2024-12-24,2114,1
2658,2023-09-21,2115,0
2659,2023-09-21,2115,0
2660,2024-06-14,2116,0
2661,2024-01-15,2117,0
2662,2025-01-13,2118,0
2663,2024-10-11,2119,1
2664,2023-09-29,2120,0
2665,2023-09-29,2120,0
2666,2024-06-14,2121,0
2667,2024-01-12,2122,0
2668,2025-01-13,2123,0
2669,2023-09-28,2124,0
2670,2023-09-28,2124,0
2671,2024-06-10,2125,0
2672,2024-01-09,2126,0
2673,2025-01-12,2127,0
2674,2023-09-26,2128,0
2675,2023-09-26,2128,0
2676,2024-06-11,2129,0
2677,2024-01-07,2130,0
2678,2025-01-06,2131,0
2679,2024-10-11,2132,1
2680,,2133,1
2681,,2134,1
2682,2024-09-30,2135,0
2683,2024-09-30,2135,0
2684,2024-09-23,2136,1
2685,2024-10-28,2137,1
2686,2023-09-28,2138,0
2687,2023-09-28,2138,0
2688,2024-06-13,2139,0
2689,2024-01-14,2140,0
2690,2025-01-16,2141,0
2691,2025-01-03,2142,1
2692,,2143,1
2693,2024-10-14,2144,1
2694,2024-09-21,2145,0
2695,2024-09-21,2145,0
2696,2023-09-28,2146,0
2697,2023-09-28,2146,0
2698,2024-06-12,2147,0
2699,2024-01-16,2148,0
2700,2025-01-12,2149,0
2701,2024-09-24,2150,0
2702,2024-09-24,2150,0
2703,2024-09-24,2151,0
2704,2024-09-24,2151,0
2705,2024-09-25,2152,1
2706,2023-09-27,2153,0
2707,2023-09-27,2153,0
2708,2024-06-09,2154,0
2709,2024-01-15,2155,0
2710,2025-01-10,2156,0
2711,2024-10-31,2157,1
2712,2023-09-30,2158,0
2713,2023-09-30,2158,0
2714,2024-06-15,2159,0
2715,2024-01-18,2160,0
2716,2025-01-18,2161,0
2717,2024-09-24,2162,0
2718,2024-09-24,2162,0
2719,,2163,1
2720,2024-10-16,2164,1
2721,2024-10-16,2165,1
2722,2024-09-21,2166,0
2723,2024-09-21,2166,0
2724,2024-09-24,2167,0
2725,2024-09-24,2167,0
2726,2025-01-01,2168,1
2727,2024-09-25,2169,0
2728,2024-09-25,2169,0
2729,2024-12-11,2170,1
2730,2024-12-26,2171,1
2731,,2172,1
2732,2024-09-28,2173,0
2733,2024-09-28,2173,0
2734,,2174,1
2735,2024-09-25,2175,1
2736,2024-12-23,2176,1
2737,2024-12-26,2177,1
2738,2023-09-30,2178,0
2739,2023-09-30,2178,0
2740,2024-06-06,2179,0
2741,2024-01-07,2180,0
2742,2025-01-14,2181,0
2743,2024-09-29,2182,0
2744,2024-09-29,2182,0
2745,2023-09-24,2183,0
2746,2023-09-24,2183,0
2747,2024-06-12,2184,0
2748,2024-01-12,2185,0
2749,2025-01-17,2186,0
2750,2024-09-30,2187,1
2751,2024-10-29,2188,1
2752,2024-09-22,2189,0
2753,2024-09-22,2189,0
2754,,2190,1
2755,2024-10-06,2191,1
2756,2024-12-30,2192,1
2757,2025-01-05,2193,1
2758,2024-09-23,2194,0
2759,2024-09-23,2194,0
2760,2023-09-29,2195,0
2761,2023-09-29,2195,0
2762,2024-06-09,2196,0
2763,2024-01-06,2197,0
2764,2025-01-10,2198,0
2765,2024-09-23,2199,0
2766,2024-09-23,2199,0
2767,2024-10-14,2200,1
2768,2025-01-07,2201,1
2769,,2202,1
2770,2025-01-03,2203,1
2771,2024-10-14,2204,1
2772,,2205,1
2773,2024-09-30,2206,0
2774,2024-09-30,2206,0
2775,2024-09-21,2207,0
2776,2024-09-21,2207,0
2777,2024-09-22,2208,0
2778,2024-09-22,2208,0
2779,2023-09-28,2209,0
2780,2023-09-28,2209,0
2781,2024-06-06,2210,0
2782,2024-01-15,2211,0
2783,2025-01-16,2212,0
2784,2024-01-10,2213,0
2785,2025-01-17,2214,0
2786,,2215,1
2787,,2216,1
2788,2024-10-12,2217,1
2789,2024-09-27,2218,0
2790,2024-09-27,2218,0
2791,2024-09-21,2219,0
2792,2024-09-21,2219,0
2793,2024-09-25,2220,0
2794,2024-09-25,2220,0
2795,2023-09-28,2221,0
2796,2023-09-28,2221,0
2797,2024-06-09,2222,0
2798,2024-01-07,2223,0
2799,2025-01-06,2224,0
2800,2025-01-04,2225,1
2801,2024-12-14,2226,1
2802,,2227,1
2803,2023-09-29,2228,0
2804,2023-09-29,2228,0
2805,2024-06-09,2229,0
2806,2024-01-11,2230,0
2807,2025-01-11,2231,0
2808,,2232,1
2809,2023-09-30,2233,0
2810,2023-09-30,2233,0
2811,2024-06-10,2234,0
2812,2024-01-12,2235,0
2813,2025-01-10,2236,0
2814,2024-09-23,2237,0
2815,2024-09-23,2237,0
2816,2023-09-28,2238,0
2817,2023-09-28,2238,0
2818,2024-06-06,2239,0
2819,2024-01-06,2240,0
2820,2025-01-12,2241,0
2821,2023-09-30,2242,0
2822,2023-09-30,2242,0
2823,2024-06-09,2243,0
2824,2024-01-08,2244,0
2825,2025-01-14,2245,0
2826,2024-09-29,2246,0
2827,2024-09-29,2246,0
2828,2023-09-30,2247,0
2829,2023-09-30,2247,0
2830,2024-06-15,2248,0
2831,2024-01-18,2249,0
2832,2025-01-13,2250,0
2833,2025-01-02,2251,1
2834,2024-09-29,2252,0
2835,2024-09-29,2252,0
2836,2023-09-21,2253,0
2837,2023-09-21,2253,0
2838,2024-06-17,2254,0
2839,2024-01-07,2255,0
2840,2025-01-15,2256,0
2841,2024-09-21,2257,0
2842,2024-09-21,2257,0
2843,2024-06-17,2258,0
2844,2024-01-17,2259,0
2845,2025-01-11,2260,0
2846,2024-10-14,2261,1
2847,2023-09-27,2262,0
2848,2023-09-27,2262,0
2849,2024-01-11,2263,0
2850,2025-01-09,2264,0
2851,2024-06-11,2265,0
2852,2024-01-10,2266,0
2853,2025-01-10,2267,0
2854,2024-09-27,2268,1
2855,2023-09-21,2269,0
2856,2023-09-21,2269,0
2857,2024-06-11,2270,0
2858,2024-01-16,2271,0
2859,2025-01-06,2272,0
2860,2024-09-25,2273,0
2861,2024-09-25,2273,0
2862,2024-09-26,2274,0
2863,2024-09-26,2274,0
2864,2024-12-29,2275,1
2865,,2276,1
2866,,2277,1
2867,2024-09-24,2278,1
2868,2024-12-28,2279,1
2869,2023-09-30,2280,0
2870,2023-09-30,2280,0
2871,2024-06-10,2281,0
2872,2024-01-06,2282,0
2873,2025-01-13,2283,0
2874,2023-09-23,2284,0
2875,2023-09-23,2284,0
2876,2024-06-08,2285,0
2877,2024-01-18,2286,0
2878,2025-01-15,2287,0
2879,2024-10-17,2288,1
2880,2024-09-27,2289,0
2881,2024-09-27,2289,0
2882,2024-09-24,2290,0
2883,2024-09-24,2290,0
2884,2024-12-11,2291,1
2885,2024-12-28,2292,1
2886,2023-09-25,2293,0
2887,2023-09-25,2293,0
2888,2024-06-12,2294,0
2889,2024-01-11,2295,0
2890,2025-01-10,2296,0
2891,2024-01-15,2297,0
2892,2025-01-15,2298,0
2893,2025-01-04,2299,1
2894,2024-10-06,2300,1
2895,2024-12-31,2301,1
2896,,2302,1
2897,2023-09-28,2303,0
2898,2023-09-28,2303,0
2899,2024-06-14,2304,0
2900,2024-01-12,2305,0
2901,2025-01-10,2306,0
2902,2024-10-31,2307,1
2903,2023-09-29,2308,0
2904,2023-09-29,2308,0
2905,2024-06-13,2309,0
2906,2024-01-12,2310,0
2907,2025-01-15,2311,0
2908,,2312,1
2909,,2313,1
2910,2025-01-04,2314,1
2911,2024-09-22,2315,0
2912,2024-09-22,2315,0
2913,2024-10-19,2316,1
2914,2024-09-23,2317,0
2915,2024-09-23,2317,0
2916,2024-09-24,2318,0
2917,2024-09-24,2318,0
2918,,2319,1
2919,2024-09-25,2320,0
2920,2024-09-25,2320,0
2921,2024-10-20,2321,1
2922,2023-09-30,2322,0
2923,2023-09-30,2322,0
2924,2024-06-14,2323,0
2925,2024-01-15,2324,0
2926,2025-01-13,2325,0
2927,2024-09-27,2326,0
2928,2024-09-27,2326,0
2929,2024-06-11,2327,0
2930,2024-01-16,2328,0
2931,2025-01-12,2329,0
2932,2023-09-28,2330,0
2933,2023-09-28,2330,0
2934,2024-06-06,2331,0
2935,2024-01-17,2332,0
2936,2025-01-13,2333,0
2937,2024-09-28,2334,0
2938,2024-09-28,2334,0
2939,2025-01-06,2335,1
2940,2025-01-05,2336,1
2941,2023-09-28,2337,0
2942,2023-09-28,2337,0
2943,2024-06-12,2338,0
2944,2024-01-07,2339,0
2945,2025-01-11,2340,0
2946,2024-10-19,2341,1
2947,2024-12-27,2342,1
2948,,2343,1
2949,2024-09-27,2344,0
2950,2024-09-27,2344,0
2951,2023-09-23,2345,0
2952,2023-09-23,2345,0
2953,2024-06-18,2346,0
2954,2024-01-14,2347,0
2955,2025-01-13,2348,0
2956,2024-10-12,2349,1
2957,2024-09-24,2350,0
2958,2024-09-24,2350,0
2959,2024-09-25,2351,0
2960,2024-09-25,2351,0
2961,2024-09-30,2352,1
2962,2024-09-24,2353,0
2963,2024-09-24,2353,0
2964,,2354,1
2965,,2355,1
2966,2023-09-21,2356,0
2967,2023-09-21,2356,0
2968,2024-06-06,2357,0
2969,2024-01-15,2358,0
2970,2025-01-18,2359,0
2971,2024-01-06,2360,0
2972,2025-01-16,2361,0
2973,,2362,1
2974,,2363,1
2975,2024-09-23,2364,1
2976,,2365,1
2977,2024-09-28,2366,1
2978,2024-10-06,2367,1
2979,2023-09-23,2368,0
2980,2023-09-23,2368,0
2981,2024-06-17,2369,0
2982,2024-01-13,2370,0
2983,2025-01-15,2371,0
2984,,2372,1
2985,,2373,1
2986,,2374,1
2987,2023-09-27,2375,0
2988,2023-09-27,2375,0
2989,2024-06-17,2376,0
2990,2024-01-17,2377,0
2991,2025-01-09,2378,0
2992,2024-09-27,2379,1
2993,2024-10-11,2380,1
2994,,2381,1
2995,2023-09-29,2382,0
2996,2023-09-29,2382,0
2997,2024-06-11,2383,0
2998,2024-01-07,2384,0
2999,2025-01-09,2385,0
3000,2024-10-19,2386,1
3001,2024-09-27,2387,0
3002,2024-09-27,2387,0
3003,2024-09-23,2388,0
3004,2024-09-23,2388,0
3005,,2389,1
3006,,2390,1
3007,,2391,1
3008,,2392,1
3009,,2393,1
3010,2023-09-28,2394,0
3011,2023-09-28,2394,0
3012,2024-06-09,2395,0
3013,2024-01-13,2396,0
3014,2025-01-14,2397,0
3015,2024-09-26,2398,0
3016,2024-09-26,2398,0
3017,2023-09-28,2399,0
3018,2023-09-28,2399,0
3019,2024-06-06,2400,0
3020,2024-01-15,2401,0
3021,2025-01-12,2402,0
3022,2024-12-28,2403,1
3023,,2404,1
3024,2024-10-01,2405,1
3025,2023-09-22,2406,0
3026,2023-09-22,2406,0
3027,2024-06-12,2407,0
3028,2024-01-07,2408,0
3029,2025-01-07,2409,0
3030,2024-09-24,2410,1
3031,2023-09-28,2411,0
3032,2023-09-28,2411,0
3033,2024-06-13,2412,0
3034,2024-01-06,2413,0
3035,2025-01-07,2414,0
3036,,2415,1
3037,2024-10-15,2416,1
3038,,2417,1
3039,,2418,1
3040,2024-10-10,2419,1
3041,,2420,1
3042,2024-10-14,2421,1
3043,2023-09-28,2422,0
3044,2023-09-28,2422,0
3045,2024-06-09,2423,0
3046,2024-01-14,2424,0
3047,2025-01-09,2425,0
3048,2023-09-29,2426,0
3049,2023-09-29,2426,0
3050,2024-06-13,2427,0
3051,2024-01-07,2428,0
3052,,2429,0
3053,2024-09-23,2430,0
3054,2024-09-23,2430,0
3055,2024-10-11,2431,1
3056,2024-09-30,2432,0
3057,2024-09-30,2432,0
3058,2023-09-26,2433,0
3059,2023-09-26,2433,0
3060,2024-06-10,2434,0
3061,2024-01-12,2435,0
3062,2025-01-14,2436,0
3063,2024-09-24,2437,0
3064,2024-09-24,2437,0
3065,2024-06-17,2438,0
3066,2024-01-13,2439,0
3067,2025-01-15,2440,0
3068,2023-09-22,2441,0
3069,2023-09-22,2441,0
3070,2024-06-11,2442,0
3071,2024-01-10,2443,0
3072,2025-01-17,2444,0
3073,2023-09-22,2445,0
3074,2023-09-22,2445,0
3075,2024-06-18,2446,0
3076,2024-01-16,2447,0
3077,2025-01-07,2448,0
3078,2025-01-07,2449,1
3079,2024-09-26,2450,0
3080,2024-09-26,2450,0
3081,2024-09-30,2451,0
3082,2024-09-30,2451,0
3083,2025-01-04,2452,1
3084,2024-09-26,2453,0
3085,2024-09-26,2453,0
3086,2024-09-21,2454,0
3087,2024-09-21,2454,0
3088,,2455,1
3089,2024-09-28,2456,0
3090,2024-09-28,2456,0
3091,2024-10-29,2457,1
3092,2024-12-16,2458,1
3093,,2459,1
3094,2024-09-22,2460,0
3095,2024-09-22,2460,0
3096,2024-10-07,2461,1
3097,2024-12-21,2462,1
3098,2024-10-20,2463,1
3099,2024-10-31,2464,1
3100,2024-09-30,2465,0
3101,2024-09-30,2465,0
3102,2024-09-28,2466,0
3103,2024-09-28,2466,0
3104,2024-10-17,2467,1
3105,,2468,1
3106,2023-09-21,2469,0
3107,2023-09-21,2469,0
3108,2024-06-12,2470,0
3109,2024-01-14,2471,0
3110,2025-01-15,2472,0
3111,2023-09-25,2473,0
3112,2023-09-25,2473,0
3113,2024-06-16,2474,0
3114,2024-01-17,2475,0
3115,2025-01-18,2476,0
3116,,2477,1
3117,2023-09-21,2478,0
3118,2023-09-21,2478,0
3119,2024-01-07,2479,0
3120,2025-01-17,2480,0
3121,2024-06-17,2481,0
3122,2024-01-11,2482,0
3123,2025-01-16,2483,0
3124,2023-09-29,2484,0
3125,2023-09-29,2484,0
3126,2024-06-17,2485,0
3127,2024-01-16,2486,0
3128,2025-01-10,2487,0
3129,2024-12-22,2488,1
3130,2024-09-22,2489,0
3131,2024-09-22,2489,0
3132,2024-09-30,2490,0
3133,2024-09-30,2490,0
3134,2024-10-07,2491,1
3135,,2492,1
3136,2023-09-30,2493,0
3137,2023-09-30,2493,0
3138,2024-06-13,2494,0
3139,2024-01-11,2495,0
3140,,2496,0
3141,2023-09-27,2497,0
3142,2023-09-27,2497,0
3143,2024-06-08,2498,0
3144,2024-01-09,2499,0
3145,2025-01-06,2500,0
3146,2023-09-26,2501,0
3147,2023-09-26,2501,0
3148,2024-06-17,2502,0
3149,2024-01-07,2503,0
3150,2025-01-06,2504,0
3151,2023-09-22,2505,0
3152,2023-09-22,2505,0
3153,2024-06-08,2506,0
3154,2024-01-14,2507,0
3155,2025-01-15,2508,0
3156,2023-09-28,2509,0
3157,2023-09-28,2509,0
3158,2024-06-10,2510,0
3159,2024-01-17,2511,0
3160,2025-01-17,2512,0
3161,2024-09-22,2513,0
3162,2024-09-22,2513,0
3163,2023-09-23,2514,0
3164,2023-09-23,2514,0
3165,2024-06-14,2515,0
3166,2024-01-08,2516,0
3167,2025-01-16,2517,0
3168,2025-01-04,2518,1
3169,2023-09-26,2519,0
3170,2023-09-26,2519,0
3171,2024-06-09,2520,0
3172,2024-01-18,2521,0
3173,2025-01-17,2522,0
3174,2023-09-25,2523,0
3175,2023-09-25,2523,0
3176,2024-06-17,2524,0
3177,2024-01-08,2525,0
3178,2025-01-06,2526,0
3179,2023-09-30,2527,0
3180,2023-09-30,2527,0
3181,2024-06-18,2528,0
3182,2024-01-11,2529,0
3183,2025-01-16,2530,0
3184,2023-09-30,2531,0
3185,2023-09-30,2531,0
3186,2024-06-09,2532,0
3187,2024-01-06,2533,0
3188,2025-01-11,2534,0
3189,2024-09-22,2535,1
3190,,2536,1
3191,2023-09-27,2537,0
3192,2023-09-27,2537,0
3193,2024-06-16,2538,0
3194,2024-01-16,2539,0
3195,2025-01-10,2540,0
3196,2024-10-24,2541,1
3197,2024-10-12,2542,1
3198,2025-01-02,2543,1
3199,2024-10-27,2544,1
3200,,2545,1
3201,2024-09-23,2546,0
3202,2024-09-23,2546,0
3203,2024-09-23,2547,1
3204,2024-10-30,2548,1
3205,2024-09-24,2549,0
3206,2024-09-24,2549,0
3207,2025-01-04,2550,1
3208,2024-09-29,2551,0
3209,2024-09-29,2551,0
3210,,2552,1
3211,2024-10-25,2553,1
3212,,2554,1
3213,2023-09-22,2555,0
3214,2023-09-22,2555,0
3215,2024-06-16,2556,0
3216,2024-01-14,2557,0
3217,2025-01-15,2558,0
3218,2024-09-26,2559,0
3219,2024-09-26,2559,0
3220,,2560,1
3221,,2561,1
3222,2024-10-31,2562,1
3223,2024-09-26,2563,0
3224,2024-09-26,2563,0
3225,2023-09-23,2564,0
3226,2023-09-23,2564,0
3227,2024-06-14,2565,0
3228,2024-01-14,2566,0
3229,2025-01-07,2567,0
3230,2023-09-27,2568,0
3231,2023-09-27,2568,0
3232,2024-06-06,2569,0
3233,2024-01-06,2570,0
3234,2025-01-06,2571,0
3235,2024-12-27,2572,1
3236,,2573,1
3237,2024-10-07,2574,1
3238,2023-09-21,2575,0
3239,2023-09-21,2575,0
3240,2024-06-06,2576,0
3241,2024-01-09,2577,0
3242,2025-01-16,2578,0
3243,,2579,1
3244,2024-09-28,2580,1
3245,2023-09-26,2581,0
3246,2023-09-26,2581,0
3247,2024-06-10,2582,0
3248,2024-01-16,2583,0
3249,2025-01-07,2584,0
3250,,2585,1
3251,,2586,1
3252,2023-09-21,2587,0
3253,2023-09-21,2587,0
3254,2024-06-14,2588,0
3255,2024-01-09,2589,0
3256,2025-01-16,2590,0
3257,2024-10-08,2591,1
3258,,2592,1
3259,,2593,1
3260,2024-09-24,2594,1
3261,2024-09-26,2595,0
3262,2024-09-26,2595,0
3263,,2596,1
3264,2023-09-26,2597,0
3265,2023-09-26,2597,0
3266,2024-06-10,2598,0
3267,2024-01-16,2599,0
3268,2025-01-14,2600,0
3269,,2601,1
3270,2023-09-21,2602,0
3271,2023-09-21,2602,0
3272,2024-06-07,2603,0
3273,2024-01-07,2604,0
3274,2025-01-11,2605,0
3275,2024-06-13,2606,0
3276,2024-01-14,2607,0
3277,2025-01-11,2608,0
3278,2023-09-30,2609,0
3279,2023-09-30,2609,0
3280,2024-06-06,2610,0
3281,2024-01-08,2611,0
3282,2025-01-06,2612,0
3283,2024-06-09,2613,0
3284,2024-01-13,2614,0
3285,2025-01-13,2615,0
3286,2024-12-24,2616,1
3287,,2617,1
3288,,2618,1
3289,2024-09-27,2619,0
3290,2024-09-27,2619,0
3291,,2620,1
3292,2025-01-03,2621,1
3293,,2622,1
3294,2024-10-11,2623,1
3295,2024-09-30,2624,0
3296,2024-09-30,2624,0
3297,2024-10-12,2625,1
3298,,2626,1
3299,2023-09-26,2627,0
3300,2023-09-26,2627,0
3301,2024-06-17,2628,0
3302,2024-01-15,2629,0
3303,2025-01-15,2630,0
3304,2024-09-24,2631,0
3305,2024-09-24,2631,0
3306,,2632,1
3307,2024-09-26,2633,0
3308,2024-09-26,2633,0
3309,2024-01-08,2634,0
3310,2025-01-15,2635,0
3311,2023-09-25,2636,0
3312,2023-09-25,2636,0
3313,2024-06-17,2637,0
3314,2024-01-07,2638,0
3315,2025-01-18,2639,0
3316,2023-09-27,2640,0
3317,2023-09-27,2640,0
3318,2024-06-16,2641,0
3319,2024-01-17,2642,0
3320,2025-01-17,2643,0
3321,2024-12-31,2644,1
3322,,2645,1
3323,2023-09-28,2646,0
3324,2023-09-28,2646,0
3325,2024-06-07,2647,0
3326,2024-01-13,2648,0
3327,2025-01-06,2649,0
3328,2024-09-24,2650,0
3329,2024-09-24,2650,0
3330,2024-06-18,2651,0
3331,2024-01-06,2652,0
3332,2025-01-12,2653,0
3333,2023-09-22,2654,0
3334,2023-09-22,2654,0
3335,2024-06-16,2655,0
3336,2024-01-10,2656,0
3337,,2657,0
3338,2023-09-26,2658,0
3339,2023-09-26,2658,0
3340,2024-06-15,2659,0
3341,2024-01-17,2660,0
3342,2025-01-07,2661,0
3343,,2662,1
3344,,2663,1
3345,2023-09-26,2664,0
3346,2023-09-26,2664,0
3347,2024-06-16,2665,0
3348,2024-01-15,2666,0
3349,2025-01-12,2667,0
3350,2024-09-28,2668,0
3351,2024-09-28,2668,0
3352,2023-09-24,2669,0
3353,2023-09-24,2669,0
3354,2024-06-13,2670,0
3355,2024-01-10,2671,0
3356,2025-01-10,2672,0
3357,2024-01-18,2673,0
3358,2025-01-06,2674,0
3359,2024-10-10,2675,1
3360,2024-09-27,2676,1
3361,2024-09-21,2677,0
3362,2024-09-21,2677,0
3363,2024-10-19,2678,1
3364,2023-09-24,2679,0
3365,2023-09-24,2679,0
3366,2024-06-12,2680,0
3367,2024-01-15,2681,0
3368,2025-01-18,2682,0
3369,2023-09-22,2683,0
3370,2023-09-22,2683,0
3371,2024-06-08,2684,0
3372,2024-01-14,2685,0
3373,2025-01-15,2686,0
3374,2024-09-29,2687,0
3375,2024-09-29,2687,0
3376,,2688,1
3377,2024-09-29,2689,0
3378,2024-09-29,2689,0
3379,2024-09-26,2690,0
3380,2024-09-26,2690,0
3381,2023-09-29,2691,0
3382,2023-09-29,2691,0
3383,2024-06-11,2692,0
3384,2024-01-10,2693,0
3385,2025-01-14,2694,0
3386,,2695,1
3387,2023-09-25,2696,0
3388,2023-09-25,2696,0
3389,2024-06-11,2697,0
3390,2024-01-13,2698,0
3391,2025-01-10,2699,0
3392,2023-09-26,2700,0
3393,2023-09-26,2700,0
3394,2024-06-10,2701,0
3395,2024-01-10,2702,0
3396,2025-01-07,2703,0
3397,2024-09-24,2704,0
3398,2024-09-24,2704,0
3399,2024-09-25,2705,1
3400,2024-09-27,2706,0
3401,2024-09-27,2706,0
3402,2024-01-08,2707,0
3403,2025-01-18,2708,0
3404,2024-10-28,2709,1
3405,2023-09-29,2710,0
3406,2023-09-29,2710,0
3407,2024-06-10,2711,0
3408,2024-01-14,2712,0
3409,,2713,0
3410,2024-10-13,2714,1
3411,2023-09-28,2715,0
3412,2023-09-28,2715,0
3413,2024-06-18,2716,0
3414,2024-01-18,2717,0
3415,2025-01-13,2718,0
3416,2024-06-11,2719,0
3417,2024-01-09,2720,0
3418,2025-01-12,2721,0
3419,2023-09-23,2722,0
3420,2023-09-23,2722,0
3421,2024-06-11,2723,0
3422,2024-01-10,2724,0
3423,2025-01-06,2725,0
3424,2024-06-07,2726,0
3425,2024-01-12,2727,0
3426,,2728,0
3427,2025-01-04,2729,1
3428,2023-09-27,2730,0
3429,2023-09-27,2730,0
3430,2024-06-18,2731,0
3431,2024-01-13,2732,0
3432,2025-01-09,2733,0
3433,2023-09-21,2734,0
3434,2023-09-21,2734,0
3435,2024-06-11,2735,0
3436,2024-01-12,2736,0
3437,2025-01-15,2737,0
3438,2024-06-16,2738,0
3439,2024-01-15,2739,0
3440,2025-01-11,2740,0
3441,2023-09-27,2741,0
3442,2023-09-27,2741,0
3443,2024-06-18,2742,0
3444,2024-01-18,2743,0
3445,2025-01-07,2744,0
3446,2024-06-13,2745,0
3447,2024-01-17,2746,0
3448,2025-01-07,2747,0
3449,2024-10-14,2748,1
3450,2023-09-24,2749,0
3451,2023-09-24,2749,0
3452,2024-06-17,2750,0
3453,2024-01-08,2751,0
3454,2025-01-14,2752,0
3455,2023-09-28,2753,0
3456,2023-09-28,2753,0
3457,2024-06-06,2754,0
3458,2024-01-06,2755,0
3459,2025-01-15,2756,0
3460,2023-09-21,2757,0
3461,2023-09-21,2757,0
3462,2024-06-11,2758,0
3463,2024-01-12,2759,0
3464,2025-01-10,2760,0
3465,2024-09-23,2761,0
3466,2024-09-23,2761,0
3467,2024-06-08,2762,0
3468,2024-01-18,2763,0
3469,2025-01-12,2764,0
3470,2024-09-22,2765,1
3471,2024-09-26,2766,0
3472,2024-09-26,2766,0
3473,2024-09-29,2767,0
3474,2024-09-29,2767,0
3475,2024-10-01,2768,1
3476,2023-09-22,2769,0
3477,2023-09-22,2769,0
3478,2024-06-07,2770,0
3479,2024-01-11,2771,0
3480,2025-01-17,2772,0
3481,2024-09-21,2773,0
3482,2024-09-21,2773,0
3483,2024-06-13,2774,0
3484,2024-01-12,2775,0
3485,2025-01-15,2776,0
3486,,2777,1
3487,2024-12-22,2778,1
3488,2024-09-30,2779,1
3489,2023-09-28,2780,0
3490,2023-09-28,2780,0
3491,2024-06-16,2781,0
3492,2024-01-18,2782,0
3493,2025-01-16,2783,0
3494,2024-09-27,2784,0
3495,2024-09-27,2784,0
3496,2024-09-23,2785,0
3497,2024-09-23,2785,0
3498,2024-10-09,2786,1
3499,,2787,1
3500,2024-09-23,2788,1
3501,2024-10-10,2789,1
3502,2024-09-25,2790,0
3503,2024-09-25,2790,0
3504,2023-09-28,2791,0
3505,2023-09-28,2791,0
3506,2024-06-09,2792,0
3507,2024-01-15,2793,0
3508,2025-01-17,2794,0
3509,2024-09-25,2795,0
3510,2024-09-25,2795,0
3511,2023-09-23,2796,0
3512,2023-09-23,2796,0
3513,2024-06-10,2797,0
3514,2024-01-14,2798,0
3515,2025-01-15,2799,0
3516,,2800,1
3517,,2801,1
3518,2024-10-19,2802,1
3519,,2803,1
3520,2023-09-24,2804,0
3521,2023-09-24,2804,0
3522,2024-06-17,2805,0
3523,2024-01-17,2806,0
3524,,2807,0
3525,2024-09-23,2808,1
3526,2024-10-07,2809,1
3527,2024-09-30,2810,0
3528,2024-09-30,2810,0
3529,,2811,1
3530,2023-09-26,2812,0
3531,2023-09-26,2812,0
3532,2024-06-14,2813,0
3533,2024-01-12,2814,0
3534,2025-01-07,2815,0
3535,,2816,1
3536,2024-10-11,2817,1
3537,2024-10-19,2818,1
3538,2024-09-26,2819,0
3539,2024-09-26,2819,0
3540,2023-09-22,2820,0
3541,2023-09-22,2820,0
3542,2024-06-06,2821,0
3543,2024-01-08,2822,0
3544,2025-01-15,2823,0
3545,2023-09-24,2824,0
3546,2023-09-24,2824,0
3547,2024-06-10,2825,0
3548,2024-01-14,2826,0
3549,2025-01-07,2827,0
3550,2024-10-27,2828,1
3551,2024-09-25,2829,1
3552,2024-09-21,2830,0
3553,2024-09-21,2830,0
3554,,2831,1
3555,,2832,1
3556,2024-10-30,2833,1
3557,2024-10-13,2834,1
3558,2024-10-12,2835,1
3559,2023-09-21,2836,0
3560,2023-09-21,2836,0
3561,2024-06-07,2837,0
3562,2024-01-13,2838,0
3563,2025-01-10,2839,0
3564,2024-10-06,2840,1
3565,,2841,1
3566,,2842,1
3567,2024-10-12,2843,1
3568,2024-12-13,2844,1
3569,2023-09-22,2845,0
3570,2023-09-22,2845,0
3571,2024-06-16,2846,0
3572,2024-01-11,2847,0
3573,2025-01-17,2848,0
3574,2024-10-31,2849,1
3575,2024-09-30,2850,1
3576,2023-09-25,2851,0
3577,2023-09-25,2851,0
3578,2024-06-15,2852,0
3579,2024-01-11,2853,0
3580,2025-01-17,2854,0
3581,2023-09-21,2855,0
3582,2023-09-21,2855,0
3583,2024-06-17,2856,0
3584,2024-01-06,2857,0
3585,2025-01-07,2858,0
3586,2023-09-30,2859,0
3587,2023-09-30,2859,0
3588,2024-06-11,2860,0
3589,2024-01-18,2861,0
3590,2025-01-14,2862,0
3591,,2863,1
3592,,2864,1
3593,2025-01-06,2865,1
3594,,2866,1
3595,2024-09-24,2867,1
3596,2023-09-29,2868,0
3597,2023-09-29,2868,0
3598,2024-06-07,2869,0
3599,2024-01-16,2870,0
3600,2025-01-11,2871,0
3601,2025-01-02,2872,1
3602,,2873,1
3603,2024-09-23,2874,1
3604,2023-09-24,2875,0
3605,2023-09-24,2875,0
3606,2024-06-18,2876,0
3607,2024-01-17,2877,0
3608,2025-01-13,2878,0
3609,2024-09-26,2879,1
3610,2024-09-29,2880,0
3611,2024-09-29,2880,0
3612,2023-09-24,2881,0
3613,2023-09-24,2881,0
3614,2024-06-14,2882,0
3615,2024-01-06,2883,0
3616,2025-01-12,2884,0
3617,2023-09-26,2885,0
3618,2023-09-26,2885,0
3619,2024-06-14,2886,0
3620,2024-01-06,2887,0
3621,2025-01-17,2888,0
3622,2024-10-28,2889,1
3623,2024-10-05,2890,1
3624,,2891,1
3625,,2892,1
3626,,2893,1
3627,,2894,1
3628,2023-09-26,2895,0
3629,2023-09-26,2895,0
3630,2024-06-11,2896,0
3631,2024-01-11,2897,0
3632,2025-01-06,2898,0
3633,2024-12-31,2899,1
3634,2024-12-14,2900,1
3635,2023-09-30,2901,0
3636,2023-09-30,2901,0
3637,2024-06-12,2902,0
3638,2024-01-18,2903,0
3639,2025-01-09,2904,0
3640,2024-09-24,2905,0
3641,2024-09-24,2905,0
3642,2023-09-22,2906,0
3643,2023-09-22,2906,0
3644,2024-06-13,2907,0
3645,2024-01-06,2908,0
3646,2025-01-10,2909,0
3647,2024-09-25,2910,0
3648,2024-09-25,2910,0
3649,2024-09-25,2911,0
3650,2024-09-25,2911,0
3651,2023-09-29,2912,0
3652,2023-09-29,2912,0
3653,2024-06-09,2913,0
3654,2024-01-07,2914,0
3655,2025-01-17,2915,0
3656,2024-10-17,2916,1
3657,,2917,1
3658,2024-12-20,2918,1
3659,,2919,1
3660,,2920,1
3661,2023-09-30,2921,0
3662,2023-09-30,2921,0
3663,2024-06-18,2922,0
3664,2024-01-13,2923,0
3665,,2924,0
3666,,2925,1
3667,2024-10-07,2926,1
3668,2024-09-26,2927,0
3669,2024-09-26,2927,0
3670,,2928,1
3671,2023-09-26,2929,0
3672,2023-09-26,2929,0
3673,2024-06-11,2930,0
3674,2024-01-17,2931,0
3675,2025-01-18,2932,0
3676,,2933,1
3677,2024-10-16,2934,1
3678,,2935,1
3679,2023-09-27,2936,0
3680,2023-09-27,2936,0
3681,2024-06-12,2937,0
3682,2024-01-09,2938,0
3683,2025-01-14,2939,0
3684,2024-10-14,2940,1
3685,2024-12-25,2941,1
3686,2024-09-29,2942,0
3687,2024-09-29,2942,0
3688,2024-12-19,2943,1
3689,,2944,1
3690,2024-09-22,2945,0
3691,2024-09-22,2945,0
3692,2024-09-29,2946,0
3693,2024-09-29,2946,0
3694,,2947,1
3695,2024-10-11,2948,1
3696,2023-09-26,2949,0
3697,2023-09-26,2949,0
3698,2024-06-13,2950,0
3699,2024-01-07,2951,0
3700,2025-01-13,2952,0
3701,2023-09-29,2953,0
3702,2023-09-29,2953,0
3703,2024-06-17,2954,0
3704,2024-01-12,2955,0
3705,2025-01-11,2956,0
3706,2024-09-26,2957,0
3707,2024-09-26,2957,0
3708,,2958,1
3709,2024-10-13,2959,1
3710,2024-09-22,2960,0
3711,2024-09-22,2960,0
3712,2024-12-24,2961,1
3713,,2962,1
3714,2024-09-21,2963,0
3715,2024-09-21,2963,0
3716,2024-09-21,2964,0
3717,2024-09-21,2964,0
3718,2023-09-30,2965,0
3719,2023-09-30,2965,0
3720,2024-06-17,2966,0
3721,2024-01-09,2967,0
3722,2025-01-17,2968,0
3723,2024-09-30,2969,0
3724,2024-09-30,2969,0
3725,2024-09-28,2970,0
3726,2024-09-28,2970,0
3727,2024-10-12,2971,1
3728,2024-09-26,2972,0
3729,2024-09-26,2972,0
3730,2024-09-24,2973,0
3731,2024-09-24,2973,0
3732,2024-12-28,2974,1
3733,2024-09-29,2975,0
3734,2024-09-29,2975,0
3735,2024-06-09,2976,0
3736,2024-01-10,2977,0
3737,2025-01-07,2978,0
3738,2023-09-24,2979,0
3739,2023-09-24,2979,0
3740,2024-06-16,2980,0
3741,2024-01-14,2981,0
3742,2025-01-07,2982,0
3743,2024-09-21,2983,0
3744,2024-09-21,2983,0
3745,2024-09-27,2984,1
3746,2023-09-25,2985,0
3747,2023-09-25,2985,0
3748,2024-06-06,2986,0
3749,2024-01-14,2987,0
3750,2025-01-13,2988,0
3751,2023-09-26,2989,0
3752,2023-09-26,2989,0
3753,2024-01-18,2990,0
3754,,2991,0
3755,2024-06-18,2992,0
3756,2024-01-12,2993,0
3757,2025-01-10,2994,0
3758,2024-10-30,2995,1
3759,2024-09-25,2996,0
3760,2024-09-25,2996,0
3761,,2997,1
3762,,2998,1
3763,2024-09-23,2999,0
3764,2024-09-23,2999,0
3765,2024-09-25,3000,0
3766,2024-09-25,3000,0
3767,,3001,1
3768,2024-12-31,3002,1
3769,2024-10-18,3003,1
3770,2024-12-25,3004,1
3771,2024-10-30,3005,1
3772,2024-09-30,3006,1
3773,2024-09-22,3007,0
3774,2024-09-22,3007,0
3775,2024-10-25,3008,1
3776,2023-09-21,3009,0
3777,2023-09-21,3009,0
3778,2024-06-17,3010,0
3779,2024-01-15,3011,0
3780,2025-01-11,3012,0
3781,2024-10-06,3013,1
3782,2023-09-27,3014,0
3783,2023-09-27,3014,0
3784,2024-06-10,3015,0
3785,2024-01-18,3016,0
3786,2025-01-09,3017,0
3787,2024-10-11,3018,1
3788,2023-09-22,3019,0
3789,2023-09-22,3019,0
3790,2024-06-17,3020,0
3791,2024-01-11,3021,0
3792,2025-01-11,3022,0
3793,2023-09-23,3023,0
3794,2023-09-23,3023,0
3795,2024-01-09,3024,0
3796,2025-01-14,3025,0
3797,2024-06-08,3026,0
3798,2024-01-18,3027,0
3799,2025-01-07,3028,0
3800,2024-12-24,3029,1
3801,2023-09-30,3030,0
3802,2023-09-30,3030,0
3803,2024-06-12,3031,0
3804,2024-01-12,3032,0
3805,2025-01-14,3033,0
3806,2024-01-08,3034,0
3807,2025-01-14,3035,0
3808,2025-01-02,3036,1
3809,,3037,1
3810,,3038,1
3811,2024-10-19,3039,1
3812,,3040,1
3813,2024-09-26,3041,0
3814,2024-09-26,3041,0
3815,2024-09-21,3042,0
3816,2024-09-21,3042,0
3817,2024-09-21,3043,0
3818,2024-09-21,3043,0
3819,2024-12-20,3044,1
3820,2024-12-26,3045,1
3821,,3046,1
3822,2024-09-28,3047,1
3823,2025-01-06,3048,1
3824,2024-10-13,3049,1
3825,2024-09-27,3050,1
3826,,3051,1
3827,2024-10-06,3052,1
3828,2024-10-01,3053,1
3829,2024-09-21,3054,0
3830,2024-09-21,3054,0
3831,2025-01-05,3055,1
3832,2023-09-28,3056,0
3833,2023-09-28,3056,0
3834,2024-06-07,3057,0
3835,2024-01-07,3058,0
3836,2025-01-16,3059,0
3837,2024-10-12,3060,1
3838,2023-09-24,3061,0
3839,2023-09-24,3061,0
3840,2024-06-06,3062,0
3841,2024-01-13,3063,0
3842,2025-01-16,3064,0
3843,2024-10-05,3065,1
3844,2024-09-29,3066,0
3845,2024-09-29,3066,0
3846,,3067,1
3847,2023-09-30,3068,0
3848,2023-09-30,3068,0
3849,2024-06-14,3069,0
3850,2024-01-10,3070,0
3851,2025-01-14,3071,0
3852,2024-09-21,3072,0
3853,2024-09-21,3072,0
3854,2024-06-14,3073,0
3855,2024-01-13,3074,0
3856,2025-01-07,3075,0
3857,,3076,1
3858,2024-10-10,3077,1
3859,2024-09-24,3078,0
3860,2024-09-24,3078,0
3861,2024-09-21,3079,0
3862,2024-09-21,3079,0
3863,2024-09-24,3080,0
3864,2024-09-24,3080,0
3865,,3081,1
3866,,3082,1
3867,,3083,1
3868,2023-09-27,3084,0
3869,2023-09-27,3084,0
3870,2024-06-09,3085,0
3871,2024-01-10,3086,0
3872,2025-01-17,3087,0
3873,2024-09-28,3088,1
3874,2023-09-26,3089,0
3875,2023-09-26,3089,0
3876,2024-06-18,3090,0
3877,2024-01-07,3091,0
3878,2025-01-13,3092,0
3879,2024-09-23,3093,0
3880,2024-09-23,3093,0
3881,2024-01-15,3094,0
3882,2025-01-07,3095,0
3883,2024-10-01,3096,0
3884,2024-06-25,3097,0
3885,2024-06-13,3098,0
3886,2023-12-21,3099,0
3887,2023-10-09,3100,0
3888,2024-01-26,3101,0
3889,2024-01-24,3102,0
3890,2024-03-01,3103,0
3891,2024-06-19,3104,0
3892,2023-11-30,3105,0
3893,2024-04-07,3106,0
3894,2024-12-21,3107,0
3895,2024-11-07,3108,0
3896,2024-11-01,3109,0
3897,2024-01-28,3110,0
3898,2024-01-06,3111,0
3899,2024-06-16,3112,0
3900,2024-12-15,3113,0
3901,2023-12-06,3114,0
3902,2024-06-22,3115,0
