1019,Dyrektor główny
1022,Księgowy
1026,Księgowy
1064,Administrator danych
1067,Pracownik administracji
1001,Prowadzący zajęcia
1002,Prowadzący zajęcia
1003,Prowadzący zajęcia
1004,Prowadzący zajęcia
1005,Prowadzący zajęcia
1006,Prowadzący zajęcia
1007,Prowadzący zajęcia
1008,Prowadzący zajęcia
1009,Prowadzący zajęcia
1010,Prowadzący zajęcia
1011,Prowadzący zajęcia
1012,Prowadzący zajęcia
1013,Prowadzący zajęcia
1014,Prowadzący zajęcia
1015,Prowadzący zajęcia
1016,Prowadzący zajęcia
1017,Prowadzący zajęcia
1018,Prowadzący zajęcia
1020,Prowadzący zajęcia
1021,Prowadzący zajęcia
1023,Prowadzący zajęcia
1024,Prowadzący zajęcia
1025,Prowadzący zajęcia
1027,Prowadzący zajęcia
1028,Prowadzący zajęcia
1029,Prowadzący zajęcia
1030,Prowadzący zajęcia
1031,Prowadzący zajęcia
1032,Prowadzący zajęcia
1033,Prowadzący zajęcia
1034,Prowadzący zajęcia
1035,Prowadzący zajęcia
1036,Prowadzący zajęcia
1037,Prowadzący zajęcia
1038,Prowadzący zajęcia
1039,Prowadzący zajęcia
1040,Prowadzący zajęcia
1041,Prowadzący zajęcia
1042,Prowadzący zajęcia
1043,Prowadzący zajęcia
1044,Prowadzący zajęcia
1045,Prowadzący zajęcia
1046,Prowadzący zajęcia
1047,Prowadzący zajęcia
1048,Prowadzący zajęcia
1049,Prowadzący zajęcia
1050,Prowadzący zajęcia
1051,Prowadzący zajęcia
1052,Prowadzący zajęcia
1053,Prowadzący zajęcia
1054,Prowadzący zajęcia
1055,Prowadzący zajęcia
1056,Prowadzący zajęcia
1057,Prowadzący zajęcia
1058,Prowadzący zajęcia
1059,Prowadzący zajęcia
1060,Prowadzący zajęcia
1061,Prowadzący zajęcia
1062,Prowadzący zajęcia
1063,Prowadzący zajęcia
1065,Prowadzący zajęcia
1066,Prowadzący zajęcia
1068,Prowadzący zajęcia
1069,Prowadzący zajęcia
1070,Prowadzący zajęcia
1071,Prowadzący zajęcia
1072,Prowadzący zajęcia
1073,Prowadzący zajęcia
1074,Prowadzący zajęcia
1075,Prowadzący zajęcia
1076,Prowadzący zajęcia
1077,Prowadzący zajęcia
1078,Prowadzący zajęcia
1079,Prowadzący zajęcia
1080,Prowadzący zajęcia
1081,Prowadzący zajęcia
1082,Prowadzący zajęcia
1083,Prowadzący zajęcia
1084,Prowadzący zajęcia
1085,Prowadzący zajęcia
1086,Prowadzący zajęcia
1087,Prowadzący zajęcia
1088,Prowadzący zajęcia
1089,Prowadzący zajęcia
1090,Prowadzący zajęcia
1091,Prowadzący zajęcia
1092,Prowadzący zajęcia
1093,Prowadzący zajęcia
1094,Prowadzący zajęcia
1095,Prowadzący zajęcia
1096,Prowadzący zajęcia
1097,Prowadzący zajęcia
1098,Prowadzący zajęcia
1099,Prowadzący zajęcia
1100,Prowadzący zajęcia
