1000,Leon,Jaszcz,1991-08-08,Polska,Płock,al. Skargi 71/29,leon_jaszcz@outlook.com,+48 534 952 116
1001,Kornel,Szpyt,1997-09-25,Polska,Lubin,ulica Ściegiennego 40,kornel8996szpyt@wp.pl,+48 608 200 071
1002,Radosław,Denkiewicz,1994-08-30,Polska,Jaworzno,aleja Pocztowa 370,denkiewicz_radosaw@gmail.com,+48 511 476 621
1003,Karina,Kruzel,2006-08-23,Polska,Będzin,plac Długosza 34,karina7704kruzel.7704@interia.pl,+48 788 829 371
1004,Ewelina,Buszta,2004-03-11,Polska,Malbork,plac Jagiellońska 83/25,ewelina6449buszta@gmail.com,+48 512 643 103
1005,Rafał,Flisiak,2006-11-27,Polska,Piła,pl. Cicha 06,rafa.flisiak@gmail.com,+48 662 360 525
1006,Sandra,Dorawa,2004-10-01,Polska,Ostrów Mazowiecka,aleja Brzoskwiniowa 92/23,dorawa-sandra@interia.pl,+48 537 868 902
1007,Krystian,Zwara,1998-06-15,Polska,Kutno,ul. Kołłątaja 84/12,krystian9227zwara.9227@gmail.com,+48 739 663 096
1008,Agnieszka,Drozdowicz,2002-12-18,Polska,Reda,al. Wieniawskiego 15,drozdowicz_agnieszka8800@gmail.com,+48 732 345 772
1009,Marianna,Zadka,2005-11-18,Polska,Dzierżoniów,ulica Daszyńskiego 77/36,zadka.marianna2018@yahoo.com,+48 663 306 939
1010,Jędrzej,Lenik,2002-07-01,Polska,Elbląg,ul. Pocztowa 55,lenik_jedrzej@gmail.com,+48 22 839 46 67
1011,Aurelia,Lalak,2002-02-09,Polska,Września,ulica Zakole 743,lalak-aurelia5318@interia.pl,+48 783 381 824
1012,Jędrzej,Kornek,1976-07-09,Polska,Łowicz,aleja Sokola 943,jedrzej2062kornek@outlook.com,+48 537 450 451
1013,Lidia,Niedośpiał,2005-09-02,Polska,Skierniewice,ulica Krokusowa 42,lidia.niedospia@wp.pl,+48 519 418 192
1014,Maurycy,Romankiewicz,2003-12-02,Polska,Iława,pl. Orla 03/19,romankiewicz.maurycy@gmail.com,+48 602 830 125
1015,Kornelia,Wojtasiewicz,1994-04-18,Polska,Będzin,plac Środkowa 69/47,kornelia7234wojtasiewicz.7234@yahoo.com,+48 660 243 248
1016,Jacek,Karłowicz,2002-05-25,Polska,Nysa,ul. Kolejowa 47,karowicz-jacek9713@gmail.com,+48 22 701 14 43
1017,Sandra,Bąbel,1991-03-23,Polska,Kętrzyn,al. Ceglana 161,sandra8692babel@gmail.com,+48 507 054 579
1018,Alex,Dylak,1999-11-11,Polska,Police,plac Piekarska 79/44,dylak.alex7865@yahoo.com,+48 731 171 448
1019,Wojciech,Lindner,2005-12-23,Polska,Zawiercie,plac Wybickiego 10/48,wojciech1132lindner_1132@outlook.com,+48 696 406 580
1020,Olgierd,Chorążewicz,1994-10-18,Polska,Nysa,al. Gdańska 132,olgierd8085chorazewicz@interia.pl,+48 725 595 328
1021,Ignacy,Piątkiewicz,2002-06-21,Polska,Stargard Szczeciński,plac Wesoła 29/29,ignacy5489piatkiewicz_5489@wp.pl,+48 690 721 871
1022,Sylwia,Płoskonka,2001-12-09,Polska,Legionowo,aleja Wczasowa 976,sylwia9340poskonka@gmail.com,+48 660 829 117
1023,Jerzy,Jośko,2002-02-20,Polska,Ostrowiec Świętokrzyski,aleja Chmielna 44,jerzy9506josko.9506@interia.pl,+48 885 958 688
1024,Mikołaj,Puto,1979-01-08,Polska,Pabianice,pl. Żeromskiego 50/85,puto.mikoaj@wp.pl,+48 32 246 95 41
1025,Marek,Szymula,2003-05-12,Polska,Jastrzębie-Zdrój,aleja Rajska 24/81,marek8402szymula-8402@yahoo.com,+48 668 904 257
1026,Tomasz,Rembacz,1987-01-28,Polska,Myszków,ulica Wschodnia 80/08,tomasz.rembacz@gmail.com,+48 786 710 001
1027,Angelika,Szczypek,1982-01-30,Polska,Tarnobrzeg,ulica Okrężna 67/08,szczypek-angelika@gmail.com,+48 537 433 761
1028,Mieszko,Tlałka,2002-01-25,Polska,Kościan,plac Warszawska 99,mieszko4059tlaka@outlook.com,+48 609 562 256
1029,Justyna,Nalewajko,1998-03-13,Polska,Bochnia,al. Miła 857,nalewajko-justyna8090@wp.pl,+48 792 145 595
1030,Sebastian,Gągała,2001-12-16,Polska,Reda,pl. Kalinowa 967,sebastian2489gagaa@wp.pl,+48 510 806 766
1031,Julianna,Macek,1980-05-23,Polska,Zakopane,ulica Drzymały 05/75,macek_julianna9039@gmail.com,+48 576 025 695
1032,Tomasz,Kojder,2004-05-22,Polska,Piła,ulica Sadowa 819,tomasz1160kojder.1160@wp.pl,+48 667 938 468
1033,Cezary,Rzeźniczak,1988-08-23,Polska,Oleśnica,ul. Kasztanowa 36,cezary-rzezniczak@interia.pl,+48 690 445 551
1034,Adam,Mućka,1996-10-25,Polska,Kielce,ul. Rycerska 39/58,adam.mucka@gmail.com,+48 888 318 802
1035,Maks,Dorna,1996-07-05,Polska,Piastów,ul. Sawickiej 05,maks7527dorna_7527@interia.pl,+48 606 220 892
1036,Kornel,Dubis,1975-03-27,Polska,Sieradz,aleja Borówkowa 30/50,kornel100dubis.100@yahoo.com,+48 603 755 346
1037,Anita,Łodyga,2002-09-24,Polska,Bielawa,aleja Nowa 53,anita7081odyga@gmail.com,+48 885 921 211
1038,Fabian,Szatanik,2004-04-29,Polska,Ciechanów,al. Gajowa 87,fabian5202szatanik@yahoo.com,+48 884 336 557
1039,Ernest,Wilma,2002-02-25,Polska,Suwałki,ulica Konstytucji 3 Maja 24,wilma-ernest@wp.pl,+48 692 024 202
1040,Julita,Kremer,1979-04-12,Polska,Myszków,ul. Morska 199,kremer.julita@gmail.com,+48 787 838 615
1041,Julianna,Kumorek,1995-04-29,Polska,Kościan,ulica Matejki 11,julianna4160kumorek-4160@yahoo.com,+48 502 262 507
1042,Róża,Kalarus,1995-12-20,Polska,Iława,al. Szewska 64,roza8010kalarus@yahoo.com,+48 22 388 55 83
1043,Ernest,Glonek,1975-03-11,Polska,Świebodzice,aleja Długa 421,glonek.ernest4476@interia.pl,+48 662 704 354
1044,Jerzy,Wardziak,2000-04-20,Polska,Toruń,plac Niecała 093,jerzy_wardziak@wp.pl,+48 510 364 562
1045,Konrad,Wichłacz,1999-03-28,Polska,Toruń,al. Jastrzębia 07,konrad.wichacz@yahoo.com,+48 735 388 304
1046,Adrian,Niechciał,1996-09-11,Polska,Łaziska Górne,ul. Morska 514,adrian109niechcia_109@yahoo.com,+48 780 401 328
1047,Monika,Bisaga,2001-07-06,Polska,Żory,pl. Dworcowa 49,monika5185bisaga@wp.pl,+48 538 379 749
1048,Piotr,Sady,2003-03-09,Polska,Malbork,ulica Strzelecka 40/94,sady_piotr9888@yahoo.com,+48 668 117 307
1049,Kornelia,Procek,2001-10-20,Polska,Piaseczno,plac Zielona 906,kornelia_procek@interia.pl,+48 501 186 272
1050,Natasza,Letkiewicz,1996-06-19,Polska,Zielona Góra,aleja Wrocławska 67/90,natasza3150letkiewicz@gmail.com,+48 533 711 019
1051,Anastazja,Kordus,2000-03-10,Polska,Sandomierz,ulica Toruńska 57/78,anastazja.kordus@gmail.com,+48 605 539 670
1052,Julianna,Goss,1970-04-13,Polska,Pszczyna,ulica Sawickiej 70/70,julianna7210goss.7210@gmail.com,+48 737 663 966
1053,Fabian,Rubaj,1998-10-11,Polska,Dzierżoniów,ulica Dworska 013,fabian-rubaj@wp.pl,+48 720 315 250
1054,Grzegorz,Gajownik,2005-01-22,Polska,Łaziska Górne,pl. Jagodowa 79,gajownik-grzegorz@interia.pl,+48 32 266 15 35
1055,Anastazja,Welc,2002-03-09,Polska,Lubliniec,plac Konopnickiej 38/71,welc.anastazja5685@gmail.com,+48 887 896 844
1056,Jan,Gietka,1998-07-31,Polska,Cieszyn,aleja Kosynierów 37/80,jan_gietka@wp.pl,+48 22 223 49 39
1057,Przemysław,Kolbusz,1970-03-09,Polska,Kędzierzyn-Koźle,al. Harcerska 404,przemysaw-kolbusz@interia.pl,+48 697 975 281
1058,Urszula,Juras,1998-04-15,Polska,Śrem,al. Azaliowa 40/04,juras.urszula9464@interia.pl,+48 722 060 162
1059,Nikodem,Graban,2002-09-08,Polska,Żory,plac Wysoka 78,graban.nikodem1763@wp.pl,+48 574 184 422
1060,Nicole,Hanusiak,2004-07-30,Polska,Kielce,aleja Zwycięstwa 69,hanusiak.nicole8486@wp.pl,+48 880 774 436
1061,Adrian,Kobryń,2006-12-13,Polska,Skarżysko-Kamienna,aleja Malinowa 04,adrian1021kobryn@gmail.com,+48 510 417 037
1062,Malwina,Domoń,2001-12-27,Polska,Żywiec,aleja Jabłoniowa 06/07,domon-malwina@gmail.com,+48 729 262 901
1063,Ewelina,Strug,2005-11-21,Polska,Czeladź,ulica Narutowicza 72/63,ewelina-strug@gmail.com,+48 722 236 713
1064,Miłosz,Krauza,1999-10-28,Polska,Siedlce,plac Asnyka 676,miosz.krauza@interia.pl,+48 664 450 879
1065,Jędrzej,Wisła,1994-02-24,Polska,Katowice,al. Krótka 165,wisa.jedrzej7413@wp.pl,+48 738 450 872
1066,Apolonia,Grotek,1998-02-18,Polska,Żagań,aleja Nadbrzeżna 32,apolonia2998grotek@gmail.com,+48 731 504 560
1067,Adrian,Myszor,1999-10-10,Polska,Turek,pl. Łanowa 644,adrian7147myszor@interia.pl,+48 795 787 521
1068,Sebastian,Bodzak,1997-01-05,Polska,Wałcz,plac Mokra 23/04,sebastian4359bodzak-4359@interia.pl,+48 531 505 491
1069,Apolonia,Płócienniczak,1998-07-01,Polska,Gniezno,al. Zakątek 184,pocienniczak-apolonia746@wp.pl,+48 604 744 768
1070,Jakub,Bytner,2002-01-16,Polska,Chełm,al. Promienna 398,bytner-jakub846@gmail.com,+48 512 753 832
1071,Damian,Nazar,1995-07-21,Polska,Zgorzelec,aleja Wiklinowa 915,damian5538nazar@wp.pl,+48 32 461 91 96
1072,Cyprian,Midura,2005-03-17,Polska,Nowa Ruda,al. Chopina 388,cyprian-midura@gmail.com,+48 603 530 428
1073,Wojciech,Ryguła,1999-04-20,Polska,Skierniewice,pl. Rzemieślnicza 15,wojciech.rygua@wp.pl,+48 536 085 478
1074,Artur,Szpyrka,1999-08-28,Polska,Sosnowiec,ulica Batalionów Chłopskich 14/49,artur-szpyrka@gmail.com,+48 732 051 712
1075,Tobiasz,Tomaszkiewicz,1977-10-22,Polska,Piaseczno,ulica Miłosza 989,tobiasz9400tomaszkiewicz.9400@outlook.com,+48 537 414 865
1076,Monika,Wudarczyk,2006-10-31,Polska,Pabianice,ul. Działkowa 92,monika6258wudarczyk-6258@gmail.com,+48 698 628 172
1077,Albert,Niksa,1999-05-13,Polska,Malbork,ulica Cegielniana 26,albert-niksa@interia.pl,+48 538 953 227
1078,Eliza,Irzyk,2000-09-01,Polska,Ciechanów,al. Konwaliowa 580,irzyk.eliza@gmail.com,+48 786 821 259
1079,Antoni,Szczypiór,2001-02-23,Polska,Jastrzębie-Zdrój,al. Handlowa 47,szczypior.antoni3402@gmail.com,+48 721 872 828
1080,Witold,Borkowicz,2005-04-03,Polska,Żory,aleja Skośna 058,borkowicz.witold6001@outlook.com,+48 784 703 225
1081,Adam,Kość,1999-10-11,Polska,Oświęcim,plac Dojazdowa 079,adam466kosc.466@gmail.com,+48 600 991 694
1082,Cyprian,Wałek,2004-01-19,Polska,Lubliniec,plac Ptasia 046,cyprian9361waek-9361@outlook.com,+48 577 540 588
1083,Eliza,Kościelak,1999-04-20,Polska,Oława,plac Czarnieckiego 216,koscielak_eliza1616@outlook.com,+48 22 611 61 60
1084,Aurelia,Parda,1991-12-27,Polska,Sosnowiec,aleja Sarnia 36,aurelia_parda@interia.pl,+48 885 573 359
1085,Maks,Poleszak,2001-07-15,Polska,Goleniów,ulica Wysoka 06/60,maks172poleszak@wp.pl,+48 789 497 238
1086,Karol,Bork,1999-01-19,Polska,Skierniewice,ul. Lipca 43/03,karol3597bork.3597@gmail.com,+48 517 827 184
1087,Konrad,Frankowicz,1997-04-20,Polska,Szczecinek,plac Łąkowa 95,frankowicz.konrad@interia.pl,+48 32 944 78 41
1088,Natan,Żynda,2001-08-14,Polska,Przemyśl,ulica Daleka 44,natan6896zynda@gmail.com,+48 601 532 334
1089,Robert,Drynda,2000-07-04,Polska,Czerwionka-Leszczyny,pl. Tysiąclecia 83/78,robert-drynda@wp.pl,+48 517 285 892
1090,Maciej,Cyroń,1999-07-05,Polska,Bydgoszcz,aleja Grabowa 886,cyron-maciej@yahoo.com,+48 536 605 544
1091,Hubert,Piaseczna,1974-06-10,Polska,Tarnów,ulica Słowackiego 57,piaseczna_hubert@wp.pl,+48 512 594 765
1092,Przemysław,Boryczko,1975-11-04,Polska,Zgierz,al. Szeroka 58,przemysaw-boryczko@wp.pl,+48 609 447 473
1093,Ryszard,Szylar,2002-01-28,Polska,Jastrzębie-Zdrój,pl. Dojazdowa 663,szylar.ryszard8620@wp.pl,+48 690 581 625
1094,Fabian,Malon,2002-09-05,Polska,Bielawa,aleja Pogodna 11,malon-fabian4208@gmail.com,+48 22 630 46 48
1095,Emil,Zwara,1997-08-27,Polska,Ząbki,pl. Jana III Sobieskiego 552,zwara-emil@wp.pl,+48 605 553 003
1096,Maksymilian,Cal,2001-07-12,Polska,Reda,pl. Batalionów Chłopskich 39/22,maksymilian6073cal_6073@wp.pl,+48 794 558 925
1097,Ernest,Haponiuk,1998-08-03,Polska,Gdynia,ul. Drzymały 126,ernest124haponiuk-124@gmail.com,+48 509 024 082
1098,Liwia,Ośka,2003-06-04,Polska,Płock,al. Miła 630,liwia_oska@wp.pl,+48 881 279 108
1099,Krystyna,Waluk,1988-05-04,Polska,Cieszyn,aleja Poprzeczna 66/44,waluk-krystyna@yahoo.com,+48 32 762 16 37
